           -200              0           -200      -0.066198       0.517172              0              0              0              0
           -200              0       -187.097     -0.0677656       0.529419              0              0              0              0
           -200              0       -174.194     -0.0693797       0.542029              0              0              0              0
           -200              0        -161.29       -0.07114       0.555781              0              0              0              0
           -200              0       -148.387     -0.0730572        0.57076              0              0              0              0
           -200              0       -135.484     -0.0750489        0.58632              0              0              0              0
           -200              0       -122.581     -0.0770532       0.601978              0              0              0              0
           -200              0       -109.677     -0.0790012       0.617197              0              0              0              0
           -200              0       -96.7742     -0.0809062        0.63208              0              0              0              0
           -200              0        -83.871     -0.0828252       0.647072              0              0              0              0
           -200              0       -70.9677     -0.0847329       0.661976              0              0              0              0
           -200              0       -58.0645     -0.0865925       0.676504    1.44563e-39              0    1.44563e-39              0
           -200              0       -45.1613     -0.0882459       0.689421    4.91361e-38              0    4.91361e-38              0
           -200              0       -32.2581     -0.0897676        0.70131    8.86321e-37              0    8.86321e-37              0
           -200              0       -19.3548     -0.0910605        0.71141    9.17653e-36              0    9.17653e-36              0
           -200              0       -6.45161     -0.0916786       0.716239    5.24046e-35              0    5.24046e-35              0
           -200              0        6.45161     -0.0920125       0.718848    1.76721e-34              0    1.76721e-34              0
           -200              0        19.3548     -0.0922416       0.720638    3.73338e-34              0    3.73338e-34              0
           -200              0        32.2581     -0.0920968       0.719506    5.03539e-34              0    5.03539e-34              0
           -200              0        45.1613     -0.0915963       0.715596    4.43589e-34              0    4.43589e-34              0
           -200              0        58.0645     -0.0908462       0.709736    2.67813e-34              0    2.67813e-34              0
           -200              0        70.9677     -0.0898506       0.701958    1.11862e-34              0    1.11862e-34              0
           -200              0         83.871     -0.0885984       0.692175    3.25961e-35              0    3.25961e-35              0
           -200              0        96.7742     -0.0871038       0.680499    6.69316e-36              0    6.69316e-36              0
           -200              0        109.677     -0.0854004        0.66719     1.0125e-36              0     1.0125e-36              0
           -200              0        122.581     -0.0836121       0.653219     1.1353e-37              0     1.1353e-37              0
           -200              0        135.484     -0.0817909       0.638991    9.65043e-39              0    9.65043e-39              0
           -200              0        148.387     -0.0799297       0.624451    2.47922e-40              0    2.47922e-40              0
           -200              0         161.29     -0.0780625       0.609863              0              0              0              0
           -200              0        174.194      -0.076238       0.595609              0              0              0              0
           -200              0        187.097     -0.0745017       0.582044              0              0              0              0
           -200              0            200     -0.0728345        0.56902              0              0              0              0
       -187.097              0           -200     -0.0671814       0.524855              0              0              0              0
       -187.097              0       -187.097     -0.0689182       0.538423              0              0              0              0
       -187.097              0       -174.194     -0.0707505       0.552739              0              0              0              0
       -187.097              0        -161.29     -0.0727603        0.56844              0              0              0              0
       -187.097              0       -148.387     -0.0749734        0.58573              0              0              0              0
       -187.097              0       -135.484     -0.0773376         0.6042              0              0              0              0
       -187.097              0       -122.581     -0.0797795       0.623278              0              0              0              0
       -187.097              0       -109.677     -0.0822248       0.642381              0              0              0              0
       -187.097              0       -96.7742     -0.0846389       0.661241    4.63282e-40              0    4.63282e-40              0
       -187.097              0        -83.871     -0.0870527       0.680099    1.50434e-37              0    1.50434e-37              0
       -187.097              0       -70.9677     -0.0894796        0.69906    1.21275e-35              0    1.21275e-35              0
       -187.097              0       -58.0645     -0.0918668       0.717709    5.15151e-34              0    5.15151e-34              0
       -187.097              0       -45.1613     -0.0940536       0.734794    1.25499e-32              0    1.25499e-32              0
       -187.097              0       -32.2581     -0.0960111       0.750086    1.72807e-31              0    1.72807e-31              0
       -187.097              0       -19.3548     -0.0977112       0.763369     1.3982e-30              0     1.3982e-30              0
       -187.097              0       -6.45161     -0.0985729       0.770101    6.04422e-30              0    6.04422e-30              0
       -187.097              0        6.45161     -0.0990597       0.773904    1.51875e-29              0    1.51875e-29              0
       -187.097              0        19.3548     -0.0993587        0.77624    2.42547e-29              0    2.42547e-29              0
       -187.097              0        32.2581     -0.0991501        0.77461    2.48632e-29              0    2.48632e-29              0
       -187.097              0        45.1613     -0.0984959       0.769499     1.7344e-29              0     1.7344e-29              0
       -187.097              0        58.0645     -0.0974801       0.761563    8.47471e-30              0    8.47471e-30              0
       -187.097              0        70.9677     -0.0961212       0.750947    2.91333e-30              0    2.91333e-30              0
       -187.097              0         83.871     -0.0943808        0.73735    7.08023e-31              0    7.08023e-31              0
       -187.097              0        96.7742     -0.0923492       0.721478    1.23112e-31              0    1.23112e-31              0
       -187.097              0        109.677     -0.0901746       0.704489    1.61369e-32              0    1.61369e-32              0
       -187.097              0        122.581      -0.087946       0.687078    1.59322e-33              0    1.59322e-33              0
       -187.097              0        135.484     -0.0856812       0.669384     1.2132e-34              0     1.2132e-34              0
       -187.097              0        148.387     -0.0834022        0.65158    7.43474e-36              0    7.43474e-36              0
       -187.097              0         161.29     -0.0811789        0.63421    3.55708e-37              0    3.55708e-37              0
       -187.097              0        174.194     -0.0790625       0.617676    1.42483e-38              0    1.42483e-38              0
       -187.097              0        187.097     -0.0770571       0.602009              0              0              0              0
       -187.097              0            200      -0.075153       0.587133              0              0              0              0
       -174.194              0           -200     -0.0680885       0.531941              0              0              0              0
       -174.194              0       -187.097     -0.0699958       0.546842              0              0              0              0
       -174.194              0       -174.194     -0.0720733       0.563073              0              0              0              0
       -174.194              0        -161.29     -0.0743856       0.581138              0              0              0              0
       -174.194              0       -148.387     -0.0769232       0.600963              0              0              0              0
       -174.194              0       -135.484     -0.0797191       0.622805              0              0              0              0
       -174.194              0       -122.581     -0.0827156       0.646215    1.88705e-39              0    1.88705e-39              0
       -174.194              0       -109.677     -0.0858328       0.670569    1.52884e-36              0    1.52884e-36              0
       -174.194              0       -96.7742      -0.088966       0.695047    4.13026e-34              0    4.13026e-34              0
       -174.194              0        -83.871     -0.0920693       0.719291    5.46433e-32              0    5.46433e-32              0
       -174.194              0       -70.9677     -0.0951924        0.74369    3.22774e-30              0    3.22774e-30              0
       -174.194              0       -58.0645     -0.0983379       0.768265     1.0338e-28              0     1.0338e-28              0
       -174.194              0       -45.1613      -0.101334       0.791672    1.89533e-27              0    1.89533e-27              0
       -174.194              0       -32.2581      -0.104003       0.812525     1.9646e-26              0     1.9646e-26              0
       -174.194              0       -19.3548      -0.106311       0.830553    1.22302e-25              0    1.22302e-25              0
       -174.194              0       -6.45161      -0.107458       0.839515     3.8667e-25              0     3.8667e-25              0
       -174.194              0        6.45161      -0.108144       0.844877    7.17357e-25              0    7.17357e-25              0
       -174.194              0        19.3548      -0.108515       0.847773    8.57782e-25              0    8.57782e-25              0
       -174.194              0        32.2581      -0.108154       0.844951    6.88063e-25              0    6.88063e-25              0
       -174.194              0        45.1613      -0.107215       0.837618     3.8654e-25              0     3.8654e-25              0
       -174.194              0        58.0645      -0.105761       0.826255    1.56689e-25              0    1.56689e-25              0
       -174.194              0        70.9677      -0.103746       0.810519    4.53899e-26              0    4.53899e-26              0
       -174.194              0         83.871      -0.101304        0.79144    9.50696e-27              0    9.50696e-27              0
       -174.194              0        96.7742     -0.0985769       0.770132     1.4534e-27              0     1.4534e-27              0
       -174.194              0        109.677     -0.0957443       0.748002    1.71372e-28              0    1.71372e-28              0
       -174.194              0        122.581     -0.0928478       0.725373    1.54132e-29              0    1.54132e-29              0
       -174.194              0        135.484     -0.0899333       0.702604    1.08797e-30              0    1.08797e-30              0
       -174.194              0        148.387     -0.0871211       0.680634    6.23462e-32              0    6.23462e-32              0
       -174.194              0         161.29     -0.0844519        0.65978    2.76839e-33              0    2.76839e-33              0
       -174.194              0        174.194     -0.0819285       0.640067     1.0341e-34              0     1.0341e-34              0
       -174.194              0        187.097     -0.0795822       0.621736    3.17778e-36              0    3.17778e-36              0
       -174.194              0            200     -0.0773931       0.604634    8.18185e-38              0    8.18185e-38              0
        -161.29              0           -200     -0.0689054       0.538324              0              0              0              0
        -161.29              0       -187.097      -0.071003       0.554711              0              0              0              0
        -161.29              0       -174.194     -0.0733307       0.572896              0              0              0              0
        -161.29              0        -161.29     -0.0759721       0.593532              0              0              0              0
        -161.29              0       -148.387     -0.0789413       0.616729    3.01998e-40              0    3.01998e-40              0
        -161.29              0       -135.484     -0.0822075       0.642246    9.77556e-37              0    9.77556e-37              0
        -161.29              0       -122.581     -0.0858599        0.67078     1.2088e-33              0     1.2088e-33              0
        -161.29              0       -109.677     -0.0898976       0.702325    6.19139e-31              0    6.19139e-31              0
        -161.29              0       -96.7742     -0.0941258       0.735358     1.1772e-28              0     1.1772e-28              0
        -161.29              0        -83.871     -0.0983144       0.768082    1.10853e-26              0    1.10853e-26              0
        -161.29              0       -70.9677      -0.102496       0.800752    4.84637e-25              0    4.84637e-25              0
        -161.29              0       -58.0645      -0.106758       0.834049    1.17508e-23              0    1.17508e-23              0
        -161.29              0       -45.1613      -0.110884       0.866285    1.58516e-22              0    1.58516e-22              0
        -161.29              0       -32.2581      -0.114629       0.895541    1.23511e-21              0    1.23511e-21              0
        -161.29              0       -19.3548      -0.117921       0.921257    5.58733e-21              0    5.58733e-21              0
        -161.29              0       -6.45161      -0.119491       0.933527     1.2575e-20              0     1.2575e-20              0
        -161.29              0        6.45161      -0.120459       0.941082     1.7286e-20              0     1.7286e-20              0
        -161.29              0        19.3548       -0.12094       0.944844     1.5741e-20              0     1.5741e-20              0
        -161.29              0        32.2581      -0.120288       0.939746    1.00019e-20              0    1.00019e-20              0
        -161.29              0        45.1613      -0.118797       0.928099    4.70306e-21              0    4.70306e-21              0
        -161.29              0        58.0645      -0.116627        0.91115    1.64232e-21              0    1.64232e-21              0
        -161.29              0        70.9677      -0.113608       0.887566    4.18489e-22              0    4.18489e-22              0
        -161.29              0         83.871      -0.109976       0.859184    7.90772e-23              0    7.90772e-23              0
        -161.29              0        96.7742      -0.106179        0.82952    1.11669e-23              0    1.11669e-23              0
        -161.29              0        109.677      -0.102291       0.799147    1.23655e-24              0    1.23655e-24              0
        -161.29              0        122.581     -0.0983919       0.768687    1.05607e-25              0    1.05607e-25              0
        -161.29              0        135.484     -0.0946435       0.739402    7.10414e-27              0    7.10414e-27              0
        -161.29              0        148.387     -0.0911269       0.711929    3.83726e-28              0    3.83726e-28              0
        -161.29              0         161.29     -0.0878369       0.686226    1.58176e-29              0    1.58176e-29              0
        -161.29              0        174.194     -0.0848015       0.662511    5.51772e-31              0    5.51772e-31              0
        -161.29              0        187.097     -0.0820275        0.64084    1.56904e-32              0    1.56904e-32              0
        -161.29              0            200     -0.0795305       0.621332    3.73999e-34              0    3.73999e-34              0
       -148.387              0           -200     -0.0696076       0.543809              0              0              0              0
       -148.387              0       -187.097     -0.0718703       0.561487              0              0              0              0
       -148.387              0       -174.194     -0.0745018       0.582045              0              0              0              0
       -148.387              0        -161.29     -0.0775099       0.605546    1.08189e-37              0    1.08189e-37              0
       -148.387              0       -148.387      -0.080939       0.632336    2.41071e-34              0    2.41071e-34              0
       -148.387              0       -135.484     -0.0848593       0.662963    4.49137e-31              0    4.49137e-31              0
       -148.387              0       -122.581     -0.0893794       0.698277      3.791e-28              0      3.791e-28              0
       -148.387              0       -109.677     -0.0945746       0.738864    1.26867e-25              0    1.26867e-25              0
       -148.387              0       -96.7742      -0.100301         0.7836    1.69243e-23              0    1.69243e-23              0
       -148.387              0        -83.871      -0.106202       0.829701    1.15723e-21              0    1.15723e-21              0
       -148.387              0       -70.9677      -0.112077       0.875602     3.8327e-20              0     3.8327e-20              0
       -148.387              0       -58.0645      -0.118113       0.922759    6.93244e-19              0    6.93244e-19              0
       -148.387              0       -45.1613      -0.124184       0.970187    6.83608e-18              0    6.83608e-18              0
       -148.387              0       -32.2581       -0.12974        1.01359    3.83941e-17              0    3.83941e-17              0
       -148.387              0       -19.3548      -0.134586        1.05145    1.18269e-16              0    1.18269e-16              0
       -148.387              0       -6.45161      -0.136944        1.06987    1.87647e-16              0    1.87647e-16              0
       -148.387              0        6.45161       -0.13844        1.08156    1.90204e-16              0    1.90204e-16              0
       -148.387              0        19.3548      -0.138844        1.08472    1.36194e-16              0    1.36194e-16              0
       -148.387              0        32.2581      -0.137479        1.07406      7.273e-17              0      7.273e-17              0
       -148.387              0        45.1613      -0.135035        1.05496    3.04541e-17              0    3.04541e-17              0
       -148.387              0        58.0645      -0.131413        1.02666    9.71835e-18              0    9.71835e-18              0
       -148.387              0        70.9677      -0.126559       0.988741     2.3209e-18              0     2.3209e-18              0
       -148.387              0         83.871      -0.121166       0.946608     4.2293e-19              0     4.2293e-19              0
       -148.387              0        96.7742      -0.115729       0.904134    5.86119e-20              0    5.86119e-20              0
       -148.387              0        109.677      -0.110182       0.860795     6.3725e-21              0     6.3725e-21              0
       -148.387              0        122.581      -0.104797       0.818723    5.28952e-22              0    5.28952e-22              0
       -148.387              0        135.484     -0.0998497       0.780076    3.38993e-23              0    3.38993e-23              0
       -148.387              0        148.387     -0.0953447       0.744881    1.70742e-24              0    1.70742e-24              0
       -148.387              0         161.29     -0.0912653        0.71301    6.47155e-26              0    6.47155e-26              0
       -148.387              0        174.194     -0.0875899       0.684296    2.08907e-27              0    2.08907e-27              0
       -148.387              0        187.097      -0.084357       0.659039    5.49479e-29              0    5.49479e-29              0
       -148.387              0            200     -0.0814739       0.636515    1.21309e-30              0    1.21309e-30              0
       -135.484              0           -200      -0.070114       0.547766              0              0              0              0
       -135.484              0       -187.097      -0.072597       0.567164    1.23735e-38              0    1.23735e-38              0
       -135.484              0       -174.194     -0.0755018       0.589858     2.8902e-35              0     2.8902e-35              0
       -135.484              0        -161.29     -0.0789037       0.616435    4.43106e-32              0    4.43106e-32              0
       -135.484              0       -148.387     -0.0828895       0.647574    9.59728e-29              0    9.59728e-29              0
       -135.484              0       -135.484     -0.0876299       0.684608    1.08701e-25              0    1.08701e-25              0
       -135.484              0       -122.581     -0.0932661       0.728641     5.4285e-23              0     5.4285e-23              0
       -135.484              0       -109.677     -0.0999341       0.780735    1.18762e-20              0    1.18762e-20              0
       -135.484              0       -96.7742      -0.107755       0.841835    1.15287e-18              0    1.15287e-18              0
       -135.484              0        -83.871      -0.116508       0.910218    5.92671e-17              0    5.92671e-17              0
       -135.484              0       -70.9677      -0.125684       0.981905    1.51232e-15              0    1.51232e-15              0
       -135.484              0       -58.0645      -0.135013        1.05479    2.01365e-14              0    2.01365e-14              0
       -135.484              0       -45.1613      -0.144453        1.12854    1.41311e-13              0    1.41311e-13              0
       -135.484              0       -32.2581       -0.15331        1.19774     5.1308e-13              0     5.1308e-13              0
       -135.484              0       -19.3548      -0.161297        1.26013    1.02533e-12              0    1.02533e-12              0
       -135.484              0       -6.45161       -0.16513        1.29008    1.13438e-12              0    1.13438e-12              0
       -135.484              0        6.45161      -0.167479        1.30843    8.87255e-13              0    8.87255e-13              0
       -135.484              0        19.3548      -0.167342        1.30736    5.38281e-13              0    5.38281e-13              0
       -135.484              0        32.2581      -0.164381        1.28423    2.67738e-13              0    2.67738e-13              0
       -135.484              0        45.1613      -0.159839        1.24875    1.10071e-13              0    1.10071e-13              0
       -135.484              0        58.0645       -0.15295        1.19492    3.51329e-14              0    3.51329e-14              0
       -135.484              0        70.9677      -0.144633        1.12994    8.59445e-15              0    8.59445e-15              0
       -135.484              0         83.871      -0.136271        1.06462    1.63071e-15              0    1.63071e-15              0
       -135.484              0        96.7742      -0.127701       0.997661    2.29973e-16              0    2.29973e-16              0
       -135.484              0        109.677      -0.119435       0.933088    2.45634e-17              0    2.45634e-17              0
       -135.484              0        122.581      -0.112035       0.875271    1.94346e-18              0    1.94346e-18              0
       -135.484              0        135.484      -0.105435       0.823713    1.14788e-19              0    1.14788e-19              0
       -135.484              0        148.387     -0.0996139       0.778233    5.23326e-21              0    5.23326e-21              0
       -135.484              0         161.29     -0.0945214       0.738448    1.80513e-22              0    1.80513e-22              0
       -135.484              0        174.194     -0.0901608       0.704381    5.38001e-24              0    5.38001e-24              0
       -135.484              0        187.097     -0.0863627       0.674708     1.3071e-25              0     1.3071e-25              0
       -135.484              0            200      -0.083042       0.648765    2.67168e-27              0    2.67168e-27              0
       -122.581              0           -200     -0.0704019       0.550015    6.30548e-36              0    6.30548e-36              0
       -122.581              0       -187.097     -0.0730573        0.57076    1.73819e-32              0    1.73819e-32              0
       -122.581              0       -174.194     -0.0762195       0.595465    3.23776e-29              0    3.23776e-29              0
       -122.581              0        -161.29     -0.0800292       0.625228    3.90221e-26              0    3.90221e-26              0
       -122.581              0       -148.387     -0.0846909       0.661647    4.19191e-23              0    4.19191e-23              0
       -122.581              0       -135.484     -0.0904065         0.7063    2.22064e-20              0    2.22064e-20              0
       -122.581              0       -122.581     -0.0974373       0.761229    6.38158e-18              0    6.38158e-18              0
       -122.581              0       -109.677      -0.106188       0.829596    9.45203e-16              0    9.45203e-16              0
       -122.581              0       -96.7742      -0.117132       0.915097     6.7314e-14              0     6.7314e-14              0
       -122.581              0        -83.871      -0.130487        1.01943    2.53955e-12              0    2.53955e-12              0
       -122.581              0       -70.9677      -0.145947        1.14021    4.59631e-11              0    4.59631e-11              0
       -122.581              0       -58.0645      -0.162314        1.26807    3.53629e-10              0    3.53629e-10              0
       -122.581              0       -45.1613      -0.179018        1.39856    1.15676e-09              0    1.15676e-09              0
       -122.581              0       -32.2581      -0.195197        1.52496    2.15326e-09              0    2.15326e-09              0
       -122.581              0       -19.3548      -0.210279        1.64274    2.62829e-09              0    2.62829e-09              0
       -122.581              0       -6.45161      -0.217165        1.69651    2.46058e-09              0    2.46058e-09              0
       -122.581              0        6.45161      -0.220076        1.71926     1.9803e-09              0     1.9803e-09              0
       -122.581              0        19.3548      -0.217582        1.69979    1.38383e-09              0    1.38383e-09              0
       -122.581              0        32.2581       -0.21063         1.6455    8.34733e-10              0    8.34733e-10              0
       -122.581              0        45.1613      -0.200307        1.56489    4.02656e-10              0    4.02656e-10              0
       -122.581              0        58.0645      -0.185901        1.45236    1.39757e-10              0    1.39757e-10              0
       -122.581              0        70.9677      -0.170739         1.3339    3.48931e-11              0    3.48931e-11              0
       -122.581              0         83.871      -0.156406        1.22192    6.50843e-12              0    6.50843e-12              0
       -122.581              0        96.7742      -0.142426         1.1127    8.59909e-13              0    8.59909e-13              0
       -122.581              0        109.677      -0.130121        1.01657    8.34466e-14              0    8.34466e-14              0
       -122.581              0        122.581       -0.11959       0.934297    5.83115e-15              0    5.83115e-15              0
       -122.581              0        135.484      -0.110768       0.865376    3.02005e-16              0    3.02005e-16              0
       -122.581              0        148.387      -0.103404       0.807845    1.21412e-17              0    1.21412e-17              0
       -122.581              0         161.29     -0.0972537       0.759795    3.79635e-19              0    3.79635e-19              0
       -122.581              0        174.194     -0.0920797       0.719373     1.0372e-20              0     1.0372e-20              0
       -122.581              0        187.097     -0.0877697       0.685701    2.33612e-22              0    2.33612e-22              0
       -122.581              0            200     -0.0840868       0.656928    4.47316e-24              0    4.47316e-24              0
       -109.677              0           -200     -0.0703923        0.54994    3.18455e-30              0    3.18455e-30              0
       -109.677              0       -187.097     -0.0731584        0.57155    6.95576e-27              0    6.95576e-27              0
       -109.677              0       -174.194     -0.0765553       0.598088    1.05806e-23              0    1.05806e-23              0
       -109.677              0        -161.29     -0.0807649       0.630976    9.54352e-21              0    9.54352e-21              0
       -109.677              0       -148.387     -0.0860338       0.672139    6.32332e-18              0    6.32332e-18              0
       -109.677              0       -135.484     -0.0927438       0.724561    2.12281e-15              0    2.12281e-15              0
       -109.677              0       -122.581      -0.101555       0.793395    4.11389e-13              0    4.11389e-13              0
       -109.677              0       -109.677       -0.11319       0.884297    4.19379e-11              0    4.19379e-11              0
       -109.677              0       -96.7742      -0.129166        1.00908    1.28083e-09              0    1.28083e-09              0
       -109.677              0        -83.871      -0.149932        1.17164    1.27374e-08              0    1.27374e-08              0
       -109.677              0       -70.9677       -0.17822        1.39322    6.85796e-08              0    6.85796e-08              0
       -109.677              0       -58.0645      -0.217007        1.69636     2.2835e-07              0     2.2835e-07              0
       -109.677              0       -45.1613      -0.258901        2.02332    4.87464e-07              0    4.87464e-07              0
       -109.677              0       -32.2581      -0.298636        2.33376     7.2139e-07              0     7.2139e-07              0
       -109.677              0       -19.3548      -0.334401        2.61544     8.4573e-07              0     8.4573e-07              0
       -109.677              0       -6.45161      -0.348165         2.7243    8.22225e-07              0    8.22225e-07              0
       -109.677              0        6.45161       -0.34728        2.71797    7.52013e-07              0    7.52013e-07              0
       -109.677              0        19.3548       -0.33346        2.60983    6.06705e-07              0    6.06705e-07              0
       -109.677              0        32.2581      -0.310461        2.42958     4.2719e-07              0     4.2719e-07              0
       -109.677              0        45.1613      -0.277858         2.1738    2.46169e-07              0    2.46169e-07              0
       -109.677              0        58.0645      -0.242163        1.89366    1.10448e-07              0    1.10448e-07              0
       -109.677              0        70.9677      -0.210201        1.64264    3.77234e-08              0    3.77234e-08              0
       -109.677              0         83.871      -0.181075        1.41463     9.3436e-09              0     9.3436e-09              0
       -109.677              0        96.7742      -0.157936        1.23381    1.65253e-09              0    1.65253e-09              0
       -109.677              0        109.677      -0.140143        1.09487    1.84362e-10              0    1.84362e-10              0
       -109.677              0        122.581      -0.125917        0.98373    1.08618e-11              0    1.08618e-11              0
       -109.677              0        135.484      -0.114693       0.896043    4.76116e-13              0    4.76116e-13              0
       -109.677              0        148.387      -0.105775       0.826363    1.69751e-14              0    1.69751e-14              0
       -109.677              0         161.29     -0.0986634       0.770808    4.84864e-16              0    4.84864e-16              0
       -109.677              0        174.194     -0.0929117       0.725873    1.23719e-17              0    1.23719e-17              0
       -109.677              0        187.097     -0.0882143       0.689174    2.63928e-19              0    2.63928e-19              0
       -109.677              0            200     -0.0843092       0.658666    4.83322e-21              0    4.83322e-21              0
       -96.7742              0           -200     -0.0699415       0.546418    3.68302e-25              0    3.68302e-25              0
       -96.7742              0       -187.097     -0.0727958       0.568717    6.23337e-22              0    6.23337e-22              0
       -96.7742              0       -174.194     -0.0763429       0.596429    6.96145e-19              0    6.96145e-19              0
       -96.7742              0        -161.29     -0.0807778       0.631076    4.33492e-16              0    4.33492e-16              0
       -96.7742              0       -148.387     -0.0864284       0.675222    1.84799e-13              0    1.84799e-13              0
       -96.7742              0       -135.484     -0.0940624       0.734864    3.88083e-11              0    3.88083e-11              0
       -96.7742              0       -122.581      -0.104769        0.81854    2.36398e-09              0    2.36398e-09              0
       -96.7742              0       -109.677      -0.119381       0.933298    4.40899e-08              0    4.40899e-08              0
       -96.7742              0       -96.7742      -0.144196        1.12557    5.08794e-07              0    5.08794e-07              0
       -96.7742              0        -83.871        -0.1923        1.48976     4.0364e-06              0     4.0364e-06              0
       -96.7742              0       -70.9677       -0.28763        2.18618    2.13952e-05              0    2.13952e-05              0
       -96.7742              0       -58.0645      -0.495649        3.70617    8.61713e-05              0    8.61713e-05              0
       -96.7742              0       -45.1613      -0.881813        6.60857    0.000235168              0    0.000235168              0
       -96.7742              0       -32.2581       -1.34874        10.2215    0.000407595              0    0.000407595              0
       -96.7742              0       -19.3548       -1.41165        10.7496    0.000413331              0    0.000413331              0
       -96.7742              0       -6.45161       -1.24469        9.41109    0.000326143              0    0.000326143              0
       -96.7742              0        6.45161       -1.02619        7.70128     0.00024671              0     0.00024671              0
       -96.7742              0        19.3548       -0.75606        5.66834    0.000165754              0    0.000165754              0
       -96.7742              0        32.2581      -0.569453        4.27033    0.000101075              0    0.000101075              0
       -96.7742              0        45.1613      -0.419317        3.15733    5.38147e-05              0    5.38147e-05              0
       -96.7742              0        58.0645      -0.308073        2.34608    2.39394e-05              0    2.39394e-05              0
       -96.7742              0        70.9677      -0.235905        1.82091    8.38968e-06              0    8.38968e-06              0
       -96.7742              0         83.871       -0.19362        1.51029    2.21364e-06              0    2.21364e-06              0
       -96.7742              0        96.7742      -0.165252        1.29227    4.01989e-07              0    4.01989e-07              0
       -96.7742              0        109.677      -0.143416        1.12122    5.19873e-08              0    5.19873e-08              0
       -96.7742              0        122.581      -0.126597       0.988997    4.95123e-09              0    4.95123e-09              0
       -96.7742              0        135.484      -0.114304       0.892992    3.42095e-10              0    3.42095e-10              0
       -96.7742              0        148.387      -0.104935       0.819801    1.26233e-11              0    1.26233e-11              0
       -96.7742              0         161.29     -0.0976275       0.762715    3.38055e-13              0    3.38055e-13              0
       -96.7742              0        174.194     -0.0918891       0.717883    8.38344e-15              0    8.38344e-15              0
       -96.7742              0        187.097     -0.0872189       0.681398    1.75872e-16              0    1.75872e-16              0
       -96.7742              0            200     -0.0834065       0.651613    3.18674e-18              0    3.18674e-18              0
        -83.871              0           -200     -0.0689747       0.538864    1.01651e-20              0    1.01651e-20              0
        -83.871              0       -187.097     -0.0717713       0.560713    1.20656e-17              0    1.20656e-17              0
        -83.871              0       -174.194     -0.0751919       0.587436    8.87976e-15              0    8.87976e-15              0
        -83.871              0        -161.29     -0.0795049       0.621135    3.50518e-12              0    3.50518e-12              0
        -83.871              0       -148.387     -0.0852238       0.665781    6.39222e-10              0    6.39222e-10              0
        -83.871              0       -135.484     -0.0928686       0.726083    2.42544e-08              0    2.42544e-08              0
        -83.871              0       -122.581      -0.105476        0.82223    5.42521e-07              0    5.42521e-07              0
        -83.871              0       -109.677      -0.130094       0.990729    7.90931e-06              0    7.90931e-06              0
        -83.871              0       -96.7742       -0.12989        1.03611    6.44853e-05              0    6.44853e-05              0
        -83.871              0        -83.871     0.00363827       0.509121    0.000201916              0    0.000201916              0
        -83.871              0       -70.9677       0.113673       0.321335     0.00049166              0     0.00049166              0
        -83.871              0       -58.0645       -3.62304       -5.26621     -0.0163769             -0     -0.0163769             -0
        -83.871              0       -45.1613      -0.180024      -0.217657   -0.000852126             -0   -0.000852126             -0
        -83.871              0       -32.2581      -0.156099      -0.190928   -0.000711939             -0   -0.000711939             -0
        -83.871              0       -19.3548      -0.213058      -0.289823   -0.000891089             -0   -0.000891089             -0
        -83.871              0       -6.45161      -0.233745      -0.330321   -0.000967877             -0   -0.000967877             -0
        -83.871              0        6.45161      -0.232868      -0.330103   -0.000984754             -0   -0.000984754             -0
        -83.871              0        19.3548      -0.223277      -0.319851   -0.000972621             -0   -0.000972621             -0
        -83.871              0        32.2581      -0.244749      -0.371676    -0.00108406             -0    -0.00108406             -0
        -83.871              0        45.1613      -0.472166      -0.861962    -0.00210153             -0    -0.00210153             -0
        -83.871              0        58.0645       0.350557        1.01882     0.00163984              0     0.00163984              0
        -83.871              0        70.9677      0.0499852       0.528258    0.000379028              0    0.000379028              0
        -83.871              0         83.871     -0.0529397       0.671266    0.000131435              0    0.000131435              0
        -83.871              0        96.7742      -0.118455       0.891602    3.78426e-05              0    3.78426e-05              0
        -83.871              0        109.677      -0.117524        0.89908    6.56986e-06              0    6.56986e-06              0
        -83.871              0        122.581      -0.111376       0.869915    6.82168e-07              0    6.82168e-07              0
        -83.871              0        135.484      -0.105007        0.82137    4.80837e-08              0    4.80837e-08              0
        -83.871              0        148.387     -0.0984119        0.76878    2.80488e-09              0    2.80488e-09              0
        -83.871              0         161.29     -0.0928511       0.725406    1.15829e-10              0    1.15829e-10              0
        -83.871              0        174.194     -0.0881647       0.688787    2.94792e-12              0    2.94792e-12              0
        -83.871              0        187.097     -0.0843032       0.658618    6.50517e-14              0    6.50517e-14              0
        -83.871              0            200     -0.0810482       0.633189    1.23027e-15              0    1.23027e-15              0
       -70.9677              0           -200     -0.0674729       0.527132    6.96965e-17              0    6.96965e-17              0
       -70.9677              0       -187.097     -0.0699032       0.546119    5.34149e-14              0    5.34149e-14              0
       -70.9677              0       -174.194     -0.0727414       0.568295    2.41236e-11              0    2.41236e-11              0
       -70.9677              0        -161.29     -0.0762847       0.596063    2.78358e-09              0    2.78358e-09              0
       -70.9677              0       -148.387     -0.0806669       0.630513    1.11292e-07              0    1.11292e-07              0
       -70.9677              0       -135.484     -0.0893355       0.686405    2.89967e-06              0    2.89967e-06              0
       -70.9677              0       -122.581     -0.0595867       0.515014    3.50625e-05              0    3.50625e-05              0
       -70.9677              0       -109.677       0.021719      0.0792237    9.62037e-05              0    9.62037e-05              0
       -70.9677              0       -96.7742      0.0299634      0.0271862    0.000200687              0    0.000200687              0
       -70.9677              0        -83.871      0.0435919      0.0281777    0.000549727              0    0.000549727              0
       -70.9677              0       -70.9677       0.131237      0.0659136     0.00257771              0     0.00257771              0
       -70.9677              0       -58.0645     -0.0955186     -0.0391658    -0.00282464             -0    -0.00282464             -0
       -70.9677              0       -45.1613     -0.0409009     -0.0150418     -0.0016329             -0     -0.0016329             -0
       -70.9677              0       -32.2581     -0.0316365     -0.0114809    -0.00144343             -0    -0.00144343             -0
       -70.9677              0       -19.3548     -0.0299613     -0.0116358    -0.00148941             -0    -0.00148941             -0
       -70.9677              0       -6.45161       -0.03661     -0.0160408    -0.00175193             -0    -0.00175193             -0
       -70.9677              0        6.45161     -0.0375952     -0.0168475    -0.00171866             -0    -0.00171866             -0
       -70.9677              0        19.3548     -0.0378075     -0.0170532    -0.00164677             -0    -0.00164677             -0
       -70.9677              0        32.2581     -0.0435304      -0.020237    -0.00167601             -0    -0.00167601             -0
       -70.9677              0        45.1613     -0.0566549     -0.0277326    -0.00183377             -0    -0.00183377             -0
       -70.9677              0        58.0645      -0.137577     -0.0746648    -0.00351186             -0    -0.00351186             -0
       -70.9677              0        70.9677       0.148181      0.0934534      0.0025073              0      0.0025073              0
       -70.9677              0         83.871      0.0541413      0.0404959    0.000531724              0    0.000531724              0
       -70.9677              0        96.7742      0.0367067      0.0407044    0.000192351              0    0.000192351              0
       -70.9677              0        109.677      0.0205375       0.105483    9.65924e-05              0    9.65924e-05              0
       -70.9677              0        122.581     -0.0463075        0.39925    3.21191e-05              0    3.21191e-05              0
       -70.9677              0        135.484      -0.078237       0.598959    4.09707e-06              0    4.09707e-06              0
       -70.9677              0        148.387     -0.0830533       0.649644    2.60063e-07              0    2.60063e-07              0
       -70.9677              0         161.29     -0.0826476       0.645998    1.15156e-08              0    1.15156e-08              0
       -70.9677              0        174.194     -0.0809023       0.632014    4.79742e-10              0    4.79742e-10              0
       -70.9677              0        187.097     -0.0788962       0.616377    1.29297e-11              0    1.29297e-11              0
       -70.9677              0            200      -0.076886       0.600672    2.68859e-13              0    2.68859e-13              0
       -58.0645              0           -200     -0.0652432       0.509712     1.4875e-13              0     1.4875e-13              0
       -58.0645              0       -187.097     -0.0668812       0.522502    6.97842e-11              0    6.97842e-11              0
       -58.0645              0       -174.194     -0.0685376       0.535724    6.67882e-09              0    6.67882e-09              0
       -58.0645              0        -161.29     -0.0706833       0.551361    2.73754e-07              0    2.73754e-07              0
       -58.0645              0       -148.387     -0.0686084       0.526641    7.46885e-06              0    7.46885e-06              0
       -58.0645              0       -135.484     0.00467874       0.118321    4.51506e-05              0    4.51506e-05              0
       -58.0645              0       -122.581      0.0157636      0.0162795    9.55097e-05              0    9.55097e-05              0
       -58.0645              0       -109.677      0.0159989     0.00948861    0.000146508              0    0.000146508              0
       -58.0645              0       -96.7742      0.0211472     0.00902898    0.000239836              0    0.000239836              0
       -58.0645              0        -83.871       0.037325      0.0131159    0.000590102              0    0.000590102              0
       -58.0645              0       -70.9677       0.176358      0.0461254     0.00489632              0     0.00489632              0
       -58.0645              0       -58.0645     -0.0427167    -0.00696364    -0.00295365             -0    -0.00295365             -0
       -58.0645              0       -45.1613    -0.00415115   -0.000471426   -0.000256166             -0   -0.000256166             -0
       -58.0645              0       -32.2581    -0.00335554   -0.000397183   -0.000248225             -0   -0.000248225             -0
       -58.0645              0       -19.3548    -0.00310615    -0.00038199   -0.000280299             -0   -0.000280299             -0
       -58.0645              0       -6.45161    -0.00302513   -0.000389762   -0.000306166             -0   -0.000306166             -0
       -58.0645              0        6.45161    -0.00304546   -0.000396821   -0.000311038             -0   -0.000311038             -0
       -58.0645              0        19.3548    -0.00310135   -0.000398494   -0.000294708             -0   -0.000294708             -0
       -58.0645              0        32.2581    -0.00338891   -0.000418468   -0.000272085             -0   -0.000272085             -0
       -58.0645              0        45.1613    -0.00612622   -0.000756147     -0.0006429             -0     -0.0006429             -0
       -58.0645              0        58.0645     -0.0448321    -0.00856457    -0.00326983             -0    -0.00326983             -0
       -58.0645              0        70.9677       0.173938      0.0494225     0.00544584              0     0.00544584              0
       -58.0645              0         83.871      0.0370063      0.0136763    0.000696466              0    0.000696466              0
       -58.0645              0        96.7742      0.0224338      0.0100805    0.000309873              0    0.000309873              0
       -58.0645              0        109.677      0.0184648      0.0125744    0.000180789              0    0.000180789              0
       -58.0645              0        122.581      0.0187119      0.0197522    0.000100979              0    0.000100979              0
       -58.0645              0        135.484      0.0106096      0.0889142    5.16511e-05              0    5.16511e-05              0
       -58.0645              0        148.387     -0.0487784         0.3762    1.09888e-05              0    1.09888e-05              0
       -58.0645              0         161.29     -0.0652702       0.507418    7.81572e-07              0    7.81572e-07              0
       -58.0645              0        174.194     -0.0695934       0.544467    3.21029e-08              0    3.21029e-08              0
       -58.0645              0        187.097     -0.0707913       0.552995    1.21873e-09              0    1.21873e-09              0
       -58.0645              0            200     -0.0708162       0.553254    3.50137e-11              0    3.50137e-11              0
       -45.1613              0           -200     -0.0620643       0.484863    1.05969e-10              0    1.05969e-10              0
       -45.1613              0       -187.097     -0.0623119       0.487163    9.84475e-09              0    9.84475e-09              0
       -45.1613              0       -174.194     -0.0626485       0.487662    4.36892e-07              0    4.36892e-07              0
       -45.1613              0        -161.29     -0.0492602       0.392033    9.99686e-06              0    9.99686e-06              0
       -45.1613              0       -148.387      0.0110357      0.0445674     4.6064e-05              0     4.6064e-05              0
       -45.1613              0       -135.484      0.0113233     0.00912769    8.08023e-05              0    8.08023e-05              0
       -45.1613              0       -122.581      0.0121858     0.00627845    9.06737e-05              0    9.06737e-05              0
       -45.1613              0       -109.677      0.0161932     0.00684791    0.000138026              0    0.000138026              0
       -45.1613              0       -96.7742      0.0226914      0.0073307    0.000300701              0    0.000300701              0
       -45.1613              0        -83.871      0.0411843     0.00864589     0.00107526              0     0.00107526              0
       -45.1613              0       -70.9677    -0.00855934   -0.000917587   -0.000348235             -0   -0.000348235             -0
       -45.1613              0       -58.0645    -0.00516631   -0.000571157   -0.000215522             -0   -0.000215522             -0
       -45.1613              0       -45.1613    -0.00418572   -0.000478451    -0.00027122             -0    -0.00027122             -0
       -45.1613              0       -32.2581    -0.00342874   -0.000406124   -0.000353164             -0   -0.000353164             -0
       -45.1613              0       -19.3548    -0.00300964   -0.000372792   -0.000448941             -0   -0.000448941             -0
       -45.1613              0       -6.45161    -0.00284297    -0.00037283   -0.000504408             -0   -0.000504408             -0
       -45.1613              0        6.45161    -0.00286216   -0.000382574   -0.000513674             -0   -0.000513674             -0
       -45.1613              0        19.3548    -0.00299403   -0.000388916   -0.000470582             -0   -0.000470582             -0
       -45.1613              0        32.2581    -0.00337512   -0.000419312   -0.000382505             -0   -0.000382505             -0
       -45.1613              0        45.1613    -0.00399393   -0.000492826    -0.00029685             -0    -0.00029685             -0
       -45.1613              0        58.0645     -0.0048529   -0.000588061   -0.000234969             -0   -0.000234969             -0
       -45.1613              0        70.9677    -0.00810464     -0.0009436    -0.00037633             -0    -0.00037633             -0
       -45.1613              0         83.871      0.0382596     0.00856942     0.00118664              0     0.00118664              0
       -45.1613              0        96.7742      0.0215375     0.00739899    0.000346075              0    0.000346075              0
       -45.1613              0        109.677      0.0158214     0.00699081    0.000167601              0    0.000167601              0
       -45.1613              0        122.581      0.0127475     0.00679636    0.000115844              0    0.000115844              0
       -45.1613              0        135.484      0.0125754      0.0104351    8.93363e-05              0    8.93363e-05              0
       -45.1613              0        148.387      0.0148977      0.0320463    5.33564e-05              0    5.33564e-05              0
       -45.1613              0         161.29     -0.0231764       0.219589    1.54911e-05              0    1.54911e-05              0
       -45.1613              0        174.194     -0.0527023       0.406933    1.39676e-06              0    1.39676e-06              0
       -45.1613              0        187.097      -0.059993       0.469473    5.52081e-08              0    5.52081e-08              0
       -45.1613              0            200     -0.0628532          0.491    1.96648e-09              0    1.96648e-09              0
       -32.2581              0           -200     -0.0576049        0.45036    9.72033e-09              0    9.72033e-09              0
       -32.2581              0       -187.097     -0.0567243       0.441515    4.38506e-07              0    4.38506e-07              0
       -32.2581              0       -174.194     -0.0384323       0.316765    9.41419e-06              0    9.41419e-06              0
       -32.2581              0        -161.29      0.0105323      0.0303994    4.41421e-05              0    4.41421e-05              0
       -32.2581              0       -148.387     0.00955115     0.00740364    6.42865e-05              0    6.42865e-05              0
       -32.2581              0       -135.484      0.0105499     0.00567136    6.36298e-05              0    6.36298e-05              0
       -32.2581              0       -122.581       0.013264     0.00572851    9.36822e-05              0    9.36822e-05              0
       -32.2581              0       -109.677      0.0172695     0.00553211    0.000173959              0    0.000173959              0
       -32.2581              0       -96.7742      0.0255697     0.00543888     0.00044502              0     0.00044502              0
       -32.2581              0        -83.871     -0.0171512    -0.00178947   -0.000450898             -0   -0.000450898             -0
       -32.2581              0       -70.9677    -0.00854995   -0.000909951   -0.000232988             -0   -0.000232988             -0
       -32.2581              0       -58.0645    -0.00664938    -0.00071951   -0.000301299             -0   -0.000301299             -0
       -32.2581              0       -45.1613    -0.00513316   -0.000558534   -0.000413989             -0   -0.000413989             -0
       -32.2581              0       -32.2581    -0.00389219   -0.000430067   -0.000609294             -0   -0.000609294             -0
       -32.2581              0       -19.3548    -0.00302978   -0.000343502   -0.000960295             -0   -0.000960295             -0
       -32.2581              0       -6.45161    -0.00268824   -0.000325079    -0.00122508             -0    -0.00122508             -0
       -32.2581              0        6.45161    -0.00270022   -0.000337314    -0.00125454             -0    -0.00125454             -0
       -32.2581              0        19.3548    -0.00300632   -0.000357802    -0.00101864             -0    -0.00101864             -0
       -32.2581              0        32.2581    -0.00370134   -0.000442674   -0.000663465             -0   -0.000663465             -0
       -32.2581              0        45.1613    -0.00480092   -0.000571071   -0.000448497             -0   -0.000448497             -0
       -32.2581              0        58.0645    -0.00634466   -0.000734906   -0.000321966             -0   -0.000321966             -0
       -32.2581              0        70.9677    -0.00837205   -0.000935391   -0.000249087             -0   -0.000249087             -0
       -32.2581              0         83.871     -0.0143956    -0.00155468   -0.000364007             -0   -0.000364007             -0
       -32.2581              0        96.7742      0.0265818     0.00571999    0.000510765              0    0.000510765              0
       -32.2581              0        109.677      0.0168748     0.00557272    0.000195346              0    0.000195346              0
       -32.2581              0        122.581      0.0128672     0.00577021    0.000110259              0    0.000110259              0
       -32.2581              0        135.484      0.0106206     0.00585386    7.78191e-05              0    7.78191e-05              0
       -32.2581              0        148.387      0.0102651     0.00815647    7.15667e-05              0    7.15667e-05              0
       -32.2581              0         161.29      0.0132728      0.0208848    5.09206e-05              0    5.09206e-05              0
       -32.2581              0        174.194     -0.0115823       0.154259    1.58402e-05              0    1.58402e-05              0
       -32.2581              0        187.097     -0.0450955       0.347466    1.55438e-06              0    1.55438e-06              0
       -32.2581              0            200     -0.0532296       0.416424    6.12945e-08              0    6.12945e-08              0
       -19.3548              0           -200       -0.05262       0.410078    3.10226e-07              0    3.10226e-07              0
       -19.3548              0       -187.097     -0.0370164       0.300499    6.98706e-06              0    6.98706e-06              0
       -19.3548              0       -174.194       0.009262      0.0309795    3.87646e-05              0    3.87646e-05              0
       -19.3548              0        -161.29     0.00866921     0.00705803    5.45669e-05              0    5.45669e-05              0
       -19.3548              0       -148.387     0.00943155     0.00543557    4.83821e-05              0    4.83821e-05              0
       -19.3548              0       -135.484      0.0114848     0.00524268    6.61879e-05              0    6.61879e-05              0
       -19.3548              0       -122.581      0.0146657     0.00501881    0.000111258              0    0.000111258              0
       -19.3548              0       -109.677      0.0203016     0.00477541    0.000223423              0    0.000223423              0
       -19.3548              0       -96.7742      0.0328937     0.00434791    0.000832583              0    0.000832583              0
       -19.3548              0        -83.871     -0.0182804    -0.00191949   -0.000299265             -0   -0.000299265             -0
       -19.3548              0       -70.9677     -0.0145009    -0.00146532   -0.000382704             -0   -0.000382704             -0
       -19.3548              0       -58.0645     -0.0111405    -0.00107814     -0.0005333             -0     -0.0005333             -0
       -19.3548              0       -45.1613    -0.00813077   -0.000757598   -0.000830627             -0   -0.000830627             -0
       -19.3548              0       -32.2581     -0.0055537   -0.000507054    -0.00145727             -0    -0.00145727             -0
       -19.3548              0       -19.3548    -0.00363774   -0.000333271    -0.00284155             -0    -0.00284155             -0
       -19.3548              0       -6.45161    -0.00261651   -0.000252552     -0.0056104             -0     -0.0056104             -0
       -19.3548              0        6.45161    -0.00259594   -0.000261392    -0.00592295             -0    -0.00592295             -0
       -19.3548              0        19.3548    -0.00344946   -0.000341254    -0.00310758             -0    -0.00310758             -0
       -19.3548              0        32.2581    -0.00523806   -0.000514434    -0.00155882             -0    -0.00155882             -0
       -19.3548              0        45.1613    -0.00798491   -0.000780185   -0.000870639             -0   -0.000870639             -0
       -19.3548              0        58.0645     -0.0112608    -0.00112179   -0.000555993             -0   -0.000555993             -0
       -19.3548              0        70.9677     -0.0148418    -0.00152832   -0.000401653             -0   -0.000401653             -0
       -19.3548              0         83.871     -0.0187873    -0.00200013   -0.000317293             -0   -0.000317293             -0
       -19.3548              0        96.7742      0.0381041     0.00501653     0.00098683              0     0.00098683              0
       -19.3548              0        109.677      0.0223143     0.00535305     0.00024968              0     0.00024968              0
       -19.3548              0        122.581      0.0151418     0.00523663    0.000121335              0    0.000121335              0
       -19.3548              0        135.484       0.011176     0.00527301    7.80178e-05              0    7.80178e-05              0
       -19.3548              0        148.387     0.00945906     0.00561722     5.6285e-05              0     5.6285e-05              0
       -19.3548              0         161.29     0.00925195     0.00766059    5.83199e-05              0    5.83199e-05              0
       -19.3548              0        174.194      0.0122829      0.0195584    4.78421e-05              0    4.78421e-05              0
       -19.3548              0        187.097     -0.0106803       0.142427    1.26467e-05              0    1.26467e-05              0
       -19.3548              0            200     -0.0410593       0.316898    1.23628e-06              0    1.23628e-06              0
       -6.45161              0           -200     -0.0398113       0.312771    4.36098e-06              0    4.36098e-06              0
       -6.45161              0       -187.097     0.00719341      0.0417316    2.89924e-05              0    2.89924e-05              0
       -6.45161              0       -174.194     0.00818224     0.00759053     5.1035e-05              0     5.1035e-05              0
       -6.45161              0        -161.29     0.00862493     0.00545753    4.12831e-05              0    4.12831e-05              0
       -6.45161              0       -148.387      0.0103066     0.00511438    4.85212e-05              0    4.85212e-05              0
       -6.45161              0       -135.484      0.0129404     0.00484702    7.79558e-05              0    7.79558e-05              0
       -6.45161              0       -122.581      0.0170238     0.00445363     0.00013845              0     0.00013845              0
       -6.45161              0       -109.677      0.0227378      0.0041398    0.000372339              0    0.000372339              0
       -6.45161              0       -96.7742      -0.154418     -0.0180384    -0.00235889             -0    -0.00235889             -0
       -6.45161              0        -83.871       -0.05811    -0.00632594    -0.00120558             -0    -0.00120558             -0
       -6.45161              0       -70.9677     -0.0455278    -0.00460572    -0.00155109             -0    -0.00155109             -0
       -6.45161              0       -58.0645     -0.0347128    -0.00324785    -0.00209825             -0    -0.00209825             -0
       -6.45161              0       -45.1613     -0.0253159    -0.00216204    -0.00305527             -0    -0.00305527             -0
       -6.45161              0       -32.2581     -0.0170692    -0.00134538    -0.00491587             -0    -0.00491587             -0
       -6.45161              0       -19.3548    -0.00959945   -0.000771401    -0.00908381             -0    -0.00908381             -0
       -6.45161              0       -6.45161    -0.00343543   -0.000330209     -0.0334661             -0     -0.0334661             -0
       -6.45161              0        6.45161    -0.00324717   -0.000337055     -0.0366158             -0     -0.0366158             -0
       -6.45161              0        19.3548    -0.00965733   -0.000785329    -0.00963121             -0    -0.00963121             -0
       -6.45161              0        32.2581     -0.0172961    -0.00137742    -0.00515122             -0    -0.00515122             -0
       -6.45161              0        45.1613     -0.0255295    -0.00223899    -0.00315028             -0    -0.00315028             -0
       -6.45161              0        58.0645     -0.0350237    -0.00339752    -0.00214223             -0    -0.00214223             -0
       -6.45161              0        70.9677     -0.0460833     -0.0048627    -0.00157422             -0    -0.00157422             -0
       -6.45161              0         83.871     -0.0590798    -0.00672308    -0.00122212             -0    -0.00122212             -0
       -6.45161              0        96.7742       -0.13981     -0.0170764    -0.00210852             -0    -0.00210852             -0
       -6.45161              0        109.677      0.0253368     0.00482016    0.000411733              0    0.000411733              0
       -6.45161              0        122.581      0.0190834     0.00518458    0.000150172              0    0.000150172              0
       -6.45161              0        135.484      0.0136713     0.00517186    8.35761e-05              0    8.35761e-05              0
       -6.45161              0        148.387      0.0101987     0.00525907    5.96797e-05              0    5.96797e-05              0
       -6.45161              0         161.29     0.00868032     0.00568025    4.54156e-05              0    4.54156e-05              0
       -6.45161              0        174.194     0.00882339     0.00804115    5.34323e-05              0    5.34323e-05              0
       -6.45161              0        187.097      0.0117815      0.0233353    4.02157e-05              0    4.02157e-05              0
       -6.45161              0            200     -0.0163566       0.162583    8.83796e-06              0    8.83796e-06              0
        6.45161              0           -200     0.00230056      0.0697058    1.78881e-05              0    1.78881e-05              0
        6.45161              0       -187.097      0.0079873     0.00925867    4.91748e-05              0    4.91748e-05              0
        6.45161              0       -174.194     0.00811617     0.00566388    3.87347e-05              0    3.87347e-05              0
        6.45161              0        -161.29     0.00942825      0.0051793    3.77894e-05              0    3.77894e-05              0
        6.45161              0       -148.387      0.0115887     0.00483964      5.889e-05              0      5.889e-05              0
        6.45161              0       -135.484       0.014955     0.00439956    9.90948e-05              0    9.90948e-05              0
        6.45161              0       -122.581      0.0190854     0.00347894    0.000362479              0    0.000362479              0
        6.45161              0       -109.677      0.0229066     0.00312927    0.000819592              0    0.000819592              0
        6.45161              0       -96.7742      0.0589311     0.00676959    0.000846047              0    0.000846047              0
        6.45161              0        -83.871      0.0496771     0.00533088     0.00109558              0     0.00109558              0
        6.45161              0       -70.9677      0.0407207     0.00407055     0.00146085              0     0.00146085              0
        6.45161              0       -58.0645      0.0321897     0.00298451     0.00202663              0     0.00202663              0
        6.45161              0       -45.1613      0.0241385      0.0020504     0.00300549              0     0.00300549              0
        6.45161              0       -32.2581       0.016599     0.00131127     0.00483601              0     0.00483601              0
        6.45161              0       -19.3548     0.00945278    0.000770306     0.00885761              0     0.00885761              0
        6.45161              0       -6.45161     0.00339662    0.000336515      0.0323404              0      0.0323404              0
        6.45161              0        6.45161     0.00321584    0.000341326      0.0357569              0      0.0357569              0
        6.45161              0        19.3548     0.00953303    0.000785108     0.00939354              0     0.00939354              0
        6.45161              0        32.2581      0.0168562     0.00134134     0.00509288              0     0.00509288              0
        6.45161              0        45.1613      0.0243974     0.00212729     0.00309826              0     0.00309826              0
        6.45161              0        58.0645      0.0325287     0.00312953     0.00206532              0     0.00206532              0
        6.45161              0        70.9677      0.0411947      0.0043059     0.00147435              0     0.00147435              0
        6.45161              0         83.871      0.0502949     0.00566599     0.00109838              0     0.00109838              0
        6.45161              0        96.7742      0.0596911     0.00721154    0.000845595              0    0.000845595              0
        6.45161              0        109.677      0.0250292     0.00367492    0.000841366              0    0.000841366              0
        6.45161              0        122.581       0.021183     0.00410981    0.000393242              0    0.000393242              0
        6.45161              0        135.484       0.016711     0.00521953    0.000102663              0    0.000102663              0
        6.45161              0        148.387      0.0121033     0.00520903    6.31772e-05              0    6.31772e-05              0
        6.45161              0         161.29     0.00943987      0.0054727    4.59295e-05              0    4.59295e-05              0
        6.45161              0        174.194     0.00819193     0.00601784    4.10178e-05              0    4.10178e-05              0
        6.45161              0        187.097     0.00877248      0.0092064    5.10608e-05              0    5.10608e-05              0
        6.45161              0            200      0.0105953      0.0343341    2.64805e-05              0    2.64805e-05              0
        19.3548              0           -200     0.00810668      0.0136102    4.37161e-05              0    4.37161e-05              0
        19.3548              0       -187.097     0.00775304     0.00610355     3.8961e-05              0     3.8961e-05              0
        19.3548              0       -174.194     0.00869934     0.00538024    3.29717e-05              0    3.29717e-05              0
        19.3548              0        -161.29      0.0103707      0.0049893    4.52029e-05              0    4.52029e-05              0
        19.3548              0       -148.387      0.0131342     0.00449553    7.13496e-05              0    7.13496e-05              0
        19.3548              0       -135.484       0.016737     0.00326635    0.000297154              0    0.000297154              0
        19.3548              0       -122.581      0.0201837     0.00301467    0.000626859              0    0.000626859              0
        19.3548              0       -109.677      0.0210124     0.00362371    0.000373408              0    0.000373408              0
        19.3548              0       -96.7742      0.0206493     0.00227484    0.000228081              0    0.000228081              0
        19.3548              0        -83.871      0.0170498      0.0017952     0.00028251              0     0.00028251              0
        19.3548              0       -70.9677      0.0137212     0.00137297    0.000373416              0    0.000373416              0
        19.3548              0       -58.0645      0.0106573     0.00100929    0.000540103              0    0.000540103              0
        19.3548              0       -45.1613      0.0078387    0.000705453    0.000879097              0    0.000879097              0
        19.3548              0       -32.2581     0.00536947    0.000467447     0.00162637              0     0.00162637              0
        19.3548              0       -19.3548       0.003513    0.000313426     0.00316622              0     0.00316622              0
        19.3548              0       -6.45161     0.00250888    0.000249657     0.00593985              0     0.00593985              0
        19.3548              0        6.45161     0.00250407    0.000253513     0.00644643              0     0.00644643              0
        19.3548              0        19.3548       0.003348    0.000317797     0.00351107              0     0.00351107              0
        19.3548              0        32.2581     0.00509773     0.00048076     0.00169458              0     0.00169458              0
        19.3548              0        45.1613     0.00774415    0.000736258    0.000902551              0    0.000902551              0
        19.3548              0        58.0645      0.0108207     0.00106232    0.000553083              0    0.000553083              0
        19.3548              0        70.9677      0.0140742     0.00144493    0.000385388              0    0.000385388              0
        19.3548              0         83.871      0.0175071     0.00188062    0.000294261              0    0.000294261              0
        19.3548              0        96.7742      0.0211553     0.00236694    0.000240573              0    0.000240573              0
        19.3548              0        109.677      0.0228417     0.00417835    0.000396514              0    0.000396514              0
        19.3548              0        122.581       0.022189     0.00377485    0.000590944              0    0.000590944              0
        19.3548              0        135.484      0.0188504      0.0043998    0.000278854              0    0.000278854              0
        19.3548              0        148.387      0.0147409       0.005456    7.12946e-05              0    7.12946e-05              0
        19.3548              0         161.29      0.0105965     0.00547121    5.06135e-05              0    5.06135e-05              0
        19.3548              0        174.194     0.00872555     0.00577834     3.6753e-05              0     3.6753e-05              0
        19.3548              0        187.097     0.00804132      0.0067423     4.0109e-05              0     4.0109e-05              0
        19.3548              0            200     0.00941246      0.0121211    4.83112e-05              0    4.83112e-05              0
        32.2581              0           -200     0.00731167     0.00710416    3.98939e-05              0    3.98939e-05              0
        32.2581              0       -187.097     0.00796459     0.00567863    3.08701e-05              0    3.08701e-05              0
        32.2581              0       -174.194     0.00938822     0.00529682    3.35969e-05              0    3.35969e-05              0
        32.2581              0        -161.29      0.0116475     0.00473631    5.22123e-05              0    5.22123e-05              0
        32.2581              0       -148.387      0.0148724     0.00361549    0.000173336              0    0.000173336              0
        32.2581              0       -135.484      0.0182306      0.0029381    0.000510425              0    0.000510425              0
        32.2581              0       -122.581      0.0191651     0.00379615    0.000255747              0    0.000255747              0
        32.2581              0       -109.677      0.0187052     0.00353436    0.000225351              0    0.000225351              0
        32.2581              0       -96.7742      0.0122899     0.00131511    0.000143961              0    0.000143961              0
        32.2581              0        -83.871      0.0100928      0.0010854      0.0001719              0      0.0001719              0
        32.2581              0       -70.9677     0.00808395    0.000876288    0.000216822              0    0.000216822              0
        32.2581              0       -58.0645     0.00630845    0.000687932    0.000292894              0    0.000292894              0
        32.2581              0       -45.1613     0.00486766    0.000523924    0.000426992              0    0.000426992              0
        32.2581              0       -32.2581     0.00368264    0.000394806    0.000674866              0    0.000674866              0
        32.2581              0       -19.3548     0.00287607    0.000316365     0.00110813              0     0.00110813              0
        32.2581              0       -6.45161     0.00247463    0.000241845     0.00213119              0     0.00213119              0
        32.2581              0        6.45161     0.00253702    0.000288656     0.00167274              0     0.00167274              0
        32.2581              0        19.3548     0.00285458    0.000321043     0.00122593              0     0.00122593              0
        32.2581              0        32.2581     0.00352741    0.000408904     0.00072547              0     0.00072547              0
        32.2581              0        45.1613     0.00459065    0.000542606    0.000453483              0    0.000453483              0
        32.2581              0        58.0645     0.00606456    0.000709036    0.000307772              0    0.000307772              0
        32.2581              0        70.9677     0.00796516    0.000907709    0.000228899              0    0.000228899              0
        32.2581              0         83.871      0.0101511     0.00112605    0.000183279              0    0.000183279              0
        32.2581              0        96.7742      0.0125424     0.00136317    0.000155343              0    0.000155343              0
        32.2581              0        109.677      0.0210579     0.00404256    0.000257264              0    0.000257264              0
        32.2581              0        122.581      0.0212878       0.004806     0.00024001              0     0.00024001              0
        32.2581              0        135.484      0.0202592     0.00430079    0.000382215              0    0.000382215              0
        32.2581              0        148.387      0.0169071     0.00560262    0.000130197              0    0.000130197              0
        32.2581              0         161.29      0.0128196      0.0058387    5.31732e-05              0    5.31732e-05              0
        32.2581              0        174.194     0.00942841     0.00582318    3.94211e-05              0    3.94211e-05              0
        32.2581              0        187.097       0.007978     0.00619948     3.3441e-05              0     3.3441e-05              0
        32.2581              0            200     0.00800162     0.00803662    3.97997e-05              0    3.97997e-05              0
        45.1613              0           -200     0.00761406     0.00614573    3.12918e-05              0    3.12918e-05              0
        45.1613              0       -187.097     0.00866804     0.00563581    2.79598e-05              0    2.79598e-05              0
        45.1613              0       -174.194      0.0104336     0.00513332    4.00759e-05              0    4.00759e-05              0
        45.1613              0        -161.29      0.0132475     0.00426057      8.748e-05              0      8.748e-05              0
        45.1613              0       -148.387      0.0165163      0.0030561    0.000388767              0    0.000388767              0
        45.1613              0       -135.484      0.0183177     0.00336063    0.000381218              0    0.000381218              0
        45.1613              0       -122.581      0.0182207     0.00500105    0.000120855              0    0.000120855              0
        45.1613              0       -109.677       0.018412     0.00393955    0.000183528              0    0.000183528              0
        45.1613              0       -96.7742     0.00881608    0.000952615    0.000115834              0    0.000115834              0
        45.1613              0        -83.871     0.00717747    0.000799317    0.000130748              0    0.000130748              0
        45.1613              0       -70.9677     0.00589562    0.000673476    0.000156217              0    0.000156217              0
        45.1613              0       -58.0645     0.00480721    0.000562677    0.000192338              0    0.000192338              0
        45.1613              0       -45.1613     0.00388515    0.000470549    0.000250218              0    0.000250218              0
        45.1613              0       -32.2581      0.0032101    0.000400741    0.000345055              0    0.000345055              0
        45.1613              0       -19.3548     0.00278172    0.000348764    0.000472158              0    0.000472158              0
        45.1613              0       -6.45161     0.00251663    0.000286366    0.000774051              0    0.000774051              0
        45.1613              0        6.45161     0.00262078      0.0003538    0.000568088              0    0.000568088              0
        45.1613              0        19.3548      0.0027818    0.000379294    0.000462326              0    0.000462326              0
        45.1613              0        32.2581     0.00315014    0.000409081    0.000366025              0    0.000366025              0
        45.1613              0        45.1613     0.00373876    0.000486046    0.000271562              0    0.000271562              0
        45.1613              0        58.0645     0.00455227    0.000582328    0.000208867              0    0.000208867              0
        45.1613              0        70.9677     0.00560757    0.000692799    0.000166464              0    0.000166464              0
        45.1613              0         83.871     0.00694416    0.000822545    0.000138976              0    0.000138976              0
        45.1613              0        96.7742     0.00883448    0.000999471    0.000132231              0    0.000132231              0
        45.1613              0        109.677      0.0186471     0.00420755    0.000189929              0    0.000189929              0
        45.1613              0        122.581      0.0209112     0.00606741    0.000133561              0    0.000133561              0
        45.1613              0        135.484      0.0206103     0.00518468    0.000230226              0    0.000230226              0
        45.1613              0        148.387      0.0181914     0.00561753    0.000203114              0    0.000203114              0
        45.1613              0         161.29      0.0148813     0.00646963    6.39109e-05              0    6.39109e-05              0
        45.1613              0        174.194      0.0108042     0.00619992    4.44883e-05              0    4.44883e-05              0
        45.1613              0        187.097     0.00868286     0.00624436    3.20758e-05              0    3.20758e-05              0
        45.1613              0            200      0.0079177      0.0070013    3.31977e-05              0    3.31977e-05              0
        58.0645              0           -200     0.00805701     0.00607354    2.72558e-05              0    2.72558e-05              0
        58.0645              0       -187.097     0.00946029     0.00563908    3.06708e-05              0    3.06708e-05              0
        58.0645              0       -174.194      0.0118517     0.00490687    5.19366e-05              0    5.19366e-05              0
        58.0645              0        -161.29      0.0148265     0.00368403    0.000229679              0    0.000229679              0
        58.0645              0       -148.387      0.0174741      0.0032369    0.000390159              0    0.000390159              0
        58.0645              0       -135.484      0.0179954     0.00466577     0.00015086              0     0.00015086              0
        58.0645              0       -122.581      0.0181613     0.00587488    9.03069e-05              0    9.03069e-05              0
        58.0645              0       -109.677      0.0170034     0.00440223    0.000138615              0    0.000138615              0
        58.0645              0       -96.7742      0.0145871     0.00193743    0.000388766              0    0.000388766              0
        58.0645              0        -83.871     0.00583054    0.000655756    0.000105906              0    0.000105906              0
        58.0645              0       -70.9677     0.00490695    0.000570913    0.000121678              0    0.000121678              0
        58.0645              0       -58.0645     0.00411815    0.000501274    0.000144522              0    0.000144522              0
        58.0645              0       -45.1613     0.00351709    0.000442467    0.000180047              0    0.000180047              0
        58.0645              0       -32.2581     0.00309943    0.000405456    0.000212778              0    0.000212778              0
        58.0645              0       -19.3548     0.00275745    0.000379507    0.000254889              0    0.000254889              0
        58.0645              0       -6.45161     0.00257842    0.000359855    0.000302335              0    0.000302335              0
        58.0645              0        6.45161     0.00271916    0.000403603     0.00027321              0     0.00027321              0
        58.0645              0        19.3548     0.00284642    0.000408654    0.000245345              0    0.000245345              0
        58.0645              0        32.2581     0.00305193    0.000424094    0.000227533              0    0.000227533              0
        58.0645              0        45.1613     0.00343932    0.000455579     0.00018782              0     0.00018782              0
        58.0645              0        58.0645     0.00397472    0.000517331    0.000156766              0    0.000156766              0
        58.0645              0        70.9677     0.00466588    0.000591937    0.000132626              0    0.000132626              0
        58.0645              0         83.871     0.00553582    0.000676833    0.000113982              0    0.000113982              0
        58.0645              0        96.7742      0.0142512     0.00216093    0.000409187              0    0.000409187              0
        58.0645              0        109.677        0.01722     0.00480326    0.000149067              0    0.000149067              0
        58.0645              0        122.581      0.0196501     0.00668542    9.93292e-05              0    9.93292e-05              0
        58.0645              0        135.484      0.0205244     0.00633036    0.000123836              0    0.000123836              0
        58.0645              0        148.387       0.019382     0.00609277    0.000150838              0    0.000150838              0
        58.0645              0         161.29      0.0160227      0.0067994    8.72116e-05              0    8.72116e-05              0
        58.0645              0        174.194      0.0126422     0.00694255    4.52043e-05              0    4.52043e-05              0
        58.0645              0        187.097     0.00939551     0.00656125    3.49152e-05              0    3.49152e-05              0
        58.0645              0            200     0.00806532      0.0068647    3.07166e-05              0    3.07166e-05              0
        70.9677              0           -200     0.00875901     0.00615478    2.66085e-05              0    2.66085e-05              0
        70.9677              0       -187.097      0.0105847     0.00558157    3.74436e-05              0    3.74436e-05              0
        70.9677              0       -174.194      0.0133437     0.00464841    9.85504e-05              0    9.85504e-05              0
        70.9677              0        -161.29      0.0161558     0.00354289    0.000306502              0    0.000306502              0
        70.9677              0       -148.387      0.0179192     0.00373607    0.000314215              0    0.000314215              0
        70.9677              0       -135.484       0.017724      0.0060908    7.72299e-05              0    7.72299e-05              0
        70.9677              0       -122.581      0.0170536     0.00633608    7.29974e-05              0    7.29974e-05              0
        70.9677              0       -109.677      0.0163258     0.00521314    0.000106784              0    0.000106784              0
        70.9677              0       -96.7742      0.0156124     0.00343669    0.000225687              0    0.000225687              0
        70.9677              0        -83.871     0.00510572    0.000577723    8.91025e-05              0    8.91025e-05              0
        70.9677              0       -70.9677     0.00438104    0.000516347    0.000101949              0    0.000101949              0
        70.9677              0       -58.0645     0.00381842    0.000463374     0.00012053              0     0.00012053              0
        70.9677              0       -45.1613     0.00340598    0.000430251    0.000134426              0    0.000134426              0
        70.9677              0       -32.2581     0.00309755    0.000407361    0.000149528              0    0.000149528              0
        70.9677              0       -19.3548     0.00276321    0.000406399    0.000161887              0    0.000161887              0
        70.9677              0       -6.45161     0.00265199    0.000423695    0.000156192              0    0.000156192              0
        70.9677              0        6.45161     0.00283059    0.000428279    0.000172707              0    0.000172707              0
        70.9677              0        19.3548     0.00294693    0.000418971    0.000165028              0    0.000165028              0
        70.9677              0        32.2581     0.00307578    0.000422936    0.000161426              0    0.000161426              0
        70.9677              0        45.1613     0.00334436    0.000444709    0.000143065              0    0.000143065              0
        70.9677              0        58.0645     0.00373047    0.000479584    0.000124439              0    0.000124439              0
        70.9677              0        70.9677     0.00423616    0.000534497    0.000109356              0    0.000109356              0
        70.9677              0         83.871     0.00516933    0.000635742    0.000114697              0    0.000114697              0
        70.9677              0        96.7742      0.0150812     0.00371954    0.000233423              0    0.000233423              0
        70.9677              0        109.677      0.0156155     0.00531373    0.000112993              0    0.000112993              0
        70.9677              0        122.581      0.0175581     0.00690933    7.91522e-05              0    7.91522e-05              0
        70.9677              0        135.484      0.0196132     0.00745774    7.67785e-05              0    7.67785e-05              0
        70.9677              0        148.387      0.0201732      0.0067992      0.0001076              0      0.0001076              0
        70.9677              0         161.29      0.0171557     0.00728552    9.51703e-05              0    9.51703e-05              0
        70.9677              0        174.194      0.0139262     0.00742528    4.72535e-05              0    4.72535e-05              0
        70.9677              0        187.097      0.0104269     0.00715847    3.73191e-05              0    3.73191e-05              0
        70.9677              0            200     0.00875662     0.00714935    3.01941e-05              0    3.01941e-05              0
         83.871              0           -200     0.00959124     0.00630376     2.9997e-05              0     2.9997e-05              0
         83.871              0       -187.097      0.0118988     0.00552256     4.8916e-05              0     4.8916e-05              0
         83.871              0       -174.194      0.0145902     0.00451922    0.000186873              0    0.000186873              0
         83.871              0        -161.29      0.0171615     0.00360615    0.000309912              0    0.000309912              0
         83.871              0       -148.387      0.0178753     0.00478707    0.000166206              0    0.000166206              0
         83.871              0       -135.484      0.0170591     0.00699655    5.59801e-05              0    5.59801e-05              0
         83.871              0       -122.581      0.0160789     0.00689221     6.0976e-05              0     6.0976e-05              0
         83.871              0       -109.677      0.0157802     0.00595051    8.26525e-05              0    8.26525e-05              0
         83.871              0       -96.7742      0.0154222     0.00468427    0.000131702              0    0.000131702              0
         83.871              0        -83.871      0.0144138     0.00282545    0.000317444              0    0.000317444              0
         83.871              0       -70.9677     0.00413146     0.00048196     8.9779e-05              0     8.9779e-05              0
         83.871              0       -58.0645     0.00372259    0.000449727    9.69677e-05              0    9.69677e-05              0
         83.871              0       -45.1613       0.003409    0.000425159    0.000105888              0    0.000105888              0
         83.871              0       -32.2581     0.00313138    0.000411531    0.000113937              0    0.000113937              0
         83.871              0       -19.3548      0.0027975    0.000430725    0.000114088              0    0.000114088              0
         83.871              0       -6.45161     0.00274523    0.000454666    0.000107407              0    0.000107407              0
         83.871              0        6.45161     0.00295472    0.000440599      0.0001263              0      0.0001263              0
         83.871              0        19.3548     0.00306954    0.000427723    0.000123104              0    0.000123104              0
         83.871              0        32.2581     0.00317602    0.000430223     0.00012023              0     0.00012023              0
         83.871              0        45.1613     0.00333322    0.000441401    0.000115082              0    0.000115082              0
         83.871              0        58.0645     0.00363569    0.000462468    0.000102065              0    0.000102065              0
         83.871              0        70.9677     0.00403823    0.000500863    9.18839e-05              0    9.18839e-05              0
         83.871              0         83.871      0.0147114     0.00340653    0.000306795              0    0.000306795              0
         83.871              0        96.7742      0.0147358     0.00497698     0.00014032              0     0.00014032              0
         83.871              0        109.677      0.0147671     0.00607468    8.76319e-05              0    8.76319e-05              0
         83.871              0        122.581      0.0155359     0.00703989    6.45891e-05              0    6.45891e-05              0
         83.871              0        135.484      0.0179262     0.00827063    6.09951e-05              0    6.09951e-05              0
         83.871              0        148.387       0.019841     0.00762497    7.91623e-05              0    7.91623e-05              0
         83.871              0         161.29       0.018634     0.00788354    8.10342e-05              0    8.10342e-05              0
         83.871              0        174.194      0.0150577     0.00798501    5.35622e-05              0    5.35622e-05              0
         83.871              0        187.097      0.0116179     0.00774497    3.90755e-05              0    3.90755e-05              0
         83.871              0            200     0.00937898     0.00759784    3.02454e-05              0    3.02454e-05              0
        96.7742              0           -200      0.0106142     0.00643576    3.39279e-05              0    3.39279e-05              0
        96.7742              0       -187.097      0.0131111     0.00550097    7.86758e-05              0    7.86758e-05              0
        96.7742              0       -174.194      0.0157708     0.00443738    0.000232618              0    0.000232618              0
        96.7742              0        -161.29      0.0179694     0.00403763    0.000284024              0    0.000284024              0
        96.7742              0       -148.387      0.0174091     0.00636651    7.87895e-05              0    7.87895e-05              0
        96.7742              0       -135.484      0.0163038     0.00794251    4.70142e-05              0    4.70142e-05              0
        96.7742              0       -122.581      0.0155725     0.00753693     5.1115e-05              0     5.1115e-05              0
        96.7742              0       -109.677      0.0151798     0.00670443    6.43152e-05              0    6.43152e-05              0
        96.7742              0       -96.7742      0.0142015     0.00539319    8.86142e-05              0    8.86142e-05              0
        96.7742              0        -83.871      0.0133726     0.00405726    0.000140144              0    0.000140144              0
        96.7742              0       -70.9677      0.0152633     0.00358334    0.000293121              0    0.000293121              0
        96.7742              0       -58.0645     0.00832369     0.00108688    0.000331073              0    0.000331073              0
        96.7742              0       -45.1613     0.00346115    0.000427206    8.63437e-05              0    8.63437e-05              0
        96.7742              0       -32.2581     0.00318366    0.000419107    9.11284e-05              0    9.11284e-05              0
        96.7742              0       -19.3548     0.00285714     0.00044915    8.74132e-05              0    8.74132e-05              0
        96.7742              0       -6.45161     0.00285703    0.000465622    8.67997e-05              0    8.67997e-05              0
        96.7742              0        6.45161     0.00309271    0.000451149    9.93552e-05              0    9.93552e-05              0
        96.7742              0        19.3548     0.00320988    0.000438954    9.72142e-05              0    9.72142e-05              0
        96.7742              0        32.2581     0.00330063    0.000439805    9.48619e-05              0    9.48619e-05              0
        96.7742              0        45.1613     0.00349118    0.000450281    9.80767e-05              0    9.80767e-05              0
        96.7742              0        58.0645      0.0122631     0.00196641    0.000526827              0    0.000526827              0
        96.7742              0        70.9677      0.0142229     0.00369766    0.000268401              0    0.000268401              0
        96.7742              0         83.871      0.0140772     0.00487615    0.000145081              0    0.000145081              0
        96.7742              0        96.7742      0.0139881     0.00593385    9.44535e-05              0    9.44535e-05              0
        96.7742              0        109.677      0.0141133        0.00682    6.87231e-05              0    6.87231e-05              0
        96.7742              0        122.581      0.0144816     0.00755352    5.41469e-05              0    5.41469e-05              0
        96.7742              0        135.484      0.0161179     0.00850886    5.05209e-05              0    5.05209e-05              0
        96.7742              0        148.387      0.0186459     0.00849284    6.19811e-05              0    6.19811e-05              0
        96.7742              0         161.29      0.0193066     0.00814522    6.97644e-05              0    6.97644e-05              0
        96.7742              0        174.194      0.0160288     0.00871499    5.31705e-05              0    5.31705e-05              0
        96.7742              0        187.097      0.0126789     0.00833509    3.89617e-05              0    3.89617e-05              0
        96.7742              0            200     0.00988438     0.00804629    3.15217e-05              0    3.15217e-05              0
        109.677              0           -200      0.0116858     0.00647587    4.01525e-05              0    4.01525e-05              0
        109.677              0       -187.097      0.0142297     0.00563494    0.000130805              0    0.000130805              0
        109.677              0       -174.194      0.0169351     0.00426817    0.000246949              0    0.000246949              0
        109.677              0        -161.29      0.0182865     0.00470059    0.000200534              0    0.000200534              0
        109.677              0       -148.387      0.0171349     0.00790539    5.07492e-05              0    5.07492e-05              0
        109.677              0       -135.484      0.0159666     0.00897164    4.15239e-05              0    4.15239e-05              0
        109.677              0       -122.581      0.0154907     0.00840115    4.32518e-05              0    4.32518e-05              0
        109.677              0       -109.677      0.0145234     0.00733092     5.0854e-05              0     5.0854e-05              0
        109.677              0       -96.7742      0.0129528     0.00577776    6.43956e-05              0    6.43956e-05              0
        109.677              0        -83.871      0.0132268     0.00550391    8.49085e-05              0    8.49085e-05              0
        109.677              0       -70.9677      0.0145113     0.00546349     0.00012235              0     0.00012235              0
        109.677              0       -58.0645      0.0154437     0.00520396    0.000181252              0    0.000181252              0
        109.677              0       -45.1613      0.0144682     0.00421935    0.000253799              0    0.000253799              0
        109.677              0       -32.2581       0.012479     0.00321869    0.000338701              0    0.000338701              0
        109.677              0       -19.3548     0.00958053     0.00237872    0.000372392              0    0.000372392              0
        109.677              0       -6.45161       0.010498     0.00276355    0.000390515              0    0.000390515              0
        109.677              0        6.45161      0.0137242     0.00418456    0.000345338              0    0.000345338              0
        109.677              0        19.3548      0.0153746      0.0050056    0.000301847              0    0.000301847              0
        109.677              0        32.2581      0.0162633     0.00561005    0.000262991              0    0.000262991              0
        109.677              0        45.1613      0.0151716     0.00540159    0.000218169              0    0.000218169              0
        109.677              0        58.0645       0.013522     0.00504336    0.000166502              0    0.000166502              0
        109.677              0        70.9677      0.0124856     0.00489852    0.000119976              0    0.000119976              0
        109.677              0         83.871      0.0128763     0.00571569    8.74125e-05              0    8.74125e-05              0
        109.677              0        96.7742      0.0132807     0.00666778    6.75246e-05              0    6.75246e-05              0
        109.677              0        109.677      0.0136634     0.00759818    5.45589e-05              0    5.45589e-05              0
        109.677              0        122.581      0.0141675     0.00834803    4.67105e-05              0    4.67105e-05              0
        109.677              0        135.484      0.0150129     0.00885234    4.41427e-05              0    4.41427e-05              0
        109.677              0        148.387      0.0173105     0.00926601    5.20339e-05              0    5.20339e-05              0
        109.677              0         161.29       0.018905     0.00863611    6.03998e-05              0    6.03998e-05              0
        109.677              0        174.194      0.0167522     0.00923933    4.92575e-05              0    4.92575e-05              0
        109.677              0        187.097      0.0133656     0.00891988    3.70914e-05              0    3.70914e-05              0
        109.677              0            200      0.0104856     0.00861397    3.23611e-05              0    3.23611e-05              0
        122.581              0           -200      0.0128011     0.00660092    5.48816e-05              0    5.48816e-05              0
        122.581              0       -187.097      0.0153907     0.00587147    0.000170966              0    0.000170966              0
        122.581              0       -174.194      0.0180394     0.00441631    0.000244152              0    0.000244152              0
        122.581              0        -161.29      0.0181379     0.00566263    0.000108981              0    0.000108981              0
        122.581              0       -148.387      0.0170589     0.00928847    4.42306e-05              0    4.42306e-05              0
        122.581              0       -135.484       0.016247      0.0100941    3.82545e-05              0    3.82545e-05              0
        122.581              0       -122.581      0.0156376     0.00942853    3.84451e-05              0    3.84451e-05              0
        122.581              0       -109.677      0.0139598      0.0078293    4.11099e-05              0    4.11099e-05              0
        122.581              0       -96.7742       0.012647     0.00666547    4.86869e-05              0    4.86869e-05              0
        122.581              0        -83.871      0.0131963     0.00685071    5.88889e-05              0    5.88889e-05              0
        122.581              0       -70.9677      0.0145268     0.00741914    7.46826e-05              0    7.46826e-05              0
        122.581              0       -58.0645      0.0154294     0.00767343     9.2856e-05              0     9.2856e-05              0
        122.581              0       -45.1613      0.0151791     0.00748264    0.000111068              0    0.000111068              0
        122.581              0       -32.2581      0.0122072     0.00573633    0.000132841              0    0.000132841              0
        122.581              0       -19.3548      0.0110668     0.00513888    0.000139377              0    0.000139377              0
        122.581              0       -6.45161      0.0149896     0.00783413    0.000140665              0    0.000140665              0
        122.581              0        6.45161      0.0203678      0.0118092    0.000137138              0    0.000137138              0
        122.581              0        19.3548      0.0218878         0.0131    0.000132105              0    0.000132105              0
        122.581              0        32.2581      0.0211124      0.0126754    0.000122592              0    0.000122592              0
        122.581              0        45.1613       0.017886      0.0104443    0.000107633              0    0.000107633              0
        122.581              0        58.0645       0.014466     0.00807317    8.99763e-05              0    8.99763e-05              0
        122.581              0        70.9677       0.012151     0.00641983    7.49274e-05              0    7.49274e-05              0
        122.581              0         83.871      0.0122456      0.0065232    6.21965e-05              0    6.21965e-05              0
        122.581              0        96.7742      0.0128876      0.0074082    5.11683e-05              0    5.11683e-05              0
        122.581              0        109.677      0.0135353     0.00844729    4.44465e-05              0    4.44465e-05              0
        122.581              0        122.581      0.0141153     0.00925901    4.17315e-05              0    4.17315e-05              0
        122.581              0        135.484      0.0146104     0.00959756    4.07189e-05              0    4.07189e-05              0
        122.581              0        148.387      0.0162552     0.00993864    4.70076e-05              0    4.70076e-05              0
        122.581              0         161.29      0.0180956     0.00930173    5.24188e-05              0    5.24188e-05              0
        122.581              0        174.194      0.0171406     0.00956979    4.46818e-05              0    4.46818e-05              0
        122.581              0        187.097      0.0138053     0.00956862    3.54407e-05              0    3.54407e-05              0
        122.581              0            200      0.0109788     0.00918768     3.1701e-05              0     3.1701e-05              0
        135.484              0           -200      0.0139624     0.00699777    8.12253e-05              0    8.12253e-05              0
        135.484              0       -187.097      0.0166629     0.00584707    0.000193218              0    0.000193218              0
        135.484              0       -174.194      0.0188943     0.00487989    0.000217721              0    0.000217721              0
        135.484              0        -161.29      0.0181339     0.00710544    7.58513e-05              0    7.58513e-05              0
        135.484              0       -148.387       0.017218        0.01066    4.31368e-05              0    4.31368e-05              0
        135.484              0       -135.484      0.0165356      0.0112406    3.68989e-05              0    3.68989e-05              0
        135.484              0       -122.581      0.0157946      0.0104628    3.63867e-05              0    3.63867e-05              0
        135.484              0       -109.677      0.0139924     0.00870771    3.59106e-05              0    3.59106e-05              0
        135.484              0       -96.7742        0.01286     0.00790018    3.86395e-05              0    3.86395e-05              0
        135.484              0        -83.871      0.0135176     0.00842273     4.6156e-05              0     4.6156e-05              0
        135.484              0       -70.9677      0.0152081     0.00966568    5.53911e-05              0    5.53911e-05              0
        135.484              0       -58.0645      0.0165257      0.0108075    6.40406e-05              0    6.40406e-05              0
        135.484              0       -45.1613      0.0162612      0.0105319    6.90672e-05              0    6.90672e-05              0
        135.484              0       -32.2581      0.0151883     0.00979537    8.12815e-05              0    8.12815e-05              0
        135.484              0       -19.3548      0.0170503      0.0112881    8.56825e-05              0    8.56825e-05              0
        135.484              0       -6.45161      0.0237414      0.0179942    0.000105887              0    0.000105887              0
        135.484              0        6.45161      0.0268188      0.0221769    0.000108023              0    0.000108023              0
        135.484              0        19.3548      0.0266206       0.022606    0.000102908              0    0.000102908              0
        135.484              0        32.2581      0.0249036      0.0208791    9.44771e-05              0    9.44771e-05              0
        135.484              0        45.1613      0.0212349      0.0170041    8.14394e-05              0    8.14394e-05              0
        135.484              0        58.0645      0.0169287      0.0124621    6.89306e-05              0    6.89306e-05              0
        135.484              0        70.9677      0.0137746     0.00933406    5.81663e-05              0    5.81663e-05              0
        135.484              0         83.871       0.012544     0.00800123    4.96918e-05              0    4.96918e-05              0
        135.484              0        96.7742      0.0128467     0.00831219    4.23058e-05              0    4.23058e-05              0
        135.484              0        109.677      0.0136167     0.00938445    3.92681e-05              0    3.92681e-05              0
        135.484              0        122.581      0.0141777      0.0102389    3.81795e-05              0    3.81795e-05              0
        135.484              0        135.484      0.0145586      0.0105434    3.84499e-05              0    3.84499e-05              0
        135.484              0        148.387       0.015621      0.0106563    4.36325e-05              0    4.36325e-05              0
        135.484              0         161.29      0.0174127      0.0100766    4.73839e-05              0    4.73839e-05              0
        135.484              0        174.194      0.0170931     0.00989163    4.05343e-05              0    4.05343e-05              0
        135.484              0        187.097      0.0142459      0.0102892    3.35423e-05              0    3.35423e-05              0
        135.484              0            200      0.0113599     0.00972627    3.04189e-05              0    3.04189e-05              0
        148.387              0           -200      0.0152133     0.00762648    0.000110116              0    0.000110116              0
        148.387              0       -187.097      0.0179652     0.00555304    0.000206309              0    0.000206309              0
        148.387              0       -174.194      0.0195564     0.00546437    0.000164187              0    0.000164187              0
        148.387              0        -161.29      0.0184447     0.00884339    6.65074e-05              0    6.65074e-05              0
        148.387              0       -148.387       0.017457      0.0119777    4.24718e-05              0    4.24718e-05              0
        148.387              0       -135.484      0.0166806      0.0123866    3.58367e-05              0    3.58367e-05              0
        148.387              0       -122.581      0.0159268      0.0114973    3.48153e-05              0    3.48153e-05              0
        148.387              0       -109.677      0.0143428     0.00995496    3.37401e-05              0    3.37401e-05              0
        148.387              0       -96.7742      0.0132196     0.00928933     3.4848e-05              0     3.4848e-05              0
        148.387              0        -83.871      0.0138256      0.0100948    3.94842e-05              0    3.94842e-05              0
        148.387              0       -70.9677      0.0151989      0.0117291    4.65719e-05              0    4.65719e-05              0
        148.387              0       -58.0645      0.0164249      0.0131683    5.27761e-05              0    5.27761e-05              0
        148.387              0       -45.1613      0.0183045       0.015008    6.84084e-05              0    6.84084e-05              0
        148.387              0       -32.2581      0.0207992      0.0173859    8.08099e-05              0    8.08099e-05              0
        148.387              0       -19.3548      0.0252984      0.0227119    8.85728e-05              0    8.85728e-05              0
        148.387              0       -6.45161      0.0284725      0.0288283    0.000110122              0    0.000110122              0
        148.387              0        6.45161      0.0297378      0.0317287    0.000112614              0    0.000112614              0
        148.387              0        19.3548      0.0294607      0.0315298    0.000105713              0    0.000105713              0
        148.387              0        32.2581      0.0275735      0.0289848    9.71357e-05              0    9.71357e-05              0
        148.387              0        45.1613      0.0239112      0.0238737    8.34717e-05              0    8.34717e-05              0
        148.387              0        58.0645      0.0197755      0.0180794    6.56022e-05              0    6.56022e-05              0
        148.387              0        70.9677       0.016002      0.0132683     5.1837e-05              0     5.1837e-05              0
        148.387              0         83.871      0.0135925      0.0102092    4.33084e-05              0    4.33084e-05              0
        148.387              0        96.7742       0.013246      0.0096981    3.85279e-05              0    3.85279e-05              0
        148.387              0        109.677      0.0137614      0.0103874    3.61147e-05              0    3.61147e-05              0
        148.387              0        122.581      0.0143026      0.0112516    3.56129e-05              0    3.56129e-05              0
        148.387              0        135.484      0.0146331       0.011561    3.69447e-05              0    3.69447e-05              0
        148.387              0        148.387       0.015352      0.0114702    4.11507e-05              0    4.11507e-05              0
        148.387              0         161.29      0.0169904      0.0109363    4.48639e-05              0    4.48639e-05              0
        148.387              0        174.194      0.0167312      0.0103196    3.76096e-05              0    3.76096e-05              0
        148.387              0        187.097      0.0145706      0.0109448    3.13208e-05              0    3.13208e-05              0
        148.387              0            200      0.0116572      0.0102839    2.87458e-05              0    2.87458e-05              0
         161.29              0           -200       0.016678      0.0081831    0.000138719              0    0.000138719              0
         161.29              0       -187.097      0.0192063     0.00560105    0.000207796              0    0.000207796              0
         161.29              0       -174.194      0.0201485     0.00615576    0.000118567              0    0.000118567              0
         161.29              0        -161.29      0.0189952      0.0106108    6.44703e-05              0    6.44703e-05              0
         161.29              0       -148.387      0.0176641       0.013228    4.17567e-05              0    4.17567e-05              0
         161.29              0       -135.484      0.0168755      0.0136524    3.54271e-05              0    3.54271e-05              0
         161.29              0       -122.581       0.016191       0.012709    3.28981e-05              0    3.28981e-05              0
         161.29              0       -109.677      0.0147268       0.011317    3.18597e-05              0    3.18597e-05              0
         161.29              0       -96.7742       0.013646      0.0107891     3.1052e-05              0     3.1052e-05              0
         161.29              0        -83.871      0.0140756      0.0117655    3.34474e-05              0    3.34474e-05              0
         161.29              0       -70.9677      0.0149177      0.0134336    4.03909e-05              0    4.03909e-05              0
         161.29              0       -58.0645      0.0165881      0.0158804    4.95634e-05              0    4.95634e-05              0
         161.29              0       -45.1613      0.0200891      0.0203282     7.1767e-05              0     7.1767e-05              0
         161.29              0       -32.2581      0.0241016      0.0253121    8.13938e-05              0    8.13938e-05              0
         161.29              0       -19.3548      0.0285266      0.0325956    8.91226e-05              0    8.91226e-05              0
         161.29              0       -6.45161      0.0337989      0.0409498    8.81598e-05              0    8.81598e-05              0
         161.29              0        6.45161      0.0374099      0.0466198    9.63729e-05              0    9.63729e-05              0
         161.29              0        19.3548      0.0371509      0.0460571    9.39635e-05              0    9.39635e-05              0
         161.29              0        32.2581      0.0332534      0.0407649    8.41017e-05              0    8.41017e-05              0
         161.29              0        45.1613      0.0269811      0.0316888    6.76838e-05              0    6.76838e-05              0
         161.29              0        58.0645      0.0211977      0.0230778    6.10494e-05              0    6.10494e-05              0
         161.29              0        70.9677      0.0175887      0.0172389    5.50793e-05              0    5.50793e-05              0
         161.29              0         83.871      0.0152061      0.0133788    4.41344e-05              0    4.41344e-05              0
         161.29              0        96.7742      0.0139136      0.0114825    3.66889e-05              0    3.66889e-05              0
         161.29              0        109.677      0.0140348      0.0114703     3.4458e-05              0     3.4458e-05              0
         161.29              0        122.581       0.014473      0.0123072    3.40714e-05              0    3.40714e-05              0
         161.29              0        135.484      0.0147437      0.0126171    3.67219e-05              0    3.67219e-05              0
         161.29              0        148.387      0.0153198      0.0123811    3.95531e-05              0    3.95531e-05              0
         161.29              0         161.29      0.0168439       0.011899    4.28213e-05              0    4.28213e-05              0
         161.29              0        174.194      0.0163045      0.0109126     3.5876e-05              0     3.5876e-05              0
         161.29              0        187.097      0.0146527      0.0114936    2.90354e-05              0    2.90354e-05              0
         161.29              0            200      0.0119959       0.010908    2.74114e-05              0    2.74114e-05              0
        174.194              0           -200      0.0182875     0.00836857     0.00017097              0     0.00017097              0
        174.194              0       -187.097      0.0203881     0.00600692    0.000202055              0    0.000202055              0
        174.194              0       -174.194      0.0207874     0.00698253     9.4562e-05              0     9.4562e-05              0
        174.194              0        -161.29      0.0197251      0.0122897    6.52166e-05              0    6.52166e-05              0
        174.194              0       -148.387      0.0180368      0.0145703    4.18042e-05              0    4.18042e-05              0
        174.194              0       -135.484      0.0170915      0.0149874    3.61802e-05              0    3.61802e-05              0
        174.194              0       -122.581      0.0165189      0.0140889    3.17406e-05              0    3.17406e-05              0
        174.194              0       -109.677      0.0151742      0.0128145    3.02724e-05              0    3.02724e-05              0
        174.194              0       -96.7742      0.0141946      0.0124375    2.91935e-05              0    2.91935e-05              0
        174.194              0        -83.871      0.0141507      0.0133222    3.23381e-05              0    3.23381e-05              0
        174.194              0       -70.9677      0.0145436      0.0149481    3.79275e-05              0    3.79275e-05              0
        174.194              0       -58.0645      0.0166879      0.0185893    4.87568e-05              0    4.87568e-05              0
        174.194              0       -45.1613      0.0202917      0.0241483    5.64583e-05              0    5.64583e-05              0
        174.194              0       -32.2581      0.0255902      0.0315726    5.84113e-05              0    5.84113e-05              0
        174.194              0       -19.3548      0.0338009      0.0443235    7.63337e-05              0    7.63337e-05              0
        174.194              0       -6.45161      0.0459528      0.0652243    9.92359e-05              0    9.92359e-05              0
        174.194              0        6.45161      0.0481574      0.0719635    9.02915e-05              0    9.02915e-05              0
        174.194              0        19.3548       0.044417      0.0660093     8.0533e-05              0     8.0533e-05              0
        174.194              0        32.2581      0.0370349      0.0526313    7.26023e-05              0    7.26023e-05              0
        174.194              0        45.1613      0.0306743      0.0413298    6.52475e-05              0    6.52475e-05              0
        174.194              0        58.0645      0.0236668      0.0295887    5.32665e-05              0    5.32665e-05              0
        174.194              0        70.9677      0.0181114      0.0204519    4.37586e-05              0    4.37586e-05              0
        174.194              0         83.871      0.0154748      0.0157165    4.54001e-05              0    4.54001e-05              0
        174.194              0        96.7742      0.0146695      0.0134258    3.98052e-05              0    3.98052e-05              0
        174.194              0        109.677       0.014388      0.0128543    3.56578e-05              0    3.56578e-05              0
        174.194              0        122.581       0.014627      0.0133799    3.45152e-05              0    3.45152e-05              0
        174.194              0        135.484      0.0148675      0.0136962    3.62154e-05              0    3.62154e-05              0
        174.194              0        148.387      0.0154948       0.013435    3.76906e-05              0    3.76906e-05              0
        174.194              0         161.29       0.016863      0.0129552    4.01221e-05              0    4.01221e-05              0
        174.194              0        174.194      0.0161184      0.0117176     3.3584e-05              0     3.3584e-05              0
        174.194              0        187.097      0.0144488      0.0119727    2.71467e-05              0    2.71467e-05              0
        174.194              0            200      0.0123985      0.0116307    2.65625e-05              0    2.65625e-05              0
        187.097              0           -200      0.0199136     0.00831172    0.000194878              0    0.000194878              0
        187.097              0       -187.097      0.0215479     0.00660509    0.000189959              0    0.000189959              0
        187.097              0       -174.194      0.0215024     0.00793444     8.1638e-05              0     8.1638e-05              0
        187.097              0        -161.29      0.0205676      0.0138924    6.53818e-05              0    6.53818e-05              0
        187.097              0       -148.387      0.0187391      0.0161539    4.23943e-05              0    4.23943e-05              0
        187.097              0       -135.484      0.0173914      0.0164496    3.64094e-05              0    3.64094e-05              0
        187.097              0       -122.581      0.0167258      0.0154768    3.30088e-05              0    3.30088e-05              0
        187.097              0       -109.677      0.0155437      0.0143105    3.10449e-05              0    3.10449e-05              0
        187.097              0       -96.7742      0.0141464      0.0135728    2.99922e-05              0    2.99922e-05              0
        187.097              0        -83.871      0.0136805      0.0143029    3.17307e-05              0    3.17307e-05              0
        187.097              0       -70.9677      0.0142953      0.0163916    3.05987e-05              0    3.05987e-05              0
        187.097              0       -58.0645      0.0165948      0.0211069    3.96649e-05              0    3.96649e-05              0
        187.097              0       -45.1613       0.021128      0.0277581    4.51834e-05              0    4.51834e-05              0
        187.097              0       -32.2581      0.0292535      0.0409785    5.68992e-05              0    5.68992e-05              0
        187.097              0       -19.3548      0.0448019      0.0699249    4.78078e-05              0    4.78078e-05              0
        187.097              0       -6.45161      0.0954802       0.152941    0.000108117              0    0.000108117              0
        187.097              0        6.45161       0.106006       0.173051    0.000123284              0    0.000123284              0
        187.097              0        19.3548      0.0693789       0.109917    8.01312e-05              0    8.01312e-05              0
        187.097              0        32.2581      0.0426512      0.0664118    4.31904e-05              0    4.31904e-05              0
        187.097              0        45.1613      0.0301805      0.0464749    2.63845e-05              0    2.63845e-05              0
        187.097              0        58.0645      0.0247873      0.0354571     4.0612e-05              0     4.0612e-05              0
        187.097              0        70.9677      0.0195328      0.0249616    3.97667e-05              0    3.97667e-05              0
        187.097              0         83.871      0.0155729      0.0178002     3.5577e-05              0     3.5577e-05              0
        187.097              0        96.7742      0.0144382      0.0145459    3.82319e-05              0    3.82319e-05              0
        187.097              0        109.677      0.0142513      0.0139629    3.66611e-05              0    3.66611e-05              0
        187.097              0        122.581      0.0146762      0.0142989    3.38378e-05              0    3.38378e-05              0
        187.097              0        135.484      0.0149726       0.014709    3.28017e-05              0    3.28017e-05              0
        187.097              0        148.387      0.0158233       0.014641    3.36424e-05              0    3.36424e-05              0
        187.097              0         161.29      0.0168669       0.014064    3.60216e-05              0    3.60216e-05              0
        187.097              0        174.194      0.0160868      0.0127052    3.03214e-05              0    3.03214e-05              0
        187.097              0        187.097      0.0141662      0.0125104    2.57091e-05              0    2.57091e-05              0
        187.097              0            200      0.0126834      0.0123593     2.5951e-05              0     2.5951e-05              0
            200              0           -200      0.0215998     0.00834957    0.000211161              0    0.000211161              0
            200              0       -187.097      0.0227566     0.00733052    0.000177549              0    0.000177549              0
            200              0       -174.194      0.0222676     0.00898247    7.47854e-05              0    7.47854e-05              0
            200              0        -161.29      0.0212906      0.0153119    6.19187e-05              0    6.19187e-05              0
            200              0       -148.387      0.0196285      0.0179113    4.28197e-05              0    4.28197e-05              0
            200              0       -135.484       0.017913      0.0181475    3.33687e-05              0    3.33687e-05              0
            200              0       -122.581      0.0166822      0.0166789     3.2489e-05              0     3.2489e-05              0
            200              0       -109.677      0.0152038      0.0151658    3.28793e-05              0    3.28793e-05              0
            200              0       -96.7742      0.0137051       0.014309    3.09844e-05              0    3.09844e-05              0
            200              0        -83.871      0.0134208      0.0154618    2.80089e-05              0    2.80089e-05              0
            200              0       -70.9677       0.014294      0.0179687    2.70099e-05              0    2.70099e-05              0
            200              0       -58.0645      0.0166817      0.0230492     3.4417e-05              0     3.4417e-05              0
            200              0       -45.1613      0.0230045      0.0334746    3.64982e-05              0    3.64982e-05              0
            200              0       -32.2581       0.033688      0.0533155     3.3365e-05              0     3.3365e-05              0
            200              0       -19.3548       0.148189       0.245319    0.000166201              0    0.000166201              0
            200              0       -6.45161       -0.62543       -1.15544   -0.000653922             -0   -0.000653922             -0
            200              0        6.45161       0.535283        1.05979    0.000467543              0    0.000467543              0
            200              0        19.3548      0.0875816       0.163348    7.34226e-05              0    7.34226e-05              0
            200              0        32.2581      0.0434397      0.0720156    4.99313e-05              0    4.99313e-05              0
            200              0        45.1613      0.0328196      0.0509241    3.60447e-05              0    3.60447e-05              0
            200              0        58.0645      0.0241935      0.0375481    2.04868e-05              0    2.04868e-05              0
            200              0        70.9677      0.0202552      0.0290374    3.00687e-05              0    3.00687e-05              0
            200              0         83.871       0.016313      0.0206093    3.11775e-05              0    3.11775e-05              0
            200              0        96.7742      0.0144218      0.0159465    3.14256e-05              0    3.14256e-05              0
            200              0        109.677      0.0141607      0.0149344    3.31197e-05              0    3.31197e-05              0
            200              0        122.581      0.0147576      0.0151931    3.15358e-05              0    3.15358e-05              0
            200              0        135.484      0.0152872      0.0159027    2.92226e-05              0    2.92226e-05              0
            200              0        148.387      0.0161663      0.0159324    2.96276e-05              0    2.96276e-05              0
            200              0         161.29      0.0167928      0.0152102    3.08887e-05              0    3.08887e-05              0
            200              0        174.194      0.0160737      0.0138311    2.72536e-05              0    2.72536e-05              0
            200              0        187.097       0.014104      0.0132739    2.44761e-05              0    2.44761e-05              0
            200              0            200      0.0126525      0.0129549    2.57225e-05              0    2.57225e-05              0
