1 0 0 0 0 0 0 0.719471 0.00413444 -1 0
1 0 0.25 0 0 0 0 0.532575 0.00446949 -1 0
1 0 0.5 0 0 0 0 0.26389 0.00537088 -1 53000
1.125 0 0 0 0 0 0 0.750392 0.00484203 -1 0
1.125 0 0.25 0 0 0 0 0.5872 0.00510747 -1 53000
1.125 0 0.5 0 0 0 0 0.34577 0.00612231 -1 52500
1.25 0 0 0 0 0 0 0.788803 0.00563277 -1 106500
1.25 0 0.25 0 0 0 0 0.628868 0.00587778 -1 105500
1.25 0 0.5 0 0 0 0 0.406687 0.00692065 -1 51500
1.375 0 0 0 0 0 0 0.818354 0.00643358 -1 158500
1.375 0 0.25 0 0 0 0 0.658916 0.00666325 -1 104500
1.375 0 0.5 0 0 0 0 0.446974 0.00771018 -1 104000
1.375 0 0.75 0 0 0 0 0.223509 0.00913625 1 50000
1.5 0 0 0 0 0 0 0.831748 0.00725223 -1 210000
1.5 0 0.25 0 0 0 0 0.674914 0.00748812 -1 156500
1.5 0 0.5 0 0 0 0 0.466178 0.00846144 -1 103000
1.5 0 0.75 0 0 0 0 0.178079 0.00985736 1 49500
1.625 0 0 0 0 0 0 0.821268 0.0080568 -1 207500
1.625 0 0.25 0 0 0 0 0.672121 0.00827686 -1 155000
1.625 0 0.5 0 0 0 0 0.46727 0.00919294 -1 102000
1.625 0 0.75 0 0 0 0 0.14374 0.010572 1 48500
1.75 0 0 0 0 0 0 0.788664 0.00886673 -1 152000
1.75 0 0.25 0 0 0 0 0.652323 0.00907223 -1 153500
1.75 0 0.5 0 0 0 0 0.450521 0.00992786 -1 101000
1.75 0 0.75 0 0 0 0 0.20809 0.0113001 1 47500
1.875 0 0 0 0 0 0 0.744671 0.00968748 -1 151500
1.875 0 0.25 0 0 0 0 0.609125 0.00987853 -1 99000
1.875 0 0.5 0 0 0 0 0.416619 0.0106741 -1 100000
1.875 0 0.75 0 0 0 0 0.244672 0.0120347 1 47000
1.875 0 1 0 0 0 0 0.532168 0.0136921 1 5825500
2 0 0 0 0 0 0 0.695793 0.0104919 -1 97000
2 0 0.25 0 0 0 0 0.551191 0.0106699 -1 98000
2 0 0.5 0 0 0 0 0.352116 0.0114166 -1 45500
2 0 0.75 0 0 0 0 0.322996 0.0127502 1 46000
2 0 1 0 0 0 0 0.5588 0.0143523 1 5825000
2.125 0 0 0 0 0 0 0.635478 0.0113031 -1 96500
2.125 0 0.25 0 0 0 0 0.485609 0.0114681 -1 97500
2.125 0 0.5 0 0 0 0 0.247482 0.0121721 -1 44500
2.125 0 0.75 0 0 0 0 0.394437 0.0134604 1 45500
2.125 0 1 0 0 0 0 0.59417 0.015033 1 5824500
2.25 0 0 0 0 0 0 0.569134 0.0121169 -1 96000
2.25 0 0.25 0 0 0 0 0.405574 0.0122692 -1 43000
2.25 0 0.5 0 0 0 0 0.156858 0.0129373 1 44000
2.25 0 0.75 0 0 0 0 0.464963 0.0141641 1 5823000
2.25 0 1 0 0 0 0 0.636843 0.0157272 1 5824000
2.25 0 1.25 0 0 0 0 0.78523 0.017561 1 5770500
2.375 0 0 0 0 0 0 0.497268 0.0129205 -1 95500
2.375 0 0.25 0 0 0 0 0.279295 0.0130612 -1 42500
2.375 0 0.5 0 0 0 0 0.323395 0.0137001 1 43500
2.375 0 0.75 0 0 0 0 0.528283 0.0148566 1 5822500
2.375 0 1 0 0 0 0 0.683302 0.0164195 1 5823500
2.375 0 1.25 0 0 0 0 0.817393 0.0181664 1 5770000
2.5 0 0 0 0 0 0 0.398646 0.0137304 -1 41000
2.5 0 0.25 0 0 0 0 0.145425 0.0138598 1 42000
2.5 0 0.5 0 0 0 0 0.435121 0.0144713 1 43000
2.5 0 0.75 0 0 0 0 0.593508 0.0155553 1 5822000
2.5 0 1 0 0 0 0 0.732119 0.0171122 1 5823000
2.5 0 1.25 0 0 0 0 0.853061 0.0187974 1 5770000
2.625 0 0 0 0 0 0 0.284973 0.0145381 -1 41000
2.625 0 0.25 0 0 0 0 0.328516 0.014657 1 41500
2.625 0 0.5 0 0 0 0 0.521462 0.0152422 1 5821000
2.625 0 0.75 0 0 0 0 0.656803 0.0162596 1 5821500
2.625 0 1 0 0 0 0 0.781664 0.0177957 1 5822500
2.625 0 1.25 0 0 0 0 0.890275 0.0194467 1 5769500
2.625 0 1.5 0 0 0 0 0.996556 0.0214269 1 5770000
2.75 0 0 0 0 0 0 0.208598 0.015342 1 40500
2.75 0 0.25 0 0 0 0 0.449721 0.0154514 1 41500
2.75 0 0.5 0 0 0 0 0.591943 0.0160106 1 5820500
2.75 0 0.75 0 0 0 0 0.717321 0.0169716 1 5821000
2.75 0 1 0 0 0 0 0.829286 0.018466 1 5768500
2.75 0 1.25 0 0 0 0 0.929365 0.0201059 1 5769000
2.75 0 1.5 0 0 0 0 1.02848 0.0219829 1 5769500
2.875 0 0 0 0 0 0 0.361489 0.0161504 1 40000
2.875 0 0.25 0 0 0 0 0.538785 0.0162516 1 5819000
2.875 0 0.5 0 0 0 0 0.659478 0.0167848 1 5820000
2.875 0 0.75 0 0 0 0 0.774615 0.0177025 1 5821000
2.875 0 1 0 0 0 0 0.876288 0.0191637 1 5768000
2.875 0 1.25 0 0 0 0 0.969948 0.0208112 1 5768500
2.875 0 1.5 0 0 0 0 1.06165 0.0225918 1 5715500
3 0 0 0 0 0 0 0.48131 0.0170292 1 39500
3 0 0.25 0 0 0 0 0.61498 0.0171238 1 5818500
3 0 0.5 0 0 0 0 0.724093 0.0176115 1 5819500
3 0 0.75 0 0 0 0 0.828658 0.0184903 1 5820500
3 0 1 0 0 0 0 0.922446 0.0198162 1 5767500
3 0 1.25 0 0 0 0 1.01105 0.0214234 1 5768000
3 0 1.5 0 0 0 0 1.09595 0.0231914 1 5715000
3.125 0 0 0 0 0 0 0.571855 0.0178275 1 39500
3.125 0 0.25 0 0 0 0 0.682543 0.0179128 1 5818500
3.125 0 0.5 0 0 0 0 0.786218 0.0183735 1 5819000
3.125 0 0.75 0 0 0 0 0.880926 0.019204 1 5820000
3.125 0 1 0 0 0 0 0.967675 0.0204729 1 5767000
3.125 0 1.25 0 0 0 0 1.05125 0.0220517 1 5768000
3.125 0 1.5 0 0 0 0 1.13137 0.0237778 1 5715000
3.125 0 1.75 0 0 0 0 1.20911 0.0258095 1 5715000
3.25 0 0 0 0 0 0 0.648232 0.0186438 1 5817500
3.25 0 0.25 0 0 0 0 0.747418 0.0187199 1 5818000
3.25 0 0.5 0 0 0 0 0.842866 0.0191532 1 5819000
3.25 0 0.75 0 0 0 0 0.931764 0.0199375 1 5766000
3.25 0 1 0 0 0 0 1.01223 0.0211454 1 5766500
3.25 0 1.25 0 0 0 0 1.09094 0.0226907 1 5767500
3.25 0 1.5 0 0 0 0 1.16684 0.0243813 1 5714500
3.25 0 1.75 0 0 0 0 1.24001 0.0263238 1 5715000
3.375 0 0 0 0 0 0 0.713288 0.0194656 1 5817000
3.375 0 0.25 0 0 0 0 0.809674 0.0195334 1 5817500
3.375 0 0.5 0 0 0 0 0.896702 0.019941 1 5818500
3.375 0 0.75 0 0 0 0 0.979353 0.0206853 1 5765500
3.375 0 1 0 0 0 0 1.05536 0.0218319 1 5766500
3.375 0 1.25 0 0 0 0 1.13016 0.0233389 1 5767000
3.375 0 1.5 0 0 0 0 1.20254 0.0250008 1 5714000
3.375 0 1.75 0 0 0 0 1.27247 0.0268641 1 5714500
3.5 0 0 0 0 0 0 0.778628 0.0202668 1 5816500
3.5 0 0.25 0 0 0 0 0.865708 0.0203278 1 5817500
3.5 0 0.5 0 0 0 0 0.949452 0.0207137 1 5818000
3.5 0 0.75 0 0 0 0 1.02614 0.0214262 1 5765500
3.5 0 1 0 0 0 0 1.09736 0.0225165 1 5766000
3.5 0 1.25 0 0 0 0 1.16911 0.0239817 1 5766500
3.5 0 1.5 0 0 0 0 1.23802 0.0256219 1 5713500
3.5 0 1.75 0 0 0 0 1.30453 0.0274248 1 5714500
3.5 0 2 0 0 0 0 1.37129 0.0295606 1 5715000
3.625 0 0 0 0 0 0 0.837886 0.0210829 1 5816500
3.625 0 0.25 0 0 0 0 0.92037 0.0211372 1 5817000
3.625 0 0.5 0 0 0 0 0.998544 0.0215018 1 5818000
3.625 0 0.75 0 0 0 0 1.07063 0.0221833 1 5765000
3.625 0 1 0 0 0 0 1.13913 0.0232172 1 5765500
3.625 0 1.25 0 0 0 0 1.20685 0.024636 1 5766500
3.625 0 1.5 0 0 0 0 1.27274 0.0262544 1 5713500
3.625 0 1.75 0 0 0 0 1.33684 0.0280047 1 5714000
3.625 0 2 0 0 0 0 1.40091 0.0300408 1 5714500
3.75 0 0 0 0 0 0 0.895123 0.0219081 1 5816000
3.75 0 0.25 0 0 0 0 0.972159 0.0219561 1 5817000
3.75 0 0.5 0 0 0 0 1.04593 0.0223004 1 5817500
3.75 0 0.75 0 0 0 0 1.11399 0.0229527 1 5764500
3.75 0 1 0 0 0 0 1.17944 0.0239319 1 5765500
3.75 0 1.25 0 0 0 0 1.24421 0.0252995 1 5766000
3.75 0 1.5 0 0 0 0 1.30766 0.0268962 1 5713000
3.75 0 1.75 0 0 0 0 1.3691 0.0286035 1 5713500
3.75 0 2 0 0 0 0 1.43059 0.0305466 1 5714500
3.875 0 0 0 0 0 0 0.948805 0.0227076 1 5816000
3.875 0 0.25 0 0 0 0 1.02159 0.0227505 1 5816500
3.875 0 0.5 0 0 0 0 1.09198 0.0230782 1 5763500
3.875 0 0.75 0 0 0 0 1.15646 0.0237062 1 5764500
3.875 0 1 0 0 0 0 1.21925 0.0246409 1 5765000
3.875 0 1.25 0 0 0 0 1.28134 0.0259564 1 5766000
3.875 0 1.5 0 0 0 0 1.34183 0.0275296 1 5712500
3.875 0 1.75 0 0 0 0 1.40084 0.0292094 1 5713500
3.875 0 2 0 0 0 0 1.46023 0.031081 1 5714000
3.875 0 2.25 0 0 0 0 1.51813 0.0332907 1 5661000
4 0 0 0 0 0 0 1.00046 0.0235207 1 5815500
4 0 0.25 0 0 0 0 1.06949 0.0235584 1 5816500
4 0 0.5 0 0 0 0 1.13583 0.0238698 1 5817000
4 0 0.75 0 0 0 0 1.19736 0.0244736 1 5764000
4 0 1 0 0 0 0 1.25823 0.0253657 1 5764500
4 0 1.25 0 0 0 0 1.31733 0.0266261 1 5765500
4 0 1.5 0 0 0 0 1.37536 0.0281715 1 5712500
4 0 1.75 0 0 0 0 1.43284 0.0298274 1 5713000
4 0 2 0 0 0 0 1.48992 0.0316357 1 5713500
4 0 2.25 0 0 0 0 1.54577 0.0337427 1 5660500
4.125 0 0 0 0 0 0 1.04952 0.0243447 1 5815500
4.125 0 0.25 0 0 0 0 1.11507 0.0243776 1 5816000
4.125 0 0.5 0 0 0 0 1.17772 0.024673 1 5763000
4.125 0 0.75 0 0 0 0 1.23757 0.0252531 1 5763500
4.125 0 1 0 0 0 0 1.29558 0.0261055 1 5764500
4.125 0 1.25 0 0 0 0 1.35348 0.0273083 1 5765000
4.125 0 1.5 0 0 0 0 1.40879 0.0288213 1 5712000
4.125 0 1.75 0 0 0 0 1.46428 0.030457 1 5712500
4.125 0 2 0 0 0 0 1.51926 0.0322113 1 5713500
4.125 0 2.25 0 0 0 0 1.57357 0.0342213 1 5660500
4.25 0 0 0 0 0 0 1.09745 0.0251463 1 5815000
4.25 0 0.25 0 0 0 0 1.15961 0.0251752 1 5816000
4.25 0 0.5 0 0 0 0 1.21942 0.0254573 1 5762500
4.25 0 0.75 0 0 0 0 1.27615 0.0260171 1 5763500
4.25 0 1 0 0 0 0 1.33289 0.0268382 1 5764000
4.25 0 1.25 0 0 0 0 1.38838 0.0279877 1 5765000
4.25 0 1.5 0 0 0 0 1.4418 0.0294632 1 5712000
4.25 0 1.75 0 0 0 0 1.49506 0.0310834 1 5712500
4.25 0 2 0 0 0 0 1.54403 0.0328006 1 64500
4.25 0 2.25 0 0 0 0 1.57067 0.0347327 1 64000
4.375 0 0 0 0 0 0 1.14271 0.0259571 1 5815000
4.375 0 0.25 0 0 0 0 1.20231 0.0259821 1 5815500
4.375 0 0.5 0 0 0 0 1.2588 0.0262512 1 5762500
4.375 0 0.75 0 0 0 0 1.31441 0.0267909 1 5763000
4.375 0 1 0 0 0 0 1.369 0.0275828 1 5764000
4.375 0 1.25 0 0 0 0 1.42264 0.0286794 1 5764500
4.375 0 1.5 0 0 0 0 1.45435 0.0301128 1 65500
4.375 0 1.75 0 0 0 0 1.47994 0.0317166 1 65000
4.375 0 2 0 0 0 0 1.50604 0.033403 1 64500
4.375 0 2.25 0 0 0 0 1.53333 0.0352659 1 64000
4.375 0 2.5 0 0 0 0 1.56174 0.037431 1 63500
4.5 0 0 0 0 0 0 1.1878 0.0267782 1 5814500
4.5 0 0.25 0 0 0 0 1.24399 0.0267995 1 5815500
4.5 0 0.5 0 0 0 0 1.29839 0.0270558 1 5762500
4.5 0 0.75 0 0 0 0 1.33484 0.0275756 1 67000
4.5 0 1 0 0 0 0 1.36165 0.0283405 1 66500
4.5 0 1.25 0 0 0 0 1.38757 0.0293848 1 65500
4.5 0 1.5 0 0 0 0 1.41366 0.0307713 1 65000
4.5 0 1.75 0 0 0 0 1.4405 0.0323576 1 64500
4.5 0 2 0 0 0 0 1.46741 0.0340188 1 64500
4.5 0 2.25 0 0 0 0 1.49539 0.0358206 1 64000
4.5 0 2.5 0 0 0 0 1.52446 0.0378874 1 63500
4.625 0 0 0 0 0 0 1.21631 0.0275838 1 68500
4.625 0 0.25 0 0 0 0 1.23891 0.0276021 1 68000
4.625 0 0.5 0 0 0 0 1.26482 0.0278473 1 67000
4.625 0 0.75 0 0 0 0 1.29092 0.0283492 1 67000
4.625 0 1 0 0 0 0 1.31764 0.0290922 1 66000
4.625 0 1.25 0 0 0 0 1.34415 0.0300917 1 65500
4.625 0 1.5 0 0 0 0 1.37116 0.0314277 1 65000
4.625 0 1.75 0 0 0 0 1.39886 0.0329931 1 64500
4.625 0 2 0 0 0 0 1.42799 0.0346373 1 64000
4.625 0 2.25 0 0 0 0 1.45686 0.036394 1 64000
4.625 0 2.5 0 0 0 0 1.4866 0.0383788 1 63500
4.75 0 0 0 0 0 0 1.16721 0.028393 1 68000
4.75 0 0.25 0 0 0 0 1.19138 0.0284084 1 68000
4.75 0 0.5 0 0 0 0 1.21688 0.0286429 1 67000
4.75 0 0.75 0 0 0 0 1.24454 0.0291275 1 66500
4.75 0 1 0 0 0 0 1.27205 0.0298501 1 66000
4.75 0 1.25 0 0 0 0 1.29964 0.0308087 1 65500
4.75 0 1.5 0 0 0 0 1.32764 0.032092 1 65000
4.75 0 1.75 0 0 0 0 1.35628 0.0336318 1 64500
4.75 0 2 0 0 0 0 1.38631 0.0352616 1 64000
4.75 0 2.25 0 0 0 0 1.41754 0.036981 1 63500
4.75 0 2.5 0 0 0 0 1.44819 0.0388939 1 63500
4.75 0 2.75 0 0 0 0 1.47924 0.0411081 1 63000
4.875 0 0 0 0 0 0 1.11508 0.029212 1 68000
4.875 0 0.25 0 0 0 0 1.14111 0.0292246 1 67500
4.875 0 0.5 0 0 0 0 1.16744 0.0294487 1 67000
4.875 0 0.75 0 0 0 0 1.19646 0.0299161 1 66500
4.875 0 1 0 0 0 0 1.22524 0.030619 1 66000
4.875 0 1.25 0 0 0 0 1.25399 0.0315393 1 65500
4.875 0 1.5 0 0 0 0 1.28308 0.0327678 1 65000
4.875 0 1.75 0 0 0 0 1.31274 0.0342773 1 64500
4.875 0 2 0 0 0 0 1.34372 0.0358939 1 64000
4.875 0 2.25 0 0 0 0 1.37586 0.0375817 1 63500
4.875 0 2.5 0 0 0 0 1.40858 0.0394304 1 63000
4.875 0 2.75 0 0 0 0 1.44034 0.0415468 1 62500
5 0 0 0 0 0 0 1.061 0.030021 1 68000
5 0 0.25 0 0 0 0 1.08859 0.0300313 1 67500
5 0 0.5 0 0 0 0 1.11644 0.0302461 1 67000
5 0 0.75 0 0 0 0 1.14699 0.0306979 1 66500
5 0 1 0 0 0 0 1.17716 0.0313833 1 66000
5 0 1.25 0 0 0 0 1.2072 0.0322717 1 65500
5 0 1.5 0 0 0 0 1.23747 0.0334471 1 65000
5 0 1.75 0 0 0 0 1.26821 0.0349207 1 64500
5 0 2 0 0 0 0 1.30021 0.0365247 1 64000
5 0 2.25 0 0 0 0 1.33332 0.0381906 1 63500
5 0 2.5 0 0 0 0 1.36698 0.0399875 1 63000
5 0 2.75 0 0 0 0 1.39962 0.0420201 1 62500
5.125 0 0 0 0 0 0 1.0049 0.0308295 1 68000
5.125 0 0.25 0 0 0 0 1.03427 0.0308376 1 67500
5.125 0 0.5 0 0 0 0 1.06384 0.0310435 1 67000
5.125 0 0.75 0 0 0 0 1.09611 0.0314804 1 66500
5.125 0 1 0 0 0 0 1.12782 0.0321491 1 66000
5.125 0 1.25 0 0 0 0 1.15928 0.0330096 1 65500
5.125 0 1.5 0 0 0 0 1.19082 0.0341346 1 65000
5.125 0 1.75 0 0 0 0 1.22273 0.0355676 1 64500
5.125 0 2 0 0 0 0 1.25581 0.037158 1 64000
5.125 0 2.25 0 0 0 0 1.28993 0.0388049 1 63500
5.125 0 2.5 0 0 0 0 1.32456 0.0405608 1 63000
5.125 0 2.75 0 0 0 0 1.35813 0.0425187 1 62500
5.125 0 3 0 0 0 0 1.38934 0.0447764 1 62000
5.25 0 0 0 0 0 0 0.946504 0.0316468 1 14000
5.25 0 0.25 0 0 0 0 0.978178 0.0316529 1 67500
5.25 0 0.5 0 0 0 0 1.00971 0.0318501 1 67000
5.25 0 0.75 0 0 0 0 1.04389 0.0322722 1 66500
5.25 0 1 0 0 0 0 1.07731 0.0329242 1 66000
5.25 0 1.25 0 0 0 0 1.1103 0.0337589 1 65500
5.25 0 1.5 0 0 0 0 1.14321 0.0348345 1 65000
5.25 0 1.75 0 0 0 0 1.17634 0.036223 1 64500
5.25 0 2 0 0 0 0 1.21055 0.0377967 1 64000
5.25 0 2.25 0 0 0 0 1.24571 0.0394282 1 63500
5.25 0 2.5 0 0 0 0 1.28136 0.0411474 1 63000
5.25 0 2.75 0 0 0 0 1.31588 0.0430395 1 62500
5.25 0 3 0 0 0 0 1.34728 0.0451998 1 61500
5.375 0 0 0 0 0 0 0.879952 0.0324572 1 14000
5.375 0 0.25 0 0 0 0 0.915828 0.0324611 1 13500
5.375 0 0.5 0 0 0 0 0.951108 0.0326509 1 13000
5.375 0 0.75 0 0 0 0 0.988865 0.0330595 1 12500
5.375 0 1 0 0 0 0 1.02334 0.0336954 1 65500
5.375 0 1.25 0 0 0 0 1.05705 0.0345093 1 65000
5.375 0 1.5 0 0 0 0 1.0916 0.0355393 1 64500
5.375 0 1.75 0 0 0 0 1.12774 0.0368813 1 64000
5.375 0 2 0 0 0 0 1.16453 0.0384312 1 64000
5.375 0 2.25 0 0 0 0 1.20075 0.0400562 1 63500
5.375 0 2.5 0 0 0 0 1.23743 0.041741 1 63000
5.375 0 2.75 0 0 0 0 1.27294 0.0435867 1 62500
5.375 0 3 0 0 0 0 1.30316 0.0456582 1 61500
5.5 0 0 0 0 0 0 0.808741 0.033267 1 14000
5.5 0 0.25 0 0 0 0 0.848868 0.0332698 1 13500
5.5 0 0.5 0 0 0 0 0.887836 0.0334514 1 13000
5.5 0 0.75 0 0 0 0 0.926357 0.0338467 1 12000
5.5 0 1 0 0 0 0 0.963103 0.0344679 1 11500
5.5 0 1.25 0 0 0 0 1.0002 0.0352625 1 11000
5.5 0 1.5 0 0 0 0 1.03771 0.0362539 1 10500
5.5 0 1.75 0 0 0 0 1.07598 0.0375438 1 64000
5.5 0 2 0 0 0 0 1.11488 0.039074 1 63500
5.5 0 2.25 0 0 0 0 1.15419 0.0406775 1 63000
5.5 0 2.5 0 0 0 0 1.192 0.0423508 1 62500
5.5 0 2.75 0 0 0 0 1.22691 0.0441323 1 62000
5.5 0 3 0 0 0 0 1.25798 0.0461398 1 61500
5.625 0 0 0 0 0 0 0.73211 0.034089 1 14000
5.625 0 0.25 0 0 0 0 0.776676 0.0340898 1 13000
5.625 0 0.5 0 0 0 0 0.817281 0.0342642 1 12500
5.625 0 0.75 0 0 0 0 0.857707 0.0346466 1 12000
5.625 0 1 0 0 0 0 0.897799 0.0352528 1 11500
5.625 0 1.25 0 0 0 0 0.937861 0.0360302 1 11000
5.625 0 1.5 0 0 0 0 0.978007 0.0369852 1 10500
5.625 0 1.75 0 0 0 0 1.01934 0.0382228 1 10000
5.625 0 2 0 0 0 0 1.06154 0.0397239 1 9500
5.625 0 2.25 0 0 0 0 1.10379 0.041318 1 9000
5.625 0 2.5 0 0 0 0 1.14331 0.0429711 1 62500
5.625 0 2.75 0 0 0 0 1.17952 0.0447387 1 62000
5.625 0 3 0 0 0 0 1.21175 0.0466617 1 61500
5.625 0 3.25 0 0 0 0 1.24153 0.0489018 1 61000
5.75 0 0 0 0 0 0 0.64955 0.0349156 1 14000
5.75 0 0.25 0 0 0 0 0.692076 0.0349108 1 13000
5.75 0 0.5 0 0 0 0 0.738311 0.0350821 1 12500
5.75 0 0.75 0 0 0 0 0.783711 0.0354528 1 12000
5.75 0 1 0 0 0 0 0.828112 0.0360441 1 11500
5.75 0 1.25 0 0 0 0 0.871856 0.0368094 1 11000
5.75 0 1.5 0 0 0 0 0.915162 0.0377308 1 10500
5.75 0 1.75 0 0 0 0 0.959288 0.0389222 1 10000
5.75 0 2 0 0 0 0 1.00401 0.0403716 1 9500
5.75 0 2.25 0 0 0 0 1.04856 0.0419943 1 9000
5.75 0 2.5 0 0 0 0 1.09106 0.0435938 1 8500
5.75 0 2.75 0 0 0 0 1.12992 0.0454736 1 8000
5.75 0 3 0 0 0 0 1.16435 0.0472518 1 7500
5.75 0 3.25 0 0 0 0 1.194 0.0495441 1 60500
5.875 0 0 0 0 0 0 0.547309 0.0358213 1 13500
5.875 0 0.25 0 0 0 0 0.596015 0.0357472 1 13000
5.875 0 0.5 0 0 0 0 0.650785 0.0359992 1 12500
5.875 0 0.75 0 0 0 0 0.703215 0.0362805 1 12000
5.875 0 1 0 0 0 0 0.753355 0.0369159 1 11500
5.875 0 1.25 0 0 0 0 0.801746 0.037607 1 11000
5.875 0 1.5 0 0 0 0 0.848875 0.0385846 1 10500
5.875 0 1.75 0 0 0 0 0.896272 0.0396681 1 10000
5.875 0 2 0 0 0 0 0.943865 0.0411067 1 9500
5.875 0 2.25 0 0 0 0 0.991034 0.0426445 1 9000
5.875 0 2.5 0 0 0 0 1.03584 0.044265 1 8500
5.875 0 2.75 0 0 0 0 1.07672 0.0460096 1 8000
5.875 0 3 0 0 0 0 1.11287 0.0478846 1 7500
5.875 0 3.25 0 0 0 0 1.14394 0.049962 1 6500
6 0 0 0 0 0 0 0.417811 0.0366588 1 13500
6 0 0.25 0 0 0 0 0.482549 0.0365849 1 13000
6 0 0.5 0 0 0 0 0.552012 0.0368277 1 12500
6 0 0.75 0 0 0 0 0.615038 0.0370989 1 12000
6 0 1 0 0 0 0 0.673029 0.0377153 1 11500
6 0 1.25 0 0 0 0 0.727312 0.0383844 1 11000
6 0 1.5 0 0 0 0 0.779025 0.0393282 1 10500
6 0 1.75 0 0 0 0 0.830187 0.0403748 1 10000
6 0 2 0 0 0 0 0.881016 0.0417776 1 9500
6 0 2.25 0 0 0 0 0.931103 0.0432774 1 9000
6 0 2.5 0 0 0 0 0.978482 0.0448725 1 8500
6 0 2.75 0 0 0 0 1.0216 0.0465834 1 8000
6 0 3 0 0 0 0 1.05783 0.0484107 1 7000
6 0 3.25 0 0 0 0 1.08943 0.0504281 1 6500
6 0 3.5 0 0 0 0 1.12031 0.0527231 1 6000
6.125 0 0 0 0 0 0 0.222894 0.0374677 1 13500
6.125 0 0.25 0 0 0 0 0.340872 0.0373939 1 13000
6.125 0 0.5 0 0 0 0 0.440305 0.0376285 1 12500
6.125 0 0.75 0 0 0 0 0.519592 0.0378906 1 12000
6.125 0 1 0 0 0 0 0.587959 0.0384899 1 11500
6.125 0 1.25 0 0 0 0 0.645759 0.0391396 1 10500
6.125 0 1.5 0 0 0 0 0.704677 0.0400565 1 10000
6.125 0 1.75 0 0 0 0 0.761337 0.0410725 1 10000
6.125 0 2 0 0 0 0 0.815611 0.0424405 1 9500
6.125 0 2.25 0 0 0 0 0.86884 0.0439042 1 9000
6.125 0 2.5 0 0 0 0 0.919019 0.0454777 1 8500
6.125 0 2.75 0 0 0 0 0.962136 0.0471606 1 7500
6.125 0 3 0 0 0 0 0.998641 0.0489492 1 7000
6.125 0 3.25 0 0 0 0 1.03242 0.0509164 1 6500
6.125 0 3.5 0 0 0 0 1.06541 0.0531419 1 6000
6.25 0 0 0 0 0 0 0.274929 0.0382762 1 13500
6.25 0 0.25 0 0 0 0 0.251971 0.0382026 1 13000
6.25 0 0.5 0 0 0 0 0.341292 0.0384291 1 12500
6.25 0 0.75 0 0 0 0 0.40291 0.0386823 -1 11500
6.25 0 1 0 0 0 0 0.47028 0.0392649 -1 11000
6.25 0 1.25 0 0 0 0 0.540662 0.0398959 1 10500
6.25 0 1.5 0 0 0 0 0.610372 0.0407883 1 10000
6.25 0 1.75 0 0 0 0 0.677803 0.0417763 1 9500
6.25 0 2 0 0 0 0 0.741795 0.0431088 1 9000
6.25 0 2.25 0 0 0 0 0.800367 0.0445361 1 8500
6.25 0 2.5 0 0 0 0 0.852134 0.0460894 1 8000
6.25 0 2.75 0 0 0 0 0.896722 0.0477464 1 7500
6.25 0 3 0 0 0 0 0.93621 0.0495001 1 7000
6.25 0 3.25 0 0 0 0 0.972606 0.0514212 1 6500
6.25 0 3.5 0 0 0 0 1.00811 0.0535807 1 6000
6.375 0 0 0 0 0 0 0.447795 0.0391204 1 13500
6.375 0 0.25 0 0 0 0 0.400821 0.039047 1 13000
6.375 0 0.5 0 0 0 0 0.310741 0.0392645 -1 12000
6.375 0 0.75 0 0 0 0 0.237436 0.0395079 -1 11500
6.375 0 1 0 0 0 0 0.310528 0.0400717 -1 11000
6.375 0 1.25 0 0 0 0 0.409983 0.040682 1 10500
6.375 0 1.5 0 0 0 0 0.499522 0.0415474 1 10000
6.375 0 1.75 0 0 0 0 0.580574 0.0425047 1 9500
6.375 0 2 0 0 0 0 0.654524 0.0437984 1 9000
6.375 0 2.25 0 0 0 0 0.720528 0.0451864 1 8500
6.375 0 2.5 0 0 0 0 0.777937 0.0467179 1 8000
6.375 0 2.75 0 0 0 0 0.826889 0.048347 1 7500
6.375 0 3 0 0 0 0 0.870091 0.0500636 1 7000
6.375 0 3.25 0 0 0 0 0.909693 0.0519362 1 6500
6.375 0 3.5 0 0 0 0 0.94825 0.0540268 1 6000
6.375 0 3.75 0 0 0 0 0.984037 0.056341 1 5000
6.5 0 0 0 0 0 0 0.57053 0.0399301 1 13500
6.5 0 0.25 0 0 0 0 0.506904 0.0398569 -1 12500
6.5 0 0.5 0 0 0 0 0.425799 0.040067 -1 12000
6.5 0 0.75 0 0 0 0 0.325701 0.0403022 -1 11500
6.5 0 1 0 0 0 0 0.174783 0.0408507 -1 11000
6.5 0 1.25 0 0 0 0 0.219184 0.0414442 1 10500
6.5 0 1.5 0 0 0 0 0.360961 0.0422883 1 10000
6.5 0 1.75 0 0 0 0 0.466634 0.0432206 1 9500
6.5 0 2 0 0 0 0 0.555936 0.0444791 1 9000
6.5 0 2.25 0 0 0 0 0.632408 0.045832 1 8500
6.5 0 2.5 0 0 0 0 0.697348 0.0473447 1 8000
6.5 0 2.75 0 0 0 0 0.751926 0.0489506 1 7500
6.5 0 3 0 0 0 0 0.79985 0.0506383 1 7000
6.5 0 3.25 0 0 0 0 0.84343 0.0524716 1 6500
6.5 0 3.5 0 0 0 0 0.882509 0.0545045 1 5500
6.5 0 3.75 0 0 0 0 0.920236 0.0567514 1 5000
6.625 0 0 0 0 0 0 0.665693 0.0407463 -1 13000
6.625 0 0.25 0 0 0 0 0.607002 0.0406732 -1 12500
6.625 0 0.5 0 0 0 0 0.544141 0.0408761 -1 12000
6.625 0 0.75 0 0 0 0 0.474232 0.0411034 -1 11500
6.625 0 1 0 0 0 0 0.392851 0.041637 -1 11000
6.625 0 1.25 0 0 0 0 0.295385 0.0422142 1 10500
6.625 0 1.5 0 0 0 0 0.232878 0.0430382 1 10000
6.625 0 1.75 0 0 0 0 0.334129 0.0439464 1 9500
6.625 0 2 0 0 0 0 0.443717 0.0451695 1 9000
6.625 0 2.25 0 0 0 0 0.534514 0.0464871 1 8500
6.625 0 2.5 0 0 0 0 0.609456 0.0479814 1 8000
6.625 0 2.75 0 0 0 0 0.671302 0.049565 1 7500
6.625 0 3 0 0 0 0 0.725272 0.0512257 1 7000
6.625 0 3.25 0 0 0 0 0.76866 0.0530221 1 6000
6.625 0 3.5 0 0 0 0 0.810172 0.0549997 1 5500
6.625 0 3.75 0 0 0 0 0.852367 0.057181 1 5000
6.75 0 0 0 0 0 0 0.747321 0.0415965 -1 13000
6.75 0 0.25 0 0 0 0 0.697537 0.0415237 -1 12500
6.75 0 0.5 0 0 0 0 0.645595 0.0417185 -1 12000
6.75 0 0.75 0 0 0 0 0.589975 0.0419371 -1 11500
6.75 0 1 0 0 0 0 0.528395 0.0424542 -1 11000
6.75 0 1.25 0 0 0 0 0.458434 0.0430134 1 10500
6.75 0 1.5 0 0 0 0 0.376792 0.0438151 1 10000
6.75 0 1.75 0 0 0 0 0.305967 0.044697 1 9500
6.75 0 2 0 0 0 0 0.339315 0.0458816 1 9000
6.75 0 2.25 0 0 0 0 0.431141 0.0471612 1 8500
6.75 0 2.5 0 0 0 0 0.515645 0.0486355 1 8000
6.75 0 2.75 0 0 0 0 0.585678 0.0501949 -1 7000
6.75 0 3 0 0 0 0 0.635569 0.0518268 1 6500
6.75 0 3.25 0 0 0 0 0.683702 0.0535842 1 6000
6.75 0 3.5 0 0 0 0 0.731519 0.0555041 1 5500
6.75 0 3.75 0 0 0 0 0.779822 0.0576172 1 5000
6.75 0 4 0 0 0 0 0.828811 0.0599989 1 4500
6.875 0 0 0 0 0 0 0.822962 0.0424046 -1 13000
6.875 0 0.25 0 0 0 0 0.779378 0.042332 -1 12500
6.875 0 0.5 0 0 0 0 0.734477 0.0425203 -1 12000
6.875 0 0.75 0 0 0 0 0.687172 0.042732 -1 11500
6.875 0 1 0 0 0 0 0.634675 0.0432361 -1 10500
6.875 0 1.25 0 0 0 0 0.568191 0.0437812 -1 10000
6.875 0 1.5 0 0 0 0 0.491924 0.0445658 -1 9500
6.875 0 1.75 0 0 0 0 0.407015 0.0454271 -1 9000
6.875 0 2 0 0 0 0 0.33644 0.0465784 -1 8500
6.875 0 2.25 0 0 0 0 0.340738 0.0478249 -1 8000
6.875 0 2.5 0 0 0 0 0.402234 0.04928 -1 7500
6.875 0 2.75 0 0 0 0 0.46701 0.0508176 -1 7000
6.875 0 3 0 0 0 0 0.528735 0.0524277 1 6500
6.875 0 3.25 0 0 0 0 0.587552 0.054155 1 6000
6.875 0 3.5 0 0 0 0 0.645044 0.0560294 1 5500
6.875 0 3.75 0 0 0 0 0.702126 0.0580867 1 5000
6.875 0 4 0 0 0 0 0.751626 0.0603976 1 4000
7 0 0 0 0 0 0 0.893279 0.0432245 -1 13000
7 0 0.25 0 0 0 0 0.854222 0.043152 -1 12500
7 0 0.5 0 0 0 0 0.814245 0.043334 -1 12000
7 0 0.75 0 0 0 0 0.767531 0.0435386 -1 11000
7 0 1 0 0 0 0 0.714974 0.0440298 -1 10500
7 0 1.25 0 0 0 0 0.654892 0.0445609 -1 10000
7 0 1.5 0 0 0 0 0.585301 0.0453287 -1 9500
7 0 1.75 0 0 0 0 0.503828 0.0461694 -1 9000
7 0 2 0 0 0 0 0.409927 0.047287 -1 8500
7 0 2.25 0 0 0 0 0.305515 0.0485 -1 8000
7 0 2.5 0 0 0 0 0.240387 0.0499347 -1 7500
7 0 2.75 0 0 0 0 0.305599 0.05145 -1 7000
7 0 3 0 0 0 0 0.395164 0.0530389 1 6500
7 0 3.25 0 0 0 0 0.475433 0.0547372 1 6000
7 0 3.5 0 0 0 0 0.549455 0.0565677 1 5500
7 0 3.75 0 0 0 0 0.612247 0.0585706 1 4500
7 0 4 0 0 0 0 0.666467 0.0608115 1 4000
7.125 0 0 0 0 0 0 0.959053 0.0440766 -1 13000
7.125 0 0.25 0 0 0 0 0.923446 0.0440044 -1 12500
7.125 0 0.5 0 0 0 0 0.882541 0.0441793 -1 11500
7.125 0 0.75 0 0 0 0 0.838756 0.0443763 -1 11000
7.125 0 1 0 0 0 0 0.791071 0.0448532 -1 10500
7.125 0 1.25 0 0 0 0 0.736921 0.0453689 -1 10000
7.125 0 1.5 0 0 0 0 0.674849 0.0461181 -1 9500
7.125 0 1.75 0 0 0 0 0.603532 0.0469364 -1 9000
7.125 0 2 0 0 0 0 0.523165 0.0480175 -1 8500
7.125 0 2.25 0 0 0 0 0.433131 0.0491943 -1 8000
7.125 0 2.5 0 0 0 0 0.329249 0.0506071 -1 7500
7.125 0 2.75 0 0 0 0 0.183218 0.0520984 -1 7000
7.125 0 3 0 0 0 0 0.207791 0.0536646 1 6500
7.125 0 3.25 0 0 0 0 0.345566 0.0553321 1 6000
7.125 0 3.5 0 0 0 0 0.44513 0.0571165 -1 5000
7.125 0 3.75 0 0 0 0 0.500918 0.0590627 1 4500
7.125 0 4 0 0 0 0 0.571505 0.0612311 1 4000
7.25 0 0 0 0 0 0 1.02058 0.0448816 -1 12500
7.25 0 0.25 0 0 0 0 0.984257 0.0448095 -1 12000
7.25 0 0.5 0 0 0 0 0.946399 0.0449789 -1 11500
7.25 0 0.75 0 0 0 0 0.906098 0.04517 -1 11000
7.25 0 1 0 0 0 0 0.862413 0.0456359 -1 10500
7.25 0 1.25 0 0 0 0 0.813112 0.0461398 -1 10000
7.25 0 1.5 0 0 0 0 0.757187 0.0468747 -1 9500
7.25 0 1.75 0 0 0 0 0.694148 0.0476756 -1 9000
7.25 0 2 0 0 0 0 0.625255 0.0487278 -1 8500
7.25 0 2.25 0 0 0 0 0.552123 0.0498752 -1 8000
7.25 0 2.5 0 0 0 0 0.47618 0.0512657 -1 7500
7.25 0 2.75 0 0 0 0 0.396765 0.052734 -1 7000
7.25 0 3 0 0 0 0 0.320825 0.0542831 1 6500
7.25 0 3.25 0 0 0 0 0.305211 0.0559275 1 6000
7.25 0 3.5 0 0 0 0 0.280915 0.0576778 -1 5000
7.25 0 3.75 0 0 0 0 0.359268 0.0595803 1 4500
7.25 0 4 0 0 0 0 0.466389 0.0616897 1 4000
7.25 0 4.25 0 0 0 0 0.54347 0.0640049 1 3000
7.375 0 0 0 0 0 0 1.07634 0.045704 -1 12500
7.375 0 0.25 0 0 0 0 1.04242 0.045632 -1 12000
7.375 0 0.5 0 0 0 0 1.00718 0.0457958 -1 11500
7.375 0 0.75 0 0 0 0 0.969769 0.0459807 -1 11000
7.375 0 1 0 0 0 0 0.929355 0.0464354 -1 10500
7.375 0 1.25 0 0 0 0 0.883968 0.0469272 -1 10000
7.375 0 1.5 0 0 0 0 0.832904 0.0476473 -1 9500
7.375 0 1.75 0 0 0 0 0.776159 0.0484301 -1 9000
7.375 0 2 0 0 0 0 0.715452 0.049453 -1 8500
7.375 0 2.25 0 0 0 0 0.653076 0.0505702 -1 8000
7.375 0 2.5 0 0 0 0 0.591399 0.0519367 -1 7500
7.375 0 2.75 0 0 0 0 0.531308 0.0533808 -1 7000
7.375 0 3 0 0 0 0 0.474223 0.0549127 1 6500
7.375 0 3.25 0 0 0 0 0.390607 0.0565339 -1 5500
7.375 0 3.5 0 0 0 0 0.258204 0.0582506 -1 5000
7.375 0 3.75 0 0 0 0 0.200313 0.0601097 1 4500
7.375 0 4 0 0 0 0 0.321302 0.0621602 -1 3500
7.375 0 4.25 0 0 0 0 0.426972 0.0644085 1 3000
7.5 0 0 0 0 0 0 1.13003 0.0465571 -1 12500
7.5 0 0.25 0 0 0 0 1.09816 0.0464854 -1 12000
7.5 0 0.5 0 0 0 0 1.06514 0.0466429 -1 11500
7.5 0 0.75 0 0 0 0 1.03013 0.0468212 -1 11000
7.5 0 1 0 0 0 0 0.992423 0.0472634 -1 10500
7.5 0 1.25 0 0 0 0 0.949357 0.0477419 -1 9500
7.5 0 1.5 0 0 0 0 0.900771 0.0484457 -1 9000
7.5 0 1.75 0 0 0 0 0.849803 0.049209 -1 8500
7.5 0 2 0 0 0 0 0.796479 0.0502 -1 8500
7.5 0 2.25 0 0 0 0 0.7414 0.0512847 -1 8000
7.5 0 2.5 0 0 0 0 0.688333 0.0526255 -1 7500
7.5 0 2.75 0 0 0 0 0.638151 0.0540437 -1 7000
7.5 0 3 0 0 0 0 0.578175 0.0555571 -1 6000
7.5 0 3.25 0 0 0 0 0.50743 0.0571537 -1 5500
7.5 0 3.5 0 0 0 0 0.42913 0.0588348 -1 5000
7.5 0 3.75 0 0 0 0 0.365314 0.0606485 1 4500
7.5 0 4 0 0 0 0 0.172112 0.0626379 -1 3500
7.5 0 4.25 0 0 0 0 0.290137 0.0648171 -1 2500
7.625 0 0 0 0 0 0 1.18023 0.047359 -1 5790500
7.625 0 0.25 0 0 0 0 1.15166 0.0472872 -1 12000
7.625 0 0.5 0 0 0 0 1.12052 0.0474401 -1 11500
7.625 0 0.75 0 0 0 0 1.08756 0.0476133 -1 11000
7.625 0 1 0 0 0 0 1.04921 0.0480462 -1 10000
7.625 0 1.25 0 0 0 0 1.00677 0.0485147 -1 9500
7.625 0 1.5 0 0 0 0 0.960634 0.0492061 -1 9000
7.625 0 1.75 0 0 0 0 0.912461 0.0499547 -1 8500
7.625 0 2 0 0 0 0 0.864065 0.0509223 -1 8000
7.625 0 2.25 0 0 0 0 0.816945 0.0519818 -1 7500
7.625 0 2.5 0 0 0 0 0.769466 0.0532969 -1 7000
7.625 0 2.75 0 0 0 0 0.720973 0.0546903 -1 6500
7.625 0 3 0 0 0 0 0.668669 0.0561889 -1 6000
7.625 0 3.25 0 0 0 0 0.612311 0.0577666 -1 5500
7.625 0 3.5 0 0 0 0 0.554635 0.0594226 -1 5000
7.625 0 3.75 0 0 0 0 0.4834 0.0612029 -1 4000
7.625 0 4 0 0 0 0 0.38664 0.0631455 -1 3500
7.625 0 4.25 0 0 0 0 0.222676 0.0652689 -1 2500
7.625 0 4.5 0 0 0 0 0.26332 0.0676266 1 1500
7.75 0 0 0 0 0 0 1.22842 0.0481835 -1 5790500
7.75 0 0.25 0 0 0 0 1.20112 0.0481119 -1 5790000
7.75 0 0.5 0 0 0 0 1.17308 0.0482598 -1 5789500
7.75 0 0.75 0 0 0 0 1.1397 0.0484276 -1 10500
7.75 0 1 0 0 0 0 1.1028 0.0488505 -1 10000
7.75 0 1.25 0 0 0 0 1.06234 0.0493084 -1 9500
7.75 0 1.5 0 0 0 0 1.0185 0.0499866 -1 9000
7.75 0 1.75 0 0 0 0 0.972953 0.0507195 -1 8500
7.75 0 2 0 0 0 0 0.927536 0.0516626 -1 8000
7.75 0 2.25 0 0 0 0 0.883787 0.0526956 -1 7500
7.75 0 2.5 0 0 0 0 0.840565 0.0539833 -1 7000
7.75 0 2.75 0 0 0 0 0.797214 0.0553504 -1 6500
7.75 0 3 0 0 0 0 0.751728 0.0568334 -1 6000
7.75 0 3.25 0 0 0 0 0.704325 0.0583915 -1 5500
7.75 0 3.5 0 0 0 0 0.657114 0.0600216 -1 4500
7.75 0 3.75 0 0 0 0 0.58886 0.0617679 -1 4000
7.75 0 4 0 0 0 0 0.518125 0.0636629 -1 3000
7.75 0 4.25 0 0 0 0 0.412955 0.0657294 -1 2500
7.75 0 4.5 0 0 0 0 0.234545 0.068018 -1 1000
7.875 0 0 0 0 0 0 1.2753 0.0490363 -1 5790500
7.875 0 0.25 0 0 0 0 1.24912 0.0489648 -1 5790000
7.875 0 0.5 0 0 0 0 1.22197 0.0491073 -1 5789000
7.875 0 0.75 0 0 0 0 1.18995 0.0492693 -1 10500
7.875 0 1 0 0 0 0 1.15466 0.0496814 -1 10000
7.875 0 1.25 0 0 0 0 1.11601 0.0501277 -1 9500
7.875 0 1.5 0 0 0 0 1.07427 0.0507915 -1 9000
7.875 0 1.75 0 0 0 0 1.03109 0.0515074 -1 8500
7.875 0 2 0 0 0 0 0.988332 0.0524241 -1 8000
7.875 0 2.25 0 0 0 0 0.947509 0.0534289 -1 7500
7.875 0 2.5 0 0 0 0 0.907792 0.0546872 -1 7000
7.875 0 2.75 0 0 0 0 0.86848 0.0560262 -1 6500
7.875 0 3 0 0 0 0 0.827989 0.0574925 -1 6000
7.875 0 3.25 0 0 0 0 0.78661 0.0590298 -1 5500
7.875 0 3.5 0 0 0 0 0.737853 0.0606327 -1 4500
7.875 0 3.75 0 0 0 0 0.682617 0.0623433 -1 4000
7.875 0 4 0 0 0 0 0.615012 0.0641889 -1 3000
7.875 0 4.25 0 0 0 0 0.523341 0.0661968 -1 2000
7.875 0 4.5 0 0 0 0 0.369125 0.0684144 -1 500
8 0 0 0 0 0 0 1.58189 0.0498362 -1 41001
8 0 0.25 0 0 0 0 1.52265 0.0497647 -1 41501
8 0 0.5 0 0 0 0 1.46486 0.0499031 -1 42001
8 0 0.75 0 0 0 0 1.40915 0.0500608 -1 42501
8 0 1 0 0 0 0 1.35599 0.0504647 -1 42501
8 0 1.25 0 0 0 0 1.30534 0.0509023 -1 43001
8 0 1.5 0 0 0 0 1.25855 0.0515553 -1 43501
8 0 1.75 0 0 0 0 1.08693 0.0522587 -1 8500
8 0 2 0 0 0 0 1.0465 0.0531567 -1 8000
8 0 2.25 0 0 0 0 1.00819 0.0541401 -1 7500
8 0 2.5 0 0 0 0 0.971361 0.0553715 -1 7000
8 0 2.75 0 0 0 0 0.935264 0.0566847 -1 6500
8 0 3 0 0 0 0 0.898562 0.0581358 -1 6000
8 0 3.25 0 0 0 0 0.859339 0.0596559 -1 5000
8 0 3.5 0 0 0 0 0.813335 0.0612401 -1 4500
8 0 3.75 0 0 0 0 0.766543 0.0629254 -1 4000
8 0 4 0 0 0 0 0.703769 0.0647346 -1 3000
8 0 4.25 0 0 0 0 0.619277 0.0666974 -1 1500
8 0 4.5 0 0 0 0 0.204757 0.0688577 -1 53501
8 0 4.75 -0.253727 0.00019806 0.0126548 0.254043 0.0400967 0.0712181 1 53001
8.125 0 0 0 0 0 0 1.46158 0.0506626 -1 41001
8.125 0 0.25 0 0 0 0 1.40227 0.0505911 -1 41501
8.125 0 0.5 0 0 0 0 1.34442 0.0507252 -1 42001
8.125 0 0.75 0 0 0 0 1.28843 0.0508781 -1 42501
8.125 0 1 0 0 0 0 1.23489 0.0512732 -1 42501
8.125 0 1.25 0 0 0 0 1.18378 0.0517012 -1 43001
8.125 0 1.5 0 0 0 0 1.13701 0.0523425 -1 43501
8.125 0 1.75 0 0 0 0 1.09573 0.0530322 -1 44001
8.125 0 2 0 0 0 0 1.05885 0.0539101 -1 44001
8.125 0 2.25 0 0 0 0 1.02517 0.0548706 -1 44501
8.125 0 2.5 0 0 0 0 0.991785 0.0560732 -1 45001
8.125 0 2.75 0 0 0 0 0.951711 0.057359 -1 45501
8.125 0 3 0 0 0 0 0.898192 0.0587937 -1 46501
8.125 0 3.25 0 0 0 0 0.825765 0.0602953 -1 47001
8.125 0 3.5 0 0 0 0 0.738903 0.0618598 -1 47501
8.125 0 3.75 0 0 0 0 0.639103 0.0635184 -1 48501
8.125 0 4 0 0 0 0 0.518926 0.0652895 -1 49501
8.125 0 4.25 0 0 0 0 0.371412 0.0672055 -1 50501
8.125 0 4.5 0 0 0 0 0.177376 0.0693068 -1 51501
8.125 0 4.75 -0.191742 0.000184321 0.0542752 0.199275 0.0537512 0.0716011 1 52501
8.25 0 0 0 0 0 0 1.34127 0.0515104 -1 41001
8.25 0 0.25 0 0 0 0 1.28198 0.051439 -1 41501
8.25 0 0.5 0 0 0 0 1.22397 0.0515685 -1 42001
8.25 0 0.75 0 0 0 0 1.16792 0.0517164 -1 42001
8.25 0 1 0 0 0 0 1.11378 0.052102 -1 42501
8.25 0 1.25 0 0 0 0 1.06229 0.05252 -1 43001
8.25 0 1.5 0 0 0 0 1.01547 0.0531488 -1 43501
8.25 0 1.75 0 0 0 0 0.9736 0.0538241 -1 44001
8.25 0 2 0 0 0 0 0.936318 0.0546808 -1 44001
8.25 0 2.25 0 0 0 0 0.902501 0.0556174 -1 44501
8.25 0 2.5 0 0 0 0 0.869378 0.0567897 -1 45001
8.25 0 2.75 0 0 0 0 0.830374 0.0580467 -1 45501
8.25 0 3 0 0 0 0 0.778097 0.059464 -1 46501
8.25 0 3.25 0 0 0 0 0.7087 0.0609463 -1 47001
8.25 0 3.5 0 0 0 0 0.624723 0.0624903 -1 47501
8.25 0 3.75 0 0 0 0 0.526869 0.0641216 -1 48501
8.25 0 4 0 0 0 0 0.413268 0.0658541 -1 49001
8.25 0 4.25 0 0 0 0 0.278419 0.0677226 -1 50001
8.25 0 4.5 -0.0302019 2.23003e-05 0.0274767 0.0408305 0.10674 0.0697642 -1 51001
8.25 0 4.75 -0.0506581 5.2014e-05 0.0355562 0.061891 0.0997116 0.0719918 1 51501
8.375 0 0 0 0 0 0 1.22096 0.0523131 -1 41001
8.375 0 0.25 0 0 0 0 1.16169 0.0522417 -1 41501
8.375 0 0.5 0 0 0 0 1.10352 0.0523676 -1 42001
8.375 0 0.75 0 0 0 0 1.04718 0.0525116 -1 42001
8.375 0 1 0 0 0 0 0.992679 0.0528899 -1 42501
8.375 0 1.25 0 0 0 0 0.941205 0.0533 -1 43001
8.375 0 1.5 0 0 0 0 0.89393 0.053919 -1 43501
8.375 0 1.75 0 0 0 0 0.851472 0.0545832 -1 43501
8.375 0 2 0 0 0 0 0.813781 0.0554246 -1 44001
8.375 0 2.25 0 0 0 0 0.779827 0.0563429 -1 44501
8.375 0 2.5 0 0 0 0 0.74697 0.0574887 -1 45001
8.375 0 2.75 0 0 0 0 0.708815 0.05872 -1 45501
8.375 0 3 0 0 0 0 0.658002 0.0601201 -1 46001
8.375 0 3.25 0 0 0 0 0.590805 0.0615847 -1 47001
8.375 0 3.5 0 0 0 0 0.509825 0.0631133 -1 47501
8.375 0 3.75 0 0 0 0 0.414924 0.0647242 -1 48001
8.375 0 4 0 0 0 0 0.305282 0.0664283 -1 49001
8.375 0 4.25 0 0 0 0 0.177284 0.0682608 -1 49501
8.375 0 4.5 -0.215928 0.000264302 0.247988 0.328821 0.0236212 0.0702551 -1 50501
8.375 0 4.75 0 0 0 0 0.165415 0.0724269 1 51001
8.375 0 5 0 0 0 0 0.376812 0.0748137 1 51501
8.5 0 0 0 0 0 0 1.10124 0.0531411 -1 41001
8.5 0 0.25 0 0 0 0 1.04141 0.0530697 -1 41501
8.5 0 0.5 0 0 0 0 0.983309 0.0531918 -1 41501
8.5 0 0.75 0 0 0 0 0.926439 0.0533316 -1 42001
8.5 0 1 0 0 0 0 0.871575 0.0537019 -1 42501
8.5 0 1.25 0 0 0 0 0.820119 0.0541035 -1 43001
8.5 0 1.5 0 0 0 0 0.772391 0.0547119 -1 43501
8.5 0 1.75 0 0 0 0 0.729441 0.0553641 -1 43501
8.5 0 2 0 0 0 0 0.691245 0.056189 -1 44001
8.5 0 2.25 0 0 0 0 0.657154 0.0570876 -1 44501
8.5 0 2.5 0 0 0 0 0.624563 0.058205 -1 45001
8.5 0 2.75 0 0 0 0 0.587256 0.0594092 -1 45501
8.5 0 3 0 0 0 0 0.538164 0.0607908 -1 46001
8.5 0 3.25 0 0 0 0 0.47291 0.0622366 -1 47001
8.5 0 3.5 0 0 0 0 0.393474 0.0637487 -1 47501
8.5 0 3.75 0 0 0 0 0.302868 0.0653382 -1 48001
8.5 0 4 0 0 0 0 0.19618 0.0670127 -1 48501
8.5 0 4.25 -0.0610549 8.47657e-05 0.101629 0.118559 0.0743787 0.0688076 -1 49501
8.5 0 4.5 -0.080168 0.000110307 0.112669 0.13828 0.0702047 0.0707529 1 50001
8.5 0 4.75 0 0 0 0 0.242722 0.0728674 1 51001
8.5 0 5 0 0 0 0 0.439234 0.0751861 1 51501
8.625 0 0 0 0 0 0 0.981921 0.0539844 -1 41001
8.625 0 0.25 0 0 0 0 0.92112 0.0539131 -1 41501
8.625 0 0.5 0 0 0 0 0.862835 0.0540311 -1 41501
8.625 0 0.75 0 0 0 0 0.805697 0.0541666 -1 42001
8.625 0 1 0 0 0 0 0.750696 0.0545286 -1 42501
8.625 0 1.25 0 0 0 0 0.699034 0.0549214 -1 43001
8.625 0 1.5 0 0 0 0 0.650851 0.0555188 -1 43501
8.625 0 1.75 0 0 0 0 0.607298 0.0561587 -1 43501
8.625 0 2 0 0 0 0 0.568709 0.0569667 -1 44001
8.625 0 2.25 0 0 0 0 0.53448 0.0578453 -1 44501
8.625 0 2.5 0 0 0 0 0.502156 0.0589335 -1 45001
8.625 0 2.75 0 0 0 0 0.465697 0.0601095 -1 45501
8.625 0 3 0 0 0 0 0.418013 0.0614718 -1 46001
8.625 0 3.25 0 0 0 0 0.355136 0.0628979 -1 46501
8.625 0 3.5 0 0 0 0 0.277124 0.0643934 -1 47001
8.625 0 3.75 0 0 0 0 0.188287 0.0659611 -1 48001
8.625 0 4 -0.0329393 -6.42283e-06 0.0711028 0.078362 0.0869905 0.0676061 -1 48501
8.625 0 4.25 -0.134908 8.88044e-05 0.255367 0.288812 0.0314909 0.0693636 1 49001
8.625 0 4.5 0 0 0 0 0.167522 0.0712604 1 50001
8.625 0 4.75 0 0 0 0 0.326024 0.0733178 1 50501
8.625 0 5 0 0 0 0 0.510379 0.0755691 1 51001
8.75 0 0 0 0 0 0 0.862602 0.0547897 -1 41001
8.75 0 0.25 0 0 0 0 0.800997 0.0547183 -1 41001
8.75 0 0.5 0 0 0 0 0.742362 0.0548332 -1 41501
8.75 0 0.75 0 0 0 0 0.684954 0.0549652 -1 42001
8.75 0 1 0 0 0 0 0.629975 0.0553205 -1 42501
8.75 0 1.25 0 0 0 0 0.577948 0.0557061 -1 43001
8.75 0 1.5 0 0 0 0 0.529408 0.0562946 -1 43001
8.75 0 1.75 0 0 0 0 0.485156 0.0569247 -1 43501
8.75 0 2 0 0 0 0 0.446173 0.0577204 -1 44001
8.75 0 2.25 0 0 0 0 0.411806 0.0585836 -1 44501
8.75 0 2.5 0 0 0 0 0.379541 0.0596464 -1 45001
8.75 0 2.75 0 0 0 0 0.343736 0.0607973 -1 45501
8.75 0 3 0 0 0 0 0.297862 0.06214 -1 46001
8.75 0 3.25 0 0 0 0 0.237202 0.0635473 -1 46501
8.75 0 3.5 0 0 0 0 0.160827 0.0650296 -1 47001
8.75 0 3.75 -0.03774 2.55159e-05 0.105814 0.112343 0.0739279 0.0665804 -1 47501
8.75 0 4 -0.133564 -2.60437e-05 0.288312 0.317747 0.0251041 0.0682028 1 48501
8.75 0 4.25 -0.000247339 1.62813e-07 0.000468188 0.000529506 0.137673 0.0699312 1 49001
8.75 0 4.5 0 0 0 0 0.268415 0.0717893 1 49501
8.75 0 4.75 0 0 0 0 0.419504 0.0738002 1 50001
8.75 0 5 0 0 0 0 0.592426 0.0759946 1 51001
8.875 0 0 0 0 0 0 0.743283 0.0556192 -1 41001
8.875 0 0.25 0 0 0 0 0.680686 0.0555479 -1 41001
8.875 0 0.5 0 0 0 0 0.621888 0.0556594 -1 41501
8.875 0 0.75 0 0 0 0 0.564301 0.0557878 -1 42001
8.875 0 1 0 0 0 0 0.509254 0.0561356 -1 42501
8.875 0 1.25 0 0 0 0 0.456863 0.0565134 -1 43001
8.875 0 1.5 0 0 0 0 0.407848 0.0570924 -1 43001
8.875 0 1.75 0 0 0 0 0.363013 0.0577119 -1 43501
8.875 0 2 0 0 0 0 0.323637 0.0584944 -1 44001
8.875 0 2.25 0 0 0 0 0.289262 0.059341 -1 44501
8.875 0 2.5 0 0 0 0 0.256872 0.0603768 -1 45001
8.875 0 2.75 0 0 0 0 0.221343 0.061501 -1 45501
8.875 0 3 0 0 0 0 0.176704 0.0628229 -1 46001
8.875 0 3.25 -0.00175642 8.18748e-06 0.00720421 0.00741524 0.119269 0.0642103 -1 46501
8.875 0 3.5 -0.0659305 0.000162085 0.210007 0.220113 0.0444415 0.0656785 -1 47001
8.875 0 3.75 -0.0811362 5.4856e-05 0.227488 0.241524 0.0405977 0.0672114 1 47501
8.875 0 4 0.000373034 2.37702e-07 -0.000917138 -0.000990099 0.137605 0.0688101 1 48001
8.875 0 4.25 0 0 0 0 0.24754 0.0705081 1 49001
8.875 0 4.5 0 0 0 0 0.371409 0.0723262 1 49501
8.875 0 4.75 0 0 0 0 0.512873 0.0742889 1 50001
8.875 0 5 0 0 0 0 0.675728 0.076425 1 50501
8.875 0 5.25 0 0 0 0 0.858827 0.0787542 1 51001
9 0 0 0 0 0 0 0.623964 0.0564584 -1 41001
9 0 0.25 0 0 0 0 0.560375 0.0563871 -1 41001
9 0 0.5 0 0 0 0 0.501414 0.0564952 -1 41501
9 0 0.75 0 0 0 0 0.443855 0.0566198 -1 42001
9 0 1 0 0 0 0 0.388533 0.0569602 -1 42501
9 0 1.25 0 0 0 0 0.335837 0.0573301 -1 43001
9 0 1.5 0 0 0 0 0.286288 0.0578993 -1 43001
9 0 1.75 0 0 0 0 0.24087 0.0585082 -1 43501
9 0 2 0 0 0 0 0.201101 0.0592776 -1 44001
9 0 2.25 0 0 0 0 0.166733 0.0601076 -1 44501
9 0 2.5 0 0 0 0 0.134202 0.0611164 -1 45001
9 0 2.75 -0.00483383 7.01888e-05 0.03283 0.033184 0.0989493 0.0622138 -1 45501
9 0 3 -0.0311906 0.000287208 0.165232 0.16815 0.0551731 0.0635137 -1 46001
9 0 3.25 -0.10676 0.000497656 0.43789 0.450717 0.000992827 0.0648805 1 46501
9 0 3.5 -0.0343503 8.44476e-05 0.109415 0.114681 0.0729156 0.0663343 1 47001
9 0 3.75 0 0 0 0 0.155504 0.0678495 1 47501
9 0 4 0 0 0 0 0.250107 0.0694251 1 48001
9 0 4.25 0 0 0 0 0.357107 0.0710936 1 48501
9 0 4.5 0 0 0 0 0.477592 0.0728726 1 49501
9 0 4.75 0 0 0 0 0.613744 0.0747883 1 50001
9 0 5 0 0 0 0 0.768802 0.0768674 1 50501
9 0 5.25 0 0 0 0 0.942129 0.079133 1 50501
9.125 0 0 0 0 0 0 0.50479 0.0572659 -1 40501
9.125 0 0.25 0 0 0 0 0.440064 0.0571946 -1 41001
9.125 0 0.5 0 0 0 0 0.380956 0.0572999 -1 41501
9.125 0 0.75 0 0 0 0 0.323409 0.0574215 -1 42001
9.125 0 1 0 0 0 0 0.267812 0.0577556 -1 42501
9.125 0 1.25 0 0 0 0 0.214732 0.0581189 -1 42501
9.125 0 1.5 0 0 0 0 0.164728 0.05868 -1 43001
9.125 0 1.75 0 0 0 0 0.118728 0.0592802 -1 43501
9.125 0 2 -0.0117854 4.01708e-05 0.0724176 0.0733703 0.0789778 0.0600395 -1 44001
9.125 0 2.25 -0.028637 0.000245822 0.204017 0.206017 0.0442033 0.0608565 -1 44501
9.125 0 2.5 -0.0500621 0.000706927 0.380067 0.38335 0.0115328 0.0618429 -1 45001
9.125 0 2.75 -0.0460579 0.000668775 0.312812 0.316185 0.0234441 0.062917 1 45501
9.125 0 3 -0.023784 0.000219007 0.125996 0.128221 0.0665496 0.0641943 1 46001
9.125 0 3.25 -0.0018077 8.42651e-06 0.00741454 0.00763173 0.121543 0.0655403 1 46501
9.125 0 3.5 0 0 0 0 0.191341 0.0669815 1 47001
9.125 0 3.75 0 0 0 0 0.272419 0.0684817 1 47501
9.125 0 4 0 0 0 0 0.363891 0.0700398 1 48001
9.125 0 4.25 0 0 0 0 0.466674 0.071685 1 48501
9.125 0 4.5 0 0 0 0 0.583774 0.0734325 1 49001
9.125 0 4.75 0 0 0 0 0.714637 0.0753095 1 49501
9.125 0 5 0 0 0 0 0.862172 0.0773405 1 50001
9.125 0 5.25 0 0 0 0 1.02543 0.0795504 1 50501
9.25 0 0 0 0 0 0 0.385439 0.0580968 -1 40501
9.25 0 0.25 0 0 0 0 0.319753 0.0580256 -1 41001
9.25 0 0.5 0 0 0 0 0.260669 0.0581279 -1 41501
9.25 0 0.75 0 0 0 0 0.202962 0.0582462 -1 42001
9.25 0 1 0 0 0 0 0.147123 0.0585735 -1 42501
9.25 0 1.25 -0.00739618 -1.01576e-06 0.0325569 0.0333864 0.0936274 0.0589296 -1 42501
9.25 0 1.5 -0.04273 -5.07117e-05 0.201713 0.206189 0.0431683 0.059482 -1 43001
9.25 0 1.75 -0.0816236 -2.25338e-05 0.426127 0.433874 0.00341505 0.0600728 1 43501
9.25 0 2 -0.0338324 0.000115319 0.20789 0.210625 0.0431788 0.0608212 1 44001
9.25 0 2.25 -0.0111982 9.61265e-05 0.0797789 0.080561 0.0785309 0.0616243 1 44501
9.25 0 2.5 -0.00175229 2.4744e-05 0.0133032 0.0134181 0.111499 0.0625868 1 45001
9.25 0 2.75 0 0 0 0 0.146362 0.0636362 1 45501
9.25 0 3 0 0 0 0 0.188609 0.0648896 1 46001
9.25 0 3.25 0 0 0 0 0.242175 0.0662137 1 46501
9.25 0 3.5 0 0 0 0 0.309767 0.0676414 1 47001
9.25 0 3.75 0 0 0 0 0.389297 0.0691259 1 47501
9.25 0 4 0 0 0 0 0.478797 0.0706654 1 48001
9.25 0 4.25 0 0 0 0 0.579347 0.0722863 1 48501
9.25 0 4.5 0 0 0 0 0.691996 0.0740011 1 49001
9.25 0 4.75 0 0 0 0 0.81751 0.075838 1 49501
9.25 0 5 0 0 0 0 0.959074 0.0778194 1 50001
9.25 0 5.25 0 0 0 0 1.1181 0.0799722 1 50501
9.25 0 5.5 0 0 0 0 1.29183 0.0823184 1 50501
9.375 0 0 0 0 0 0 0.266088 0.0589321 -1 40501
9.375 0 0.25 0 0 0 0 0.199442 0.0588609 -1 41001
9.375 0 0.5 0 0 0 0 0.140381 0.0589603 -1 41501
9.375 0 0.75 -0.0139261 3.82074e-06 0.0584036 0.0600409 0.082516 0.0590754 -1 42001
9.375 0 1 -0.0677411 1.85854e-05 0.284095 0.292059 0.0263809 0.059396 -1 42001
9.375 0 1.25 -0.063551 -8.72779e-06 0.279742 0.28687 0.0274775 0.059745 1 42501
9.375 0 1.5 -0.0156379 -1.85589e-05 0.0738207 0.0754588 0.0785752 0.0602887 1 43001
9.375 0 1.75 0 0 0 0 0.12536 0.0608702 1 43501
9.375 0 2 0 0 0 0 0.165892 0.0616081 1 44001
9.375 0 2.25 0 0 0 0 0.201634 0.0623976 1 44501
9.375 0 2.5 0 0 0 0 0.234723 0.0633369 1 45001
9.375 0 2.75 0 0 0 0 0.269293 0.064362 1 45501
9.375 0 3 0 0 0 0 0.310668 0.0655909 1 46001
9.375 0 3.25 0 0 0 0 0.362807 0.0668925 1 46001
9.375 0 3.5 0 0 0 0 0.428193 0.0683062 1 46501
9.375 0 3.75 0 0 0 0 0.506175 0.0697749 1 47001
9.375 0 4 0 0 0 0 0.593703 0.0712966 1 47501
9.375 0 4.25 0 0 0 0 0.691849 0.0728942 1 48001
9.375 0 4.5 0 0 0 0 0.801563 0.0745778 1 49001
9.375 0 4.75 0 0 0 0 0.923693 0.0763766 1 49501
9.375 0 5 0 0 0 0 1.05997 0.0783107 1 50001
9.375 0 5.25 0 0 0 0 1.21147 0.0804085 1 50001
9.375 0 5.5 0 0 0 0 1.37513 0.0826907 1 50501
9.5 0 0 0 0 0 0 0.146738 0.0597419 -1 40501
9.5 0 0.25 -0.0186261 -6.76713e-06 0.0666265 0.0691811 0.0799719 0.0596708 -1 41001
9.5 0 0.5 -0.0783506 7.21434e-05 0.319357 0.328828 0.0200939 0.0597677 -1 41501
9.5 0 0.75 -0.0539889 1.48123e-05 0.22642 0.232768 0.0379241 0.0598801 1 42001
9.5 0 1 -0.00822893 2.25768e-06 0.0345107 0.0354783 0.0946124 0.0601949 1 42001
9.5 0 1.25 0 0 0 0 0.149082 0.0605378 1 42501
9.5 0 1.5 0 0 0 0 0.20063 0.0610741 1 43001
9.5 0 1.75 0 0 0 0 0.24748 0.0616478 1 43501
9.5 0 2 0 0 0 0 0.288605 0.062377 1 44001
9.5 0 2.25 0 0 0 0 0.324736 0.0631555 1 44501
9.5 0 2.5 0 0 0 0 0.357947 0.0640757 1 45001
9.5 0 2.75 0 0 0 0 0.392224 0.0650797 1 45001
9.5 0 3 0 0 0 0 0.432727 0.0662845 1 45501
9.5 0 3.25 0 0 0 0 0.483439 0.0675641 1 46001
9.5 0 3.5 0 0 0 0 0.546619 0.068964 1 46501
9.5 0 3.75 0 0 0 0 0.623054 0.070418 1 47001
9.5 0 4 0 0 0 0 0.708609 0.071925 1 47501
9.5 0 4.25 0 0 0 0 0.80435 0.0735035 1 48001
9.5 0 4.5 0 0 0 0 0.91113 0.0751619 1 48501
9.5 0 4.75 0 0 0 0 1.02988 0.0769292 1 49001
9.5 0 5 0 0 0 0 1.16086 0.0788239 1 49501
9.5 0 5.25 0 0 0 0 1.30484 0.0808743 1 50001
9.5 0 5.5 0 0 0 0 1.4674 0.0830996 1 50501
9.625 0 0 -0.0788928 -7.94372e-05 0.278472 0.289432 0.0273866 0.0605743 -1 40501
9.625 0 0.25 -0.061334 -2.22836e-05 0.219395 0.227807 0.0393377 0.0605033 1 41001
9.625 0 0.5 -0.00606007 5.57997e-06 0.0247008 0.0254333 0.100471 0.0605975 1 41501
9.625 0 0.75 0 0 0 0 0.158937 0.060707 1 41501
9.625 0 1 0 0 0 0 0.2159 0.0610156 1 42001
9.625 0 1.25 0 0 0 0 0.270737 0.0613519 1 42501
9.625 0 1.5 0 0 0 0 0.322285 0.0618802 1 43001
9.625 0 1.75 0 0 0 0 0.3696 0.0624455 1 43501
9.625 0 2 0 0 0 0 0.411318 0.0631655 1 44001
9.625 0 2.25 0 0 0 0 0.447839 0.0639321 1 44501
9.625 0 2.5 0 0 0 0 0.48117 0.0648319 1 45001
9.625 0 2.75 0 0 0 0 0.515155 0.0658137 1 45001
9.625 0 3 0 0 0 0 0.554786 0.066993 1 45501
9.625 0 3.25 0 0 0 0 0.604071 0.0682494 1 46001
9.625 0 3.5 0 0 0 0 0.665045 0.0696346 1 46501
9.625 0 3.75 0 0 0 0 0.739932 0.0710731 1 47001
9.625 0 4 0 0 0 0 0.823515 0.0725645 1 47501
9.625 0 4.25 0 0 0 0 0.916851 0.0741231 1 48001
9.625 0 4.5 0 0 0 0 1.0207 0.0757551 1 48501
9.625 0 4.75 0 0 0 0 1.13606 0.0774898 1 49001
9.625 0 5 0 0 0 0 1.26361 0.0793438 1 49501
9.625 0 5.25 0 0 0 0 1.4053 0.0813455 1 50001
9.625 0 5.5 0 0 0 0 1.56077 0.0835127 1 50001
9.625 0 5.75 0 0 0 0 1.72673 0.0858753 1 50501
9.75 0 0 -0.0122222 -1.23065e-05 0.0431413 0.0448392 0.0921251 0.0614061 1 40501
9.75 0 0.25 0 0 0 0 0.1592 0.0613351 1 41001
9.75 0 0.5 0 0 0 0 0.221315 0.0614268 1 41501
9.75 0 0.75 0 0 0 0 0.279949 0.0615335 1 41501
9.75 0 1 0 0 0 0 0.337187 0.061836 1 42001
9.75 0 1.25 0 0 0 0 0.392296 0.062166 1 42501
9.75 0 1.5 0 0 0 0 0.443939 0.0626866 1 43001
9.75 0 1.75 0 0 0 0 0.49172 0.0632436 1 43501
9.75 0 2 0 0 0 0 0.534031 0.0639548 1 44001
9.75 0 2.25 0 0 0 0 0.570942 0.0647101 1 44501
9.75 0 2.5 0 0 0 0 0.604394 0.0655908 1 44501
9.75 0 2.75 0 0 0 0 0.638085 0.0665512 1 45001
9.75 0 3 0 0 0 0 0.676846 0.0677051 1 45501
9.75 0 3.25 0 0 0 0 0.724703 0.0689382 1 46001
9.75 0 3.5 0 0 0 0 0.783471 0.070308 1 46501
9.75 0 3.75 0 0 0 0 0.857806 0.0717308 1 47001
9.75 0 4 0 0 0 0 0.940175 0.0732074 1 47501
9.75 0 4.25 0 0 0 0 1.0319 0.0747471 1 48001
9.75 0 4.5 0 0 0 0 1.13359 0.0763547 1 48501
9.75 0 4.75 0 0 0 0 1.24602 0.0780587 1 49001
9.75 0 5 0 0 0 0 1.36979 0.0798742 1 49501
9.75 0 5.25 0 0 0 0 1.50619 0.0818301 1 49501
9.75 0 5.5 0 0 0 0 1.65469 0.0839427 1 50001
9.75 0 5.75 0 0 0 0 1.8167 0.0862445 1 5828501
9.875 0 0 0 0 0 0 0.211889 0.0622175 1 40501
9.875 0 0.25 0 0 0 0 0.279062 0.0621467 1 41001
9.875 0 0.5 0 0 0 0 0.342159 0.0622361 1 41001
9.875 0 0.75 0 0 0 0 0.400961 0.0623403 1 41501
9.875 0 1 0 0 0 0 0.458475 0.0626374 1 42001
9.875 0 1.25 0 0 0 0 0.513583 0.0629618 1 42501
9.875 0 1.5 0 0 0 0 0.565593 0.0634757 1 43001
9.875 0 1.75 0 0 0 0 0.613839 0.0640258 1 43501
9.875 0 2 0 0 0 0 0.656744 0.0647294 1 44001
9.875 0 2.25 0 0 0 0 0.694044 0.0654751 1 44001
9.875 0 2.5 0 0 0 0 0.727618 0.06634 1 44501
9.875 0 2.75 0 0 0 0 0.761016 0.067282 1 45001
9.875 0 3 0 0 0 0 0.798905 0.0684117 1 45501
9.875 0 3.25 0 0 0 0 0.845334 0.0696221 1 46001
9.875 0 3.5 0 0 0 0 0.904123 0.070976 1 46501
9.875 0 3.75 0 0 0 0 0.976232 0.0723834 1 47001
9.875 0 4 0 0 0 0 1.05705 0.0738472 1 47501
9.875 0 4.25 0 0 0 0 1.14681 0.075371 1 48001
9.875 0 4.5 0 0 0 0 1.24609 0.0769581 1 48501
9.875 0 4.75 0 0 0 0 1.35559 0.0786361 1 48501
9.875 0 5 0 0 0 0 1.47598 0.0804182 1 49001
9.875 0 5.25 0 0 0 0 1.60708 0.0823344 1 49501
9.875 0 5.5 0 0 0 0 1.75063 0.0843999 1 50001
9.875 0 5.75 0 0 0 0 1.91041 0.0866467 1 5828501
10 0 0 0 0 0 0 0.331653 0.0630507 1 40501
10 0 0.25 0 0 0 0 0.398924 0.06298 1 40501
10 0 0.5 0 0 0 0 0.463003 0.063067 1 41001
10 0 0.75 0 0 0 0 0.521974 0.0631685 1 41501
10 0 1 0 0 0 0 0.579682 0.0634599 1 42001
10 0 1.25 0 0 0 0 0.634871 0.0637783 1 42501
10 0 1.5 0 0 0 0 0.687248 0.064285 1 43001
10 0 1.75 0 0 0 0 0.735959 0.0648275 1 43501
10 0 2 0 0 0 0 0.779457 0.065523 1 43501
10 0 2.25 0 0 0 0 0.817147 0.0662585 1 44001
10 0 2.5 0 0 0 0 0.850842 0.0671065 1 44501
10 0 2.75 0 0 0 0 0.883947 0.068029 1 45001
10 0 3 0 0 0 0 0.920964 0.0691331 1 45501
10 0 3.25 0 0 0 0 0.966997 0.0703197 1 46001
10 0 3.5 0 0 0 0 1.02475 0.0716569 1 46501
10 0 3.75 0 0 0 0 1.09466 0.0730481 1 47001
10 0 4 0 0 0 0 1.17393 0.0744983 1 47501
10 0 4.25 0 0 0 0 1.26171 0.0760053 1 47501
10 0 4.5 0 0 0 0 1.35859 0.0775711 1 48001
10 0 4.75 0 0 0 0 1.46515 0.079222 1 48501
10 0 5 0 0 0 0 1.58216 0.0809697 1 49001
10 0 5.25 0 0 0 0 1.70971 0.082845 1 49501
10 0 5.5 0 0 0 0 1.85152 0.0848621 1 5828001
10 0 5.75 0 0 0 0 2.00405 0.0870527 1 5828001
10 0 6 0 0 0 0 2.16527 0.0894252 1 5828501
10.125 0 0 0 0 0 0 0.451417 0.0638795 1 40501
10.125 0 0.25 0 0 0 0 0.518787 0.0638089 1 40501
10.125 0 0.5 0 0 0 0 0.583847 0.0638936 1 41001
10.125 0 0.75 0 0 0 0 0.642986 0.0639925 1 41501
10.125 0 1 0 0 0 0 0.700694 0.0642784 1 42001
10.125 0 1.25 0 0 0 0 0.756158 0.064591 1 42501
10.125 0 1.5 0 0 0 0 0.808902 0.0650908 1 43001
10.125 0 1.75 0 0 0 0 0.858079 0.0656261 1 43001
10.125 0 2 0 0 0 0 0.90217 0.0663139 1 43501
10.125 0 2.25 0 0 0 0 0.94025 0.0670398 1 44001
10.125 0 2.5 0 0 0 0 0.974065 0.0678723 1 44501
10.125 0 2.75 0 0 0 0 1.00688 0.0687766 1 45001
10.125 0 3 0 0 0 0 1.04302 0.0698561 1 45501
10.125 0 3.25 0 0 0 0 1.08906 0.0710194 1 46001
10.125 0 3.5 0 0 0 0 1.14539 0.072339 1 46501
10.125 0 3.75 0 0 0 0 1.21308 0.0737136 1 46501
10.125 0 4 0 0 0 0 1.29081 0.0751513 1 47001
10.125 0 4.25 0 0 0 0 1.37662 0.0766425 1 47501
10.125 0 4.5 0 0 0 0 1.47109 0.0781883 1 48001
10.125 0 4.75 0 0 0 0 1.57472 0.0798143 1 48501
10.125 0 5 0 0 0 0 1.69047 0.0815307 1 49001
10.125 0 5.25 0 0 0 0 1.81589 0.0833681 1 49501
10.125 0 5.5 0 0 0 0 1.95254 0.0853395 1 5828001
10.125 0 5.75 0 0 0 0 2.09825 0.0874775 1 5828001
10.125 0 6 0 0 0 0 2.25944 0.0897897 1 5828501
10.25 0 0 0 0 0 0 0.57118 0.0646941 1 40501
10.25 0 0.25 0 0 0 0 0.638649 0.0646236 1 40501
10.25 0 0.5 0 0 0 0 0.704691 0.0647062 1 41001
10.25 0 0.75 0 0 0 0 0.763981 0.0648029 1 41501
10.25 0 1 0 0 0 0 0.821707 0.0650835 1 42001
10.25 0 1.25 0 0 0 0 0.877446 0.0653907 1 42501
10.25 0 1.5 0 0 0 0 0.930557 0.0658844 1 42501
10.25 0 1.75 0 0 0 0 0.980199 0.0664133 1 43001
10.25 0 2 0 0 0 0 1.02488 0.0670942 1 43501
10.25 0 2.25 0 0 0 0 1.06335 0.0678118 1 44001
10.25 0 2.5 0 0 0 0 1.09729 0.0686311 1 44501
10.25 0 2.75 0 0 0 0 1.12981 0.0695194 1 45001
10.25 0 3 0 0 0 0 1.16595 0.070576 1 45501
10.25 0 3.25 0 0 0 0 1.21112 0.0717172 1 46001
10.25 0 3.5 0 0 0 0 1.26602 0.0730183 1 46501
10.25 0 3.75 0 0 0 0 1.33151 0.0743763 1 46501
10.25 0 4 0 0 0 0 1.40769 0.0758029 1 47001
10.25 0 4.25 0 0 0 0 1.49153 0.07728 1 47501
10.25 0 4.5 0 0 0 0 1.58501 0.0788078 1 48001
10.25 0 4.75 0 0 0 0 1.68783 0.080412 1 48501
10.25 0 5 0 0 0 0 1.80004 0.0821021 1 49001
10.25 0 5.25 0 0 0 0 1.92203 0.083906 1 5827501
10.25 0 5.5 0 0 0 0 2.05417 0.0858356 1 5827501
10.25 0 5.75 0 0 0 0 2.1963 0.0879264 1 5828001
10.25 0 6 0 0 0 0 2.3532 0.0901847 1 5828001
10.375 0 0 0 0 0 0 0.690944 0.0655297 1 40001
10.375 0 0.25 0 0 0 0 0.758511 0.0654594 1 40501
10.375 0 0.5 0 0 0 0 0.82553 0.0655398 1 41001
10.375 0 0.75 0 0 0 0 0.884824 0.065634 1 41501
10.375 0 1 0 0 0 0 0.942719 0.0659091 1 42001
10.375 0 1.25 0 0 0 0 0.998734 0.0662105 1 42001
10.375 0 1.5 0 0 0 0 1.05221 0.0666976 1 42501
10.375 0 1.75 0 0 0 0 1.10232 0.0672195 1 43001
10.375 0 2 0 0 0 0 1.1476 0.0678932 1 43501
10.375 0 2.25 0 0 0 0 1.18645 0.0686018 1 44001
10.375 0 2.5 0 0 0 0 1.22051 0.069407 1 44501
10.375 0 2.75 0 0 0 0 1.25274 0.0702784 1 45001
10.375 0 3 0 0 0 0 1.28888 0.071311 1 45501
10.375 0 3.25 0 0 0 0 1.33317 0.0724287 1 46001
10.375 0 3.5 0 0 0 0 1.38665 0.0737104 1 46001
10.375 0 3.75 0 0 0 0 1.44994 0.075051 1 46501
10.375 0 4 0 0 0 0 1.52457 0.0764658 1 47001
10.375 0 4.25 0 0 0 0 1.60793 0.0779283 1 47501
10.375 0 4.5 0 0 0 0 1.69991 0.0794372 1 48001
10.375 0 4.75 0 0 0 0 1.80034 0.0810188 1 48501
10.375 0 5 0 0 0 0 1.90961 0.0826814 1 48501
10.375 0 5.25 0 0 0 0 2.0288 0.0844508 1 5827001
10.375 0 5.5 0 0 0 0 2.1558 0.0863376 1 5827501
10.375 0 5.75 0 0 0 0 2.2979 0.0883798 1 5828001
10.375 0 6 0 0 0 0 2.4474 0.0905832 1 5828001
10.5 0 0 0 0 0 0 0.810708 0.0663547 1 40001
10.5 0 0.25 0 0 0 0 0.878373 0.0662845 1 40501
10.5 0 0.5 0 0 0 0 0.945393 0.0663627 1 41001
10.5 0 0.75 0 0 0 0 1.00567 0.0664545 1 41501
10.5 0 1 0 0 0 0 1.06373 0.0667248 1 42001
10.5 0 1.25 0 0 0 0 1.12002 0.0670211 1 42001
10.5 0 1.5 0 0 0 0 1.17387 0.0675019 1 42501
10.5 0 1.75 0 0 0 0 1.22444 0.0680173 1 43001
10.5 0 2 0 0 0 0 1.27031 0.0686841 1 43501
10.5 0 2.25 0 0 0 0 1.30956 0.0693846 1 44001
10.5 0 2.5 0 0 0 0 1.34374 0.0701778 1 44501
10.5 0 2.75 0 0 0 0 1.37615 0.071034 1 45001
10.5 0 3 0 0 0 0 1.41181 0.0720437 1 45501
10.5 0 3.25 0 0 0 0 1.45523 0.073139 1 46001
10.5 0 3.5 0 0 0 0 1.50728 0.0744012 1 46001
10.5 0 3.75 0 0 0 0 1.56836 0.0757241 1 46501
10.5 0 4 0 0 0 0 1.6427 0.0771261 1 47001
10.5 0 4.25 0 0 0 0 1.72481 0.0785744 1 47501
10.5 0 4.5 0 0 0 0 1.81482 0.0800681 1 48001
10.5 0 4.75 0 0 0 0 1.91284 0.0816292 1 48001
10.5 0 5 0 0 0 0 2.01997 0.083265 1 5826501
10.5 0 5.25 0 0 0 0 2.13557 0.0850032 1 5827001
10.5 0 5.5 0 0 0 0 2.26184 0.0868539 1 5827501
10.5 0 5.75 0 0 0 0 2.39903 0.0888515 1 5828001
10.5 0 6 0 0 0 0 2.5416 0.0910011 1 5828001
10.5 0 6.25 0 0 0 0 2.70236 0.09334 1 5828501
10.625 0 0 0 0 0 0 0.930472 0.0671679 1 40001
10.625 0 0.25 0 0 0 0 0.998338 0.0670978 1 40501
10.625 0 0.5 0 0 0 0 1.06525 0.0671738 1 41001
10.625 0 0.75 0 0 0 0 1.12651 0.0672633 1 41501
10.625 0 1 0 0 0 0 1.18474 0.0675295 1 41501
10.625 0 1.25 0 0 0 0 1.24131 0.0678215 1 42001
10.625 0 1.5 0 0 0 0 1.29552 0.0682963 1 42501
10.625 0 1.75 0 0 0 0 1.34656 0.0688056 1 43001
10.625 0 2 0 0 0 0 1.39302 0.0694663 1 43501
10.625 0 2.25 0 0 0 0 1.43266 0.0701597 1 44001
10.625 0 2.5 0 0 0 0 1.46696 0.0709428 1 44501
10.625 0 2.75 0 0 0 0 1.49937 0.0717858 1 45001
10.625 0 3 0 0 0 0 1.53474 0.0727739 1 45501
10.625 0 3.25 0 0 0 0 1.57729 0.0738476 1 46001
10.625 0 3.5 0 0 0 0 1.62791 0.0750904 1 46001
10.625 0 3.75 0 0 0 0 1.68679 0.0763953 1 46501
10.625 0 4 0 0 0 0 1.76112 0.0777834 1 47001
10.625 0 4.25 0 0 0 0 1.84169 0.0792184 1 47501
10.625 0 4.5 0 0 0 0 1.92973 0.0807003 1 47501
10.625 0 4.75 0 0 0 0 2.02619 0.0822434 1 48001
10.625 0 5 0 0 0 0 2.1303 0.0838527 1 5826501
10.625 0 5.25 0 0 0 0 2.24427 0.0855633 1 5827001
10.625 0 5.5 0 0 0 0 2.36858 0.0873849 1 5827501
10.625 0 5.75 0 0 0 0 2.50066 0.0893418 1 5827501
10.625 0 6 0 0 0 0 2.64263 0.0914385 1 5828001
10.625 0 6.25 0 0 0 0 2.79655 0.0937233 1 5828001
10.75 0 0 0 0 0 0 1.05024 0.0680013 1 40001
10.75 0 0.25 0 0 0 0 1.1181 0.0679312 1 40501
10.75 0 0.5 0 0 0 0 1.18512 0.068005 1 41001
10.75 0 0.75 0 0 0 0 1.24736 0.0680921 1 41501
10.75 0 1 0 0 0 0 1.30576 0.0683539 1 41501
10.75 0 1.25 0 0 0 0 1.3626 0.0686412 1 42001
10.75 0 1.5 0 0 0 0 1.41717 0.0691097 1 42501
10.75 0 1.75 0 0 0 0 1.46872 0.0696125 1 43001
10.75 0 2 0 0 0 0 1.51546 0.0702665 1 43501
10.75 0 2.25 0 0 0 0 1.55566 0.0709522 1 44001
10.75 0 2.5 0 0 0 0 1.59029 0.0717247 1 44501
10.75 0 2.75 0 0 0 0 1.6226 0.0725538 1 45001
10.75 0 3 0 0 0 0 1.65767 0.073519 1 45501
10.75 0 3.25 0 0 0 0 1.69935 0.07457 1 45501
10.75 0 3.5 0 0 0 0 1.74855 0.0757926 1 46001
10.75 0 3.75 0 0 0 0 1.80733 0.0770785 1 46501
10.75 0 4 0 0 0 0 1.87955 0.0784521 1 47001
10.75 0 4.25 0 0 0 0 1.95857 0.0798731 1 47001
10.75 0 4.5 0 0 0 0 2.04513 0.0813426 1 47501
10.75 0 4.75 0 0 0 0 2.139 0.0828669 1 5826001
10.75 0 5 0 0 0 0 2.2419 0.0844488 1 5826501
10.75 0 5.25 0 0 0 0 2.35455 0.0861308 1 5827001
10.75 0 5.5 0 0 0 0 2.47486 0.0879224 1 5827001
10.75 0 5.75 0 0 0 0 2.60229 0.0898375 1 5827501
10.75 0 6 0 0 0 0 2.74423 0.0918802 1 5828001
10.75 0 6.25 0 0 0 0 2.89075 0.0941099 1 5828001
10.875 0 0 0 0 0 0 1.16904 0.0688259 1 40001
10.875 0 0.25 0 0 0 0 1.23787 0.0687559 1 40501
10.875 0 0.5 0 0 0 0 1.30498 0.0688281 1 41001
10.875 0 0.75 0 0 0 0 1.3682 0.0689133 1 41001
10.875 0 1 0 0 0 0 1.42677 0.0691698 1 41501
10.875 0 1.25 0 0 0 0 1.48388 0.0694517 1 42001
10.875 0 1.5 0 0 0 0 1.53899 0.0699149 1 42501
10.875 0 1.75 0 0 0 0 1.59038 0.0704119 1 43001
10.875 0 2 0 0 0 0 1.63758 0.0710595 1 43501
10.875 0 2.25 0 0 0 0 1.67838 0.0717379 1 44001
10.875 0 2.5 0 0 0 0 1.71339 0.0725011 1 44501
10.875 0 2.75 0 0 0 0 1.74582 0.0733179 1 45001
10.875 0 3 0 0 0 0 1.7806 0.074263 1 45501
10.875 0 3.25 0 0 0 0 1.82141 0.0752929 1 45501
10.875 0 3.5 0 0 0 0 1.86963 0.0764932 1 46001
10.875 0 3.75 0 0 0 0 1.92797 0.0777603 1 46501
10.875 0 4 0 0 0 0 1.99798 0.0791232 1 47001
10.875 0 4.25 0 0 0 0 2.07584 0.0805308 1 47001
10.875 0 4.5 0 0 0 0 2.16013 0.0819833 1 5825501
10.875 0 4.75 0 0 0 0 2.2529 0.0834902 1 5826001
10.875 0 5 0 0 0 0 2.3549 0.085055 1 5826501
10.875 0 5.25 0 0 0 0 2.46407 0.0867109 1 5827001
10.875 0 5.5 0 0 0 0 2.58164 0.0884661 1 5827001
10.875 0 5.75 0 0 0 0 2.70775 0.090345 1 5827501
10.875 0 6 0 0 0 0 2.84553 0.0923511 1 5827501
10.875 0 6.25 0 0 0 0 2.98736 0.0945296 1 5828001
10.875 0 6.5 0 0 0 0 3.14571 0.0968737 1 5828001
11 0 0 0 0 0 0 1.28731 0.0696483 1 40001
11 0 0.25 0 0 0 0 1.35763 0.0695784 1 40501
11 0 0.5 0 0 0 0 1.42484 0.0696495 1 40501
11 0 0.75 0 0 0 0 1.48904 0.0697333 1 41001
11 0 1 0 0 0 0 1.54778 0.0699837 1 41501
11 0 1.25 0 0 0 0 1.60517 0.0702595 1 42001
11 0 1.5 0 0 0 0 1.66028 0.0707179 1 42501
11 0 1.75 0 0 0 0 1.71203 0.0712098 1 43001
11 0 2 0 0 0 0 1.7597 0.071851 1 43501
11 0 2.25 0 0 0 0 1.80109 0.0725224 1 44001
11 0 2.5 0 0 0 0 1.8365 0.0732771 1 44501
11 0 2.75 0 0 0 0 1.86904 0.0740828 1 45001
11 0 3 0 0 0 0 1.90354 0.0750098 1 45501
11 0 3.25 0 0 0 0 1.94347 0.0760194 1 45501
11 0 3.5 0 0 0 0 1.99029 0.0771958 1 46001
11 0 3.75 0 0 0 0 2.0486 0.0784437 1 46501
11 0 4 0 0 0 0 2.1164 0.0797989 1 46501
11 0 4.25 0 0 0 0 2.19268 0.0811936 1 5825001
11 0 4.5 0 0 0 0 2.27531 0.0826251 1 5825501
11 0 4.75 0 0 0 0 2.36805 0.0841157 1 5826001
11 0 5 0 0 0 0 2.46722 0.0856712 1 5826501
11 0 5.25 0 0 0 0 2.5744 0.0873027 1 5826501
11 0 5.5 0 0 0 0 2.68841 0.0890163 1 5827001
11 0 5.75 0 0 0 0 2.81449 0.090863 1 5827501
11 0 6 0 0 0 0 2.94716 0.0928456 1 5827501
11 0 6.25 0 0 0 0 3.08896 0.0949755 1 5828001
11 0 6.5 0 0 0 0 3.22525 0.0972491 1 6501
11.125 0 0 0 0 0 0 1.40557 0.0704904 1 40001
11.125 0 0.25 0 0 0 0 1.47739 0.0704207 1 40501
11.125 0 0.5 0 0 0 0 1.5447 0.0704907 1 40501
11.125 0 0.75 0 0 0 0 1.60989 0.070573 1 41001
11.125 0 1 0 0 0 0 1.66879 0.0708169 1 41501
11.125 0 1.25 0 0 0 0 1.7265 0.0710863 1 42001
11.125 0 1.5 0 0 0 0 1.78157 0.0715396 1 42501
11.125 0 1.75 0 0 0 0 1.83369 0.072026 1 43001
11.125 0 2 0 0 0 0 1.88182 0.0726603 1 43501
11.125 0 2.25 0 0 0 0 1.9238 0.0733241 1 44001
11.125 0 2.5 0 0 0 0 1.9596 0.0740699 1 44501
11.125 0 2.75 0 0 0 0 1.99227 0.0748638 1 45001
11.125 0 3 0 0 0 0 2.02647 0.0757717 1 45501
11.125 0 3.25 0 0 0 0 2.06553 0.0767601 1 45501
11.125 0 3.5 0 0 0 0 2.11156 0.0779113 1 46001
11.125 0 3.75 0 0 0 0 2.16923 0.0791393 1 46501
11.125 0 4 0 0 0 0 2.23506 0.0804863 1 5824501
11.125 0 4.25 0 0 0 0 2.30974 0.0818674 1 5825001
11.125 0 4.5 0 0 0 0 2.39258 0.083277 1 5825501
11.125 0 4.75 0 0 0 0 2.48321 0.0847507 1 5826001
11.125 0 5 0 0 0 0 2.58026 0.0862964 1 5826001
11.125 0 5.25 0 0 0 0 2.68473 0.0879027 1 5826501
11.125 0 5.5 0 0 0 0 2.79842 0.0895734 1 5827001
11.125 0 5.75 0 0 0 0 2.92092 0.091387 1 5827501
11.125 0 6 0 0 0 0 3.027 0.0933454 1 7001
11.125 0 6.25 0 0 0 0 3.06523 0.0954256 1 7001
11.125 0 6.5 0 0 0 0 3.1021 0.0976275 1 6501
11.25 0 0 0 0 0 0 1.52384 0.0713108 1 39501
11.25 0 0.25 0 0 0 0 1.59716 0.0712408 1 40001
11.25 0 0.5 0 0 0 0 1.66457 0.0713075 1 40501
11.25 0 0.75 0 0 0 0 1.73073 0.0713867 1 41001
11.25 0 1 0 0 0 0 1.79002 0.0716291 1 41501
11.25 0 1.25 0 0 0 0 1.84751 0.0718965 1 42001
11.25 0 1.5 0 0 0 0 1.90285 0.0723425 1 42501
11.25 0 1.75 0 0 0 0 1.95534 0.072822 1 43001
11.25 0 2 0 0 0 0 2.00394 0.0734524 1 43501
11.25 0 2.25 0 0 0 0 2.04651 0.0741116 1 44001
11.25 0 2.5 0 0 0 0 2.0827 0.07485 1 44501
11.25 0 2.75 0 0 0 0 2.11549 0.075634 1 45001
11.25 0 3 0 0 0 0 2.1494 0.0765247 1 45001
11.25 0 3.25 0 0 0 0 2.18807 0.0774944 1 45501
11.25 0 3.5 0 0 0 0 2.23362 0.0786246 1 46001
11.25 0 3.75 0 0 0 0 2.28986 0.0798317 1 5824501
11.25 0 4 0 0 0 0 2.35363 0.0811594 1 5824501
11.25 0 4.25 0 0 0 0 2.42751 0.082527 1 5825001
11.25 0 4.5 0 0 0 0 2.50962 0.0839334 1 5825501
11.25 0 4.75 0 0 0 0 2.59796 0.0853932 1 5825501
11.25 0 5 0 0 0 0 2.6933 0.0869104 1 5826001
11.25 0 5.25 0 0 0 0 2.76947 0.0884964 1 8001
11.25 0 5.5 0 0 0 0 2.81847 0.090156 1 8001
11.25 0 5.75 0 0 0 0 2.8635 0.091936 1 7501
11.25 0 6 0 0 0 0 2.90417 0.0938384 1 7001
11.25 0 6.25 0 0 0 0 2.94211 0.0959156 1 6501
11.25 0 6.5 0 0 0 0 2.97894 0.0981568 1 6501
11.25 0 6.75 0 0 0 0 3.01552 0.100526 1 6001
11.375 0 0 0 0 0 0 1.64211 0.0721266 1 39501
11.375 0 0.25 0 0 0 0 1.71692 0.0720561 1 40001
11.375 0 0.5 0 0 0 0 1.78443 0.0721182 1 40501
11.375 0 0.75 0 0 0 0 1.82077 0.0721931 1 13001
11.375 0 1 0 0 0 0 1.85233 0.0724371 1 12501
11.375 0 1.25 0 0 0 0 1.88474 0.0727048 1 12501
11.375 0 1.5 0 0 0 0 1.91772 0.0731421 1 12001
11.375 0 1.75 0 0 0 0 1.95324 0.0736137 1 12001
11.375 0 2 0 0 0 0 1.98898 0.074242 1 11501
11.375 0 2.25 0 0 0 0 2.028 0.074898 1 11001
11.375 0 2.5 0 0 0 0 2.06732 0.0756299 1 11001
11.375 0 2.75 0 0 0 0 2.11006 0.0764046 1 10501
11.375 0 3 0 0 0 0 2.15327 0.0772789 1 10501
11.375 0 3.25 0 0 0 0 2.2028 0.0782311 1 10001
11.375 0 3.5 0 0 0 0 2.25199 0.0793421 1 10001
11.375 0 3.75 0 0 0 0 2.30652 0.0805274 1 10001
11.375 0 4 0 0 0 0 2.36135 0.0818292 1 9501
11.375 0 4.25 0 0 0 0 2.41963 0.083183 1 9501
11.375 0 4.5 0 0 0 0 2.47854 0.0845969 1 9001
11.375 0 4.75 0 0 0 0 2.53714 0.0860442 1 8501
11.375 0 5 0 0 0 0 2.5942 0.0875219 1 8501
11.375 0 5.25 0 0 0 0 2.64787 0.08909 1 8001
11.375 0 5.5 0 0 0 0 2.69614 0.0907567 1 8001
11.375 0 5.75 0 0 0 0 2.74067 0.0925022 1 7501
11.375 0 6 0 0 0 0 2.78133 0.0943299 1 7001
11.375 0 6.25 0 0 0 0 2.819 0.0964305 1 6501
11.375 0 6.5 0 0 0 0 2.85578 0.0987746 1 6501
11.375 0 6.75 0 0 0 0 2.89235 0.101099 1 6001
11.5 0 0 0 0 0 0 1.62583 0.0729612 1 13501
11.5 0 0.25 0 0 0 0 1.64708 0.0728902 1 13501
11.5 0 0.5 0 0 0 0 1.66928 0.0729474 1 13001
11.5 0 0.75 0 0 0 0 1.69744 0.0730179 1 13001
11.5 0 1 0 0 0 0 1.729 0.0732635 1 12501
11.5 0 1.25 0 0 0 0 1.76149 0.0735315 1 12501
11.5 0 1.5 0 0 0 0 1.79445 0.0739596 1 12001
11.5 0 1.75 0 0 0 0 1.83015 0.0744229 1 11501
11.5 0 2 0 0 0 0 1.86613 0.0750487 1 11501
11.5 0 2.25 0 0 0 0 1.90514 0.0757012 1 11001
11.5 0 2.5 0 0 0 0 1.94475 0.0764262 1 11001
11.5 0 2.75 0 0 0 0 1.98748 0.0771912 1 10501
11.5 0 3 0 0 0 0 2.03131 0.0780482 1 10501
11.5 0 3.25 0 0 0 0 2.08082 0.0789819 1 10001
11.5 0 3.5 0 0 0 0 2.13067 0.0800729 1 10001
11.5 0 3.75 0 0 0 0 2.18547 0.0812354 1 9501
11.5 0 4 0 0 0 0 2.24011 0.0825101 1 9501
11.5 0 4.25 0 0 0 0 2.299 0.0838495 1 9001
11.5 0 4.5 0 0 0 0 2.35752 0.085271 1 9001
11.5 0 4.75 0 0 0 0 2.4161 0.0867053 1 8501
11.5 0 5 0 0 0 0 2.47261 0.0881421 1 8501
11.5 0 5.25 0 0 0 0 2.52627 0.0896916 1 8001
11.5 0 5.5 0 0 0 0 2.57382 0.0913654 1 7501
11.5 0 5.75 0 0 0 0 2.61785 0.0930755 1 7501
11.5 0 6 0 0 0 0 2.65849 0.0948266 1 7001
11.5 0 6.25 0 0 0 0 2.69588 0.096951 1 6501
11.5 0 6.5 0 0 0 0 2.73262 0.0994003 1 6501
11.5 0 6.75 0 0 0 0 2.76919 0.101679 1 6001
11.625 0 0 0 0 0 0 1.50195 0.0740991 1 13501
11.625 0 0.25 0 0 0 0 1.52327 0.0740103 1 13501
11.625 0 0.5 0 0 0 0 1.54545 0.0740534 1 13001
11.625 0 0.75 0 0 0 0 1.57411 0.074114 1 13001
11.625 0 1 0 0 0 0 1.60566 0.0744056 1 12501
11.625 0 1.25 0 0 0 0 1.63824 0.0747032 1 12501
11.625 0 1.5 0 0 0 0 1.67138 0.0750325 1 12001
11.625 0 1.75 0 0 0 0 1.70706 0.0754295 1 11501
11.625 0 2 0 0 0 0 1.74329 0.0761667 1 11501
11.625 0 2.25 0 0 0 0 1.78227 0.0768755 1 11001
11.625 0 2.5 0 0 0 0 1.82219 0.0774344 1 11001
11.625 0 2.75 0 0 0 0 1.86489 0.0781166 1 10501
11.625 0 3 0 0 0 0 1.90935 0.0791501 1 10501
11.625 0 3.25 0 0 0 0 1.95884 0.0801367 1 10001
11.625 0 3.5 0 0 0 0 2.00923 0.0809739 1 10001
11.625 0 3.75 0 0 0 0 2.06401 0.0820474 1 9501
11.625 0 4 0 0 0 0 2.11913 0.0835671 1 9501
11.625 0 4.25 0 0 0 0 2.17799 0.0849373 1 9001
11.625 0 4.5 0 0 0 0 2.23649 0.0860322 1 9001
11.625 0 4.75 0 0 0 0 2.29506 0.0874086 1 8501
11.625 0 5 0 0 0 0 2.35102 0.0891571 1 8501
11.625 0 5.25 0 0 0 0 2.40467 0.0906912 1 8001
11.625 0 5.5 0 0 0 0 2.45149 0.0919758 1 7501
11.625 0 5.75 0 0 0 0 2.49502 0.0936862 1 7501
11.625 0 6 0 0 0 0 2.53556 0.0958094 1 7001
11.625 0 6.25 0 0 0 0 2.57277 0.0977914 1 6501
11.625 0 6.5 0 0 0 0 2.60946 0.0996813 1 6501
11.625 0 6.75 0 0 0 0 2.64602 0.102043 1 6001
11.625 0 7 0 0 0 0 2.68248 0.104764 1 5501
11.75 0 0 0 0 0 0 1.37806 0.0747185 1 13501
11.75 0 0.25 0 0 0 0 1.39945 0.0746422 1 13501
11.75 0 0.5 0 0 0 0 1.42162 0.0745806 1 13001
11.75 0 0.75 0 0 0 0 1.45079 0.0748145 1 13001
11.75 0 1 0 0 0 0 1.48232 0.0750498 1 12501
11.75 0 1.25 0 0 0 0 1.51517 0.0752866 1 12001
11.75 0 1.5 0 0 0 0 1.5483 0.0755714 1 12001
11.75 0 1.75 0 0 0 0 1.58397 0.0761466 1 11501
11.75 0 2 0 0 0 0 1.62044 0.0767305 1 11501
11.75 0 2.25 0 0 0 0 1.65941 0.0773235 1 11001
11.75 0 2.5 0 0 0 0 1.69962 0.0779789 1 11001
11.75 0 2.75 0 0 0 0 1.74231 0.0788225 1 10501
11.75 0 3 0 0 0 0 1.78738 0.0796846 1 10501
11.75 0 3.25 0 0 0 0 1.83686 0.0805658 1 10001
11.75 0 3.5 0 0 0 0 1.8878 0.0815543 1 10001
11.75 0 3.75 0 0 0 0 1.94256 0.082752 1 9501
11.75 0 4 0 0 0 0 1.99814 0.0839853 1 9501
11.75 0 4.25 0 0 0 0 2.05699 0.085256 1 9001
11.75 0 4.5 0 0 0 0 2.11546 0.0865905 1 9001
11.75 0 4.75 0 0 0 0 2.17402 0.0880025 1 8501
11.75 0 5 0 0 0 0 2.22943 0.0894612 1 8501
11.75 0 5.25 0 0 0 0 2.28278 0.0909692 1 8001
11.75 0 5.5 0 0 0 0 2.32916 0.0925873 1 7501
11.75 0 5.75 0 0 0 0 2.37219 0.0943211 1 7501
11.75 0 6 0 0 0 0 2.41245 0.0961211 1 7001
11.75 0 6.25 0 0 0 0 2.44966 0.097991 1 6501
11.75 0 6.5 0 0 0 0 2.4863 0.100066 1 6501
11.75 0 6.75 0 0 0 0 2.52286 0.102318 1 6001
11.75 0 7 0 0 0 0 2.55931 0.104673 1 5501
11.875 0 0 0 0 0 0 1.25418 0.0755615 1 13501
11.875 0 0.25 0 0 0 0 1.27563 0.0754851 1 13501
11.875 0 0.5 0 0 0 0 1.29779 0.0754233 1 13001
11.875 0 0.75 0 0 0 0 1.32746 0.0756531 1 13001
11.875 0 1 0 0 0 0 1.35899 0.0758843 1 12501
11.875 0 1.25 0 0 0 0 1.3919 0.0761169 1 12001
11.875 0 1.5 0 0 0 0 1.42522 0.0763971 1 12001
11.875 0 1.75 0 0 0 0 1.46088 0.0769643 1 11501
11.875 0 2 0 0 0 0 1.49759 0.0775401 1 11501
11.875 0 2.25 0 0 0 0 1.53655 0.0781244 1 11001
11.875 0 2.5 0 0 0 0 1.57706 0.0787702 1 11001
11.875 0 2.75 0 0 0 0 1.61972 0.0796015 1 10501
11.875 0 3 0 0 0 0 1.66542 0.0804506 1 10501
11.875 0 3.25 0 0 0 0 1.71488 0.081318 1 10001
11.875 0 3.5 0 0 0 0 1.76636 0.0822918 1 10001
11.875 0 3.75 0 0 0 0 1.8211 0.0834734 1 9501
11.875 0 4 0 0 0 0 1.87716 0.0846894 1 9501
11.875 0 4.25 0 0 0 0 1.93599 0.0859413 1 9001
11.875 0 4.5 0 0 0 0 1.99443 0.0872577 1 9001
11.875 0 4.75 0 0 0 0 2.05297 0.0886531 1 8501
11.875 0 5 0 0 0 0 2.10784 0.0900938 1 8501
11.875 0 5.25 0 0 0 0 2.16046 0.0915822 1 8001
11.875 0 5.5 0 0 0 0 2.20683 0.0931745 1 7501
11.875 0 5.75 0 0 0 0 2.24936 0.0948757 1 7501
11.875 0 6 0 0 0 0 2.28935 0.0966402 1 7001
11.875 0 6.25 0 0 0 0 2.32654 0.0984715 1 6501
11.875 0 6.5 0 0 0 0 2.36315 0.100509 1 6501
11.875 0 6.75 0 0 0 0 2.3997 0.102722 1 6001
11.875 0 7 0 0 0 0 2.43615 0.105036 1 5501
12 0 0 0 0 0 0 1.13029 0.0764237 1 13501
12 0 0.25 0 0 0 0 1.15181 0.0763473 1 13501
12 0 0.5 0 0 0 0 1.17396 0.0762852 1 13001
12 0 0.75 0 0 0 0 1.20413 0.0765107 1 13001
12 0 1 0 0 0 0 1.23574 0.0767376 1 12501
12 0 1.25 0 0 0 0 1.26864 0.0769658 1 12001
12 0 1.5 0 0 0 0 1.30214 0.077241 1 12001
12 0 1.75 0 0 0 0 1.33779 0.0777998 1 11501
12 0 2 0 0 0 0 1.37474 0.0783668 1 11501
12 0 2.25 0 0 0 0 1.41369 0.0789422 1 11001
12 0 2.5 0 0 0 0 1.45449 0.0795778 1 11001
12 0 2.75 0 0 0 0 1.49714 0.0803961 1 10501
12 0 3 0 0 0 0 1.54346 0.0812315 1 10501
12 0 3.25 0 0 0 0 1.5929 0.0820844 1 10001
12 0 3.5 0 0 0 0 1.64493 0.0830427 1 10001
12 0 3.75 0 0 0 0 1.69965 0.0842074 1 9501
12 0 4 0 0 0 0 1.75617 0.0854053 1 9501
12 0 4.25 0 0 0 0 1.81499 0.0866377 1 9001
12 0 4.5 0 0 0 0 1.8734 0.0879353 1 9001
12 0 4.75 0 0 0 0 1.93193 0.0893134 1 8501
12 0 5 0 0 0 0 1.98639 0.0907354 1 8501
12 0 5.25 0 0 0 0 2.03813 0.0922035 1 8001
12 0 5.5 0 0 0 0 2.08451 0.0937691 1 7501
12 0 5.75 0 0 0 0 2.12666 0.0954368 1 7501
12 0 6 0 0 0 0 2.16625 0.0971649 1 7001
12 0 6.25 0 0 0 0 2.20343 0.0989567 1 6501
12 0 6.5 0 0 0 0 2.24013 0.100956 1 6501
12 0 6.75 0 0 0 0 2.27653 0.103131 1 6001
12 0 7 0 0 0 0 2.31298 0.105401 1 5501
12 0 7.25 0 0 0 0 2.34953 0.107774 1 5001
12.125 0 0 0 0 0 0 1.00641 0.0772733 1 13501
12.125 0 0.25 0 0 0 0 1.02799 0.0771969 1 13501
12.125 0 0.5 0 0 0 0 1.05013 0.0771345 1 13001
12.125 0 0.75 0 0 0 0 1.08088 0.0773559 1 13001
12.125 0 1 0 0 0 0 1.11248 0.0775786 1 12501
12.125 0 1.25 0 0 0 0 1.14537 0.0778025 1 12001
12.125 0 1.5 0 0 0 0 1.17906 0.0780729 1 12001
12.125 0 1.75 0 0 0 0 1.2147 0.0786236 1 11501
12.125 0 2 0 0 0 0 1.2519 0.0791822 1 11501
12.125 0 2.25 0 0 0 0 1.29083 0.0797487 1 11001
12.125 0 2.5 0 0 0 0 1.33192 0.0803747 1 11001
12.125 0 2.75 0 0 0 0 1.37456 0.0811813 1 10501
12.125 0 3 0 0 0 0 1.4215 0.0820042 1 10501
12.125 0 3.25 0 0 0 0 1.47092 0.0828439 1 10001
12.125 0 3.5 0 0 0 0 1.5235 0.083788 1 10001
12.125 0 3.75 0 0 0 0 1.57819 0.0849366 1 9501
12.125 0 4 0 0 0 0 1.63519 0.0861171 1 9501
12.125 0 4.25 0 0 0 0 1.69398 0.0873309 1 9001
12.125 0 4.5 0 0 0 0 1.75237 0.0886106 1 9001
12.125 0 4.75 0 0 0 0 1.81089 0.0899726 1 8501
12.125 0 5 0 0 0 0 1.86479 0.0913771 1 8001
12.125 0 5.25 0 0 0 0 1.91581 0.0928261 1 8001
12.125 0 5.5 0 0 0 0 1.96218 0.0943672 1 7501
12.125 0 5.75 0 0 0 0 2.00383 0.0960046 1 7001
12.125 0 6 0 0 0 0 2.04314 0.0976998 1 7001
12.125 0 6.25 0 0 0 0 2.08031 0.0994559 1 6501
12.125 0 6.5 0 0 0 0 2.11696 0.101419 1 6001
12.125 0 6.75 0 0 0 0 2.15337 0.103556 1 6001
12.125 0 7 0 0 0 0 2.18982 0.105785 1 5501
12.125 0 7.25 0 0 0 0 2.22638 0.108113 1 5001
12.25 0 0 0 0 0 0 0.882525 0.0780713 1 13501
12.25 0 0.25 0 0 0 0 0.904176 0.077995 1 13501
12.25 0 0.5 0 0 0 0 0.926303 0.0779325 1 13001
12.25 0 0.75 0 0 0 0 0.957543 0.0781504 1 12501
12.25 0 1 0 0 0 0 0.98923 0.0783694 1 12501
12.25 0 1.25 0 0 0 0 1.0221 0.0785897 1 12001
12.25 0 1.5 0 0 0 0 1.05598 0.0788559 1 12001
12.25 0 1.75 0 0 0 0 1.09161 0.0793998 1 11501
12.25 0 2 0 0 0 0 1.12905 0.0799512 1 11501
12.25 0 2.25 0 0 0 0 1.16797 0.0805104 1 11001
12.25 0 2.5 0 0 0 0 1.20936 0.0811287 1 11001
12.25 0 2.75 0 0 0 0 1.25197 0.0819269 1 10501
12.25 0 3 0 0 0 0 1.29953 0.082741 1 10501
12.25 0 3.25 0 0 0 0 1.34893 0.0835714 1 10001
12.25 0 3.5 0 0 0 0 1.40206 0.0845047 1 10001
12.25 0 3.75 0 0 0 0 1.45674 0.0856397 1 9501
12.25 0 4 0 0 0 0 1.5142 0.0868057 1 9501
12.25 0 4.25 0 0 0 0 1.57298 0.0880038 1 9001
12.25 0 4.5 0 0 0 0 1.63134 0.0892688 1 9001
12.25 0 4.75 0 0 0 0 1.68959 0.0906177 1 8501
12.25 0 5 0 0 0 0 1.74319 0.092008 1 8001
12.25 0 5.25 0 0 0 0 1.79349 0.0934416 1 8001
12.25 0 5.5 0 0 0 0 1.83985 0.0949641 1 7501
12.25 0 5.75 0 0 0 0 1.88099 0.0965791 1 7001
12.25 0 6 0 0 0 0 1.92004 0.0982501 1 7001
12.25 0 6.25 0 0 0 0 1.9572 0.0999798 1 6501
12.25 0 6.5 0 0 0 0 1.9938 0.101912 1 6001
12.25 0 6.75 0 0 0 0 2.0302 0.104015 1 6001
12.25 0 7 0 0 0 0 2.06665 0.106207 1 5501
12.25 0 7.25 0 0 0 0 2.10323 0.108493 1 5001
12.375 0 0 0 0 0 0 0.758642 0.078886 1 13501
12.375 0 0.25 0 0 0 0 0.780358 0.0788098 1 13501
12.375 0 0.5 0 0 0 0 0.802711 0.0787473 1 13001
12.375 0 0.75 0 0 0 0 0.834207 0.0789613 1 12501
12.375 0 1 0 0 0 0 0.865978 0.0791766 1 12501
12.375 0 1.25 0 0 0 0 0.898836 0.079393 1 12001
12.375 0 1.5 0 0 0 0 0.932905 0.0796548 1 12001
12.375 0 1.75 0 0 0 0 0.968515 0.0801915 1 11501
12.375 0 2 0 0 0 0 1.0062 0.0807354 1 11501
12.375 0 2.25 0 0 0 0 1.04511 0.0812868 1 11001
12.375 0 2.5 0 0 0 0 1.08679 0.0818969 1 11001
12.375 0 2.75 0 0 0 0 1.12939 0.0826863 1 10501
12.375 0 3 0 0 0 0 1.17757 0.0834911 1 10501
12.375 0 3.25 0 0 0 0 1.22695 0.0843118 1 10001
12.375 0 3.5 0 0 0 0 1.28063 0.0852337 1 10001
12.375 0 3.75 0 0 0 0 1.33528 0.0863546 1 9501
12.375 0 4 0 0 0 0 1.39322 0.0875053 1 9501
12.375 0 4.25 0 0 0 0 1.45198 0.0886872 1 9001
12.375 0 4.5 0 0 0 0 1.51048 0.0899368 1 9001
12.375 0 4.75 0 0 0 0 1.568 0.0912721 1 8501
12.375 0 5 0 0 0 0 1.62159 0.0926477 1 8001
12.375 0 5.25 0 0 0 0 1.67117 0.0940654 1 8001
12.375 0 5.5 0 0 0 0 1.71756 0.0955685 1 7501
12.375 0 5.75 0 0 0 0 1.75815 0.0971606 1 7001
12.375 0 6 0 0 0 0 1.79693 0.0988066 1 7001
12.375 0 6.25 0 0 0 0 1.83409 0.100509 1 6501
12.375 0 6.5 0 0 0 0 1.87063 0.102411 1 6001
12.375 0 6.75 0 0 0 0 1.90704 0.104479 1 6001
12.375 0 7 0 0 0 0 1.94349 0.106632 1 5501
12.375 0 7.25 0 0 0 0 1.98008 0.108875 1 5001
12.5 0 0 0 0 0 0 0.634758 0.0797179 1 13501
12.5 0 0.25 0 0 0 0 0.65654 0.0796418 1 13501
12.5 0 0.5 0 0 0 0 0.679383 0.0795792 1 13001
12.5 0 0.75 0 0 0 0 0.71087 0.0797893 1 12501
12.5 0 1 0 0 0 0 0.742725 0.0800005 1 12501
12.5 0 1.25 0 0 0 0 0.775569 0.0802128 1 12001
12.5 0 1.5 0 0 0 0 0.809826 0.08047 1 12001
12.5 0 1.75 0 0 0 0 0.845425 0.0809991 1 11501
12.5 0 2 0 0 0 0 0.883354 0.0815351 1 11501
12.5 0 2.25 0 0 0 0 0.922249 0.0820783 1 11001
12.5 0 2.5 0 0 0 0 0.964227 0.0826798 1 11001
12.5 0 2.75 0 0 0 0 1.0068 0.08346 1 10501
12.5 0 3 0 0 0 0 1.05561 0.084255 1 10501
12.5 0 3.25 0 0 0 0 1.10497 0.0850654 1 10001
12.5 0 3.5 0 0 0 0 1.1594 0.0859755 1 10001
12.5 0 3.75 0 0 0 0 1.21383 0.0870815 1 9501
12.5 0 4 0 0 0 0 1.27243 0.0882164 1 9501
12.5 0 4.25 0 0 0 0 1.33096 0.0893812 1 9001
12.5 0 4.5 0 0 0 0 1.38944 0.0906149 1 8501
12.5 0 4.75 0 0 0 0 1.44641 0.0919361 1 8501
12.5 0 5 0 0 0 0 1.49999 0.0932964 1 8001
12.5 0 5.25 0 0 0 0 1.54885 0.0946976 1 8001
12.5 0 5.5 0 0 0 0 1.59473 0.0961807 1 7501
12.5 0 5.75 0 0 0 0 1.63531 0.0977491 1 7001
12.5 0 6 0 0 0 0 1.67383 0.0993694 1 7001
12.5 0 6.25 0 0 0 0 1.71096 0.101044 1 6501
12.5 0 6.5 0 0 0 0 1.74746 0.102914 1 6001
12.5 0 6.75 0 0 0 0 1.78388 0.104946 1 6001
12.5 0 7 0 0 0 0 1.82034 0.10706 1 5501
12.5 0 7.25 0 0 0 0 1.85692 0.109261 1 5001
12.5 0 7.5 0 0 0 0 1.89371 0.11167 1 4501
12.625 0 0 0 0 0 0 0.510874 0.0805675 1 13501
12.625 0 0.25 0 0 0 0 0.532776 0.0804916 1 13001
12.625 0 0.5 0 0 0 0 0.556055 0.080429 1 13001
12.625 0 0.75 0 0 0 0 0.587534 0.0806349 1 12501
12.625 0 1 0 0 0 0 0.619473 0.0808418 1 12501
12.625 0 1.25 0 0 0 0 0.652302 0.0810498 1 12001
12.625 0 1.5 0 0 0 0 0.686748 0.0813022 1 12001
12.625 0 1.75 0 0 0 0 0.722335 0.0818231 1 11501
12.625 0 2 0 0 0 0 0.760506 0.0823508 1 11501
12.625 0 2.25 0 0 0 0 0.799389 0.0828853 1 11001
12.625 0 2.5 0 0 0 0 0.841796 0.0834778 1 11001
12.625 0 2.75 0 0 0 0 0.884466 0.0842483 1 10501
12.625 0 3 0 0 0 0 0.933802 0.085033 1 10001
12.625 0 3.25 0 0 0 0 0.983337 0.0858326 1 10001
12.625 0 3.5 0 0 0 0 1.03794 0.0867302 1 9501
12.625 0 3.75 0 0 0 0 1.09272 0.0878208 1 9501
12.625 0 4 0 0 0 0 1.15143 0.0889391 1 9001
12.625 0 4.25 0 0 0 0 1.20994 0.0900863 1 9001
12.625 0 4.5 0 0 0 0 1.2684 0.0913033 1 8501
12.625 0 4.75 0 0 0 0 1.32482 0.0926098 1 8501
12.625 0 5 0 0 0 0 1.37839 0.0939542 1 8001
12.625 0 5.25 0 0 0 0 1.42659 0.0953383 1 8001
12.625 0 5.5 0 0 0 0 1.4719 0.0968008 1 7501
12.625 0 5.75 0 0 0 0 1.51248 0.0983447 1 7001
12.625 0 6 0 0 0 0 1.55072 0.0999387 1 7001
12.625 0 6.25 0 0 0 0 1.5878 0.101585 1 6501
12.625 0 6.5 0 0 0 0 1.6243 0.103423 1 6001
12.625 0 6.75 0 0 0 0 1.66071 0.105418 1 6001
12.625 0 7 0 0 0 0 1.69718 0.107492 1 5501
12.625 0 7.25 0 0 0 0 1.73377 0.109649 1 5001
12.625 0 7.5 0 0 0 0 1.77057 0.112019 1 4501
12.75 0 0 0 0 0 0 0.38699 0.0814353 1 13501
12.75 0 0.25 0 0 0 0 0.408947 0.0813596 1 13001
12.75 0 0.5 0 0 0 0 0.432727 0.081297 1 13001
12.75 0 0.75 0 0 0 0 0.464198 0.0814985 1 12501
12.75 0 1 0 0 0 0 0.49622 0.081701 1 12501
12.75 0 1.25 0 0 0 0 0.529035 0.0819044 1 12001
12.75 0 1.5 0 0 0 0 0.563669 0.0821517 1 12001
12.75 0 1.75 0 0 0 0 0.599245 0.0826641 1 11501
12.75 0 2 0 0 0 0 0.637737 0.083183 1 11501
12.75 0 2.25 0 0 0 0 0.676677 0.0837084 1 11001
12.75 0 2.5 0 0 0 0 0.719212 0.0842914 1 10501
12.75 0 2.75 0 0 0 0 0.762503 0.0850516 1 10501
12.75 0 3 0 0 0 0 0.811821 0.0858255 1 10001
12.75 0 3.25 0 0 0 0 0.861903 0.0866137 1 10001
12.75 0 3.5 0 0 0 0 0.91649 0.0874984 1 9501
12.75 0 3.75 0 0 0 0 0.971732 0.0885727 1 9501
12.75 0 4 0 0 0 0 1.03043 0.0896737 1 9001
12.75 0 4.25 0 0 0 0 1.08891 0.0908025 1 9001
12.75 0 4.5 0 0 0 0 1.14736 0.0920022 1 8501
12.75 0 4.75 0 0 0 0 1.20322 0.0932934 1 8501
12.75 0 5 0 0 0 0 1.25679 0.0946214 1 8001
12.75 0 5.25 0 0 0 0 1.30426 0.0959877 1 7501
12.75 0 5.5 0 0 0 0 1.34907 0.0974289 1 7501
12.75 0 5.75 0 0 0 0 1.38964 0.0989477 1 7001
12.75 0 6 0 0 0 0 1.42774 0.100515 1 7001
12.75 0 6.25 0 0 0 0 1.46464 0.102132 1 6501
12.75 0 6.5 0 0 0 0 1.50113 0.103936 1 6001
12.75 0 6.75 0 0 0 0 1.53757 0.105894 1 6001
12.75 0 7 0 0 0 0 1.57403 0.107927 1 5501
12.75 0 7.25 0 0 0 0 1.61062 0.11004 1 5001
12.75 0 7.5 0 0 0 0 1.64742 0.112369 1 4501
12.875 0 0 0 0 0 0 0.263106 0.0822768 1 13501
12.875 0 0.25 0 0 0 0 0.285118 0.0822013 1 13001
12.875 0 0.5 0 0 0 0 0.309399 0.0821387 1 13001
12.875 0 0.75 0 0 0 0 0.340862 0.0823363 1 12501
12.875 0 1 0 0 0 0 0.372968 0.0825348 1 12501
12.875 0 1.25 0 0 0 0 0.405768 0.0827343 1 12001
12.875 0 1.5 0 0 0 0 0.44059 0.082977 1 12001
12.875 0 1.75 0 0 0 0 0.476155 0.083482 1 11501
12.875 0 2 0 0 0 0 0.514876 0.0839931 1 11001
12.875 0 2.25 0 0 0 0 0.554111 0.0845106 1 11001
12.875 0 2.5 0 0 0 0 0.596628 0.0850852 1 10501
12.875 0 2.75 0 0 0 0 0.64054 0.0858364 1 10501
12.875 0 3 0 0 0 0 0.689839 0.0866009 1 10001
12.875 0 3.25 0 0 0 0 0.740469 0.0873792 1 10001
12.875 0 3.5 0 0 0 0 0.795036 0.0882522 1 9501
12.875 0 3.75 0 0 0 0 0.850748 0.0893118 1 9501
12.875 0 4 0 0 0 0 0.909427 0.0903972 1 9001
12.875 0 4.25 0 0 0 0 0.967879 0.0915093 1 9001
12.875 0 4.5 0 0 0 0 1.02632 0.0926933 1 8501
12.875 0 4.75 0 0 0 0 1.08163 0.0939708 1 8501
12.875 0 5 0 0 0 0 1.13519 0.095284 1 8001
12.875 0 5.25 0 0 0 0 1.18193 0.0966344 1 7501
12.875 0 5.5 0 0 0 0 1.22624 0.0980568 1 7501
12.875 0 5.75 0 0 0 0 1.2668 0.099554 1 7001
12.875 0 6 0 0 0 0 1.30462 0.101098 1 6501
12.875 0 6.25 0 0 0 0 1.34148 0.10269 1 6501
12.875 0 6.5 0 0 0 0 1.37797 0.104464 1 6001
12.875 0 6.75 0 0 0 0 1.4144 0.106388 1 6001
12.875 0 7 0 0 0 0 1.45088 0.108384 1 5501
12.875 0 7.25 0 0 0 0 1.48747 0.110457 1 5001
12.875 0 7.5 0 0 0 0 1.52428 0.112747 1 4501
12.875 0 7.75 0 0 0 0 1.5622 0.115194 1 4001
13 0 0 -0.00208737 7.30077e-06 -0.023446 0.0235388 0.139222 0.0830818 1 13501
13 0 0.25 -0.000242011 -1.99285e-07 -0.00189912 0.00191448 0.161289 0.0830064 1 13001
13 0 0.5 0 0 0 0 0.186071 0.0829438 1 13001
13 0 0.75 0 0 0 0 0.217525 0.0831383 1 12501
13 0 1 0 0 0 0 0.249715 0.0833337 1 12501
13 0 1.25 0 0 0 0 0.282501 0.0835299 1 12001
13 0 1.5 0 0 0 0 0.317512 0.083769 1 12001
13 0 1.75 0 0 0 0 0.353178 0.0842679 1 11501
13 0 2 0 0 0 0 0.392016 0.0847728 1 11001
13 0 2.25 0 0 0 0 0.431545 0.0852837 1 11001
13 0 2.5 0 0 0 0 0.474045 0.0858515 1 10501
13 0 2.75 0 0 0 0 0.518578 0.0865954 1 10501
13 0 3 0 0 0 0 0.567858 0.0873523 1 10001
13 0 3.25 0 0 0 0 0.619034 0.0881225 1 10001
13 0 3.5 0 0 0 0 0.673581 0.0889859 1 9501
13 0 3.75 0 0 0 0 0.729763 0.0900328 1 9501
13 0 4 0 0 0 0 0.788424 0.0911046 1 9001
13 0 4.25 0 0 0 0 0.84685 0.0922023 1 9001
13 0 4.5 0 0 0 0 0.905274 0.0933729 1 8501
13 0 4.75 0 0 0 0 0.960042 0.0946386 1 8501
13 0 5 0 0 0 0 1.01328 0.0959391 1 8001
13 0 5.25 0 0 0 0 1.05961 0.0972759 1 7501
13 0 5.5 0 0 0 0 1.10341 0.098683 1 7501
13 0 5.75 0 0 0 0 1.14396 0.100163 1 7001
13 0 6 0 0 0 0 1.18151 0.101688 1 6501
13 0 6.25 0 0 0 0 1.21833 0.10326 1 6501
13 0 6.5 0 0 0 0 1.2548 0.105009 1 6001
13 0 6.75 0 0 0 0 1.29123 0.106903 1 5501
13 0 7 0 0 0 0 1.32773 0.108867 1 5501
13 0 7.25 0 0 0 0 1.36432 0.110903 1 5001
13 0 7.5 0 0 0 0 1.40113 0.113157 1 4501
13 0 7.75 0 0 0 0 1.43917 0.115565 1 4001
13.125 0 0 -0.0340887 0.000119229 -0.382896 0.384411 0.0154112 0.0839027 1 13501
13.125 0 0.25 -0.0368062 -3.03081e-05 -0.288827 0.291163 0.0374596 0.0838275 1 13001
13.125 0 0.5 -0.0252485 -2.07909e-05 -0.198131 0.199734 0.062743 0.0837649 1 13001
13.125 0 0.75 -0.0144773 1.21194e-06 -0.10899 0.109948 0.094189 0.0839561 1 12501
13.125 0 1 -0.00585729 4.9033e-07 -0.0440957 0.044483 0.126462 0.0841481 1 12501
13.125 0 1.25 -0.000757082 3.65216e-07 -0.00524737 0.0053017 0.159233 0.084341 1 12001
13.125 0 1.5 0 0 0 0 0.194458 0.0845763 1 12001
13.125 0 1.75 0 0 0 0 0.23033 0.0850688 1 11501
13.125 0 2 0 0 0 0 0.269155 0.085567 1 11001
13.125 0 2.25 0 0 0 0 0.308979 0.0860711 1 11001
13.125 0 2.5 0 0 0 0 0.351461 0.0866318 1 10501
13.125 0 2.75 0 0 0 0 0.396615 0.087368 1 10501
13.125 0 3 0 0 0 0 0.445876 0.0881168 1 10001
13.125 0 3.25 0 0 0 0 0.4976 0.0888786 1 10001
13.125 0 3.5 0 0 0 0 0.552126 0.0897319 1 9501
13.125 0 3.75 0 0 0 0 0.608779 0.0907655 1 9501
13.125 0 4 0 0 0 0 0.667422 0.0918232 1 9001
13.125 0 4.25 0 0 0 0 0.725822 0.0929058 1 9001
13.125 0 4.5 0 0 0 0 0.784233 0.0940624 1 8501
13.125 0 4.75 0 0 0 0 0.838514 0.095316 1 8501
13.125 0 5 0 0 0 0 0.890954 0.0966033 1 8001
13.125 0 5.25 0 0 0 0 0.93728 0.097926 1 7501
13.125 0 5.5 0 0 0 0 0.980585 0.0993173 1 7501
13.125 0 5.75 0 0 0 0 1.02113 0.10078 1 7001
13.125 0 6 0 0 0 0 1.0584 0.102286 1 6501
13.125 0 6.25 0 0 0 0 1.09517 0.103837 1 6501
13.125 0 6.5 0 0 0 0 1.13163 0.10556 1 6001
13.125 0 6.75 0 0 0 0 1.16807 0.107423 1 5501
13.125 0 7 0 0 0 0 1.20457 0.109353 1 5501
13.125 0 7.25 0 0 0 0 1.24118 0.111354 1 5001
13.125 0 7.5 0 0 0 0 1.27799 0.11357 1 4501
13.125 0 7.75 0 0 0 0 1.31614 0.115938 1 4001
13.25 0 0 -0.00705319 2.46692e-05 -0.0792239 0.0795372 0.108475 0.08474 -1 13501
13.25 0 0.25 -0.0166806 -1.37357e-05 -0.130897 0.131955 0.0863587 0.084665 -1 13001
13.25 0 0.5 -0.0264471 -2.17779e-05 -0.207537 0.209216 0.0604851 0.0846024 -1 13001
13.25 0 0.75 -0.0429502 3.59548e-06 -0.323344 0.326184 0.0291473 0.0847901 -1 12501
13.25 0 1 -0.0581432 4.86733e-06 -0.437723 0.441568 0.00320998 0.0849786 1 12501
13.25 0 1.25 -0.0427444 2.06199e-05 -0.296263 0.299331 0.0359663 0.085168 1 12001
13.25 0 1.5 -0.0275407 3.3843e-05 -0.174435 0.176596 0.0713679 0.0853993 1 11501
13.25 0 1.75 -0.013209 1.62317e-05 -0.083662 0.0846983 0.107483 0.085885 1 11501
13.25 0 2 -0.00369576 -1.25504e-06 -0.0213584 0.0216758 0.146294 0.0863762 1 11001
13.25 0 2.25 0 0 0 0 0.186414 0.0868731 1 11001
13.25 0 2.5 0 0 0 0 0.228877 0.0874263 1 10501
13.25 0 2.75 0 0 0 0 0.274653 0.0881545 1 10501
13.25 0 3 0 0 0 0 0.323895 0.0888949 1 10001
13.25 0 3.25 0 0 0 0 0.376166 0.0896478 1 10001
13.25 0 3.5 0 0 0 0 0.430672 0.0904905 1 9501
13.25 0 3.75 0 0 0 0 0.487794 0.0915103 1 9501
13.25 0 4 0 0 0 0 0.546419 0.0925532 1 9001
13.25 0 4.25 0 0 0 0 0.604793 0.0936202 1 9001
13.25 0 4.5 0 0 0 0 0.663191 0.0947623 1 8501
13.25 0 4.75 0 0 0 0 0.716914 0.0960031 1 8001
13.25 0 5 0 0 0 0 0.768632 0.0972768 1 8001
13.25 0 5.25 0 0 0 0 0.814954 0.0985848 1 7501
13.25 0 5.5 0 0 0 0 0.857755 0.0999597 1 7501
13.25 0 5.75 0 0 0 0 0.8982 0.101404 1 7001
13.25 0 6 0 0 0 0 0.935281 0.10289 1 6501
13.25 0 6.25 0 0 0 0 0.97201 0.104421 1 6501
13.25 0 6.5 0 0 0 0 1.00847 0.106117 1 6001
13.25 0 6.75 0 0 0 0 1.0449 0.107948 1 5501
13.25 0 7 0 0 0 0 1.08142 0.109844 1 5501
13.25 0 7.25 0 0 0 0 1.11804 0.111808 1 5001
13.25 0 7.5 0 0 0 0 1.15485 0.113986 1 4501
13.25 0 7.75 0 0 0 0 1.19311 0.116314 1 4001
13.25 0 8 0 0 0 0 1.23356 0.118739 1 3501
13.375 0 0 0 0 0 0 0.232712 0.0855942 -1 13501
13.375 0 0.25 0 0 0 0 0.210596 0.0855194 -1 13001
13.375 0 0.5 0 0 0 0 0.184221 0.0854568 -1 13001
13.375 0 0.75 -0.00175197 1.46662e-07 -0.0131895 0.0133053 0.152683 0.0856409 -1 12501
13.375 0 1 -0.0078445 6.56685e-07 -0.0590561 0.0595749 0.120137 0.0858257 -1 12501
13.375 0 1.25 -0.0190349 9.18244e-06 -0.131932 0.133298 0.0872209 0.0860114 -1 12001
13.375 0 1.5 -0.0378675 4.65331e-05 -0.239842 0.242813 0.0517222 0.0862384 -1 11501
13.375 0 1.75 -0.0603345 7.41413e-05 -0.382142 0.386875 0.0153643 0.086717 -1 11501
13.375 0 2 -0.0601685 -2.04325e-05 -0.347724 0.352892 0.0234334 0.0872009 1 11001
13.375 0 2.25 -0.0350429 -1.19002e-05 -0.202519 0.205529 0.0638476 0.0876902 1 11001
13.375 0 2.5 -0.0184672 -6.4692e-05 -0.0916256 0.0934682 0.106293 0.0882356 1 10501
13.375 0 2.75 -0.00383238 -1.34251e-05 -0.0190145 0.0193969 0.15269 0.0889553 1 10501
13.375 0 3 0 0 0 0 0.201914 0.0896868 1 10001
13.375 0 3.25 0 0 0 0 0.254732 0.0904304 1 10001
13.375 0 3.5 0 0 0 0 0.309217 0.0912621 1 9501
13.375 0 3.75 0 0 0 0 0.36681 0.0922673 1 9501
13.375 0 4 0 0 0 0 0.425416 0.0932949 1 9001
13.375 0 4.25 0 0 0 0 0.483822 0.0943457 1 9001
13.375 0 4.5 0 0 0 0 0.541794 0.0954726 1 8501
13.375 0 4.75 0 0 0 0 0.595315 0.0967002 1 8001
13.375 0 5 0 0 0 0 0.646311 0.0979597 1 8001
13.375 0 5.25 0 0 0 0 0.692627 0.0992525 1 7501
13.375 0 5.5 0 0 0 0 0.734925 0.10061 1 7501
13.375 0 5.75 0 0 0 0 0.775096 0.102036 1 7001
13.375 0 6 0 0 0 0 0.812167 0.103502 1 6501
13.375 0 6.25 0 0 0 0 0.848851 0.105011 1 6501
13.375 0 6.5 0 0 0 0 0.885302 0.106679 1 6001
13.375 0 6.75 0 0 0 0 0.921739 0.108479 1 5501
13.375 0 7 0 0 0 0 0.958261 0.11034 1 5501
13.375 0 7.25 0 0 0 0 0.994902 0.112265 1 5001
13.375 0 7.5 0 0 0 0 1.0317 0.114405 1 4501
13.375 0 7.75 0 0 0 0 1.07008 0.116692 1 4001
13.375 0 8 0 0 0 0 1.11076 0.119072 1 3501
13.5 0 0 0 0 0 0 0.35695 0.0864657 -1 13501
13.5 0 0.25 0 0 0 0 0.334834 0.0863912 -1 13001
13.5 0 0.5 0 0 0 0 0.307956 0.0863287 -1 13001
13.5 0 0.75 0 0 0 0 0.276419 0.0865089 -1 12501
13.5 0 1 0 0 0 0 0.243795 0.0866899 -1 12501
13.5 0 1.25 0 0 0 0 0.210692 0.0868716 -1 12001
13.5 0 1.5 0 0 0 0 0.175064 0.0870943 -1 11501
13.5 0 1.75 -0.00537525 6.60531e-06 -0.0340453 0.034467 0.138349 0.0875653 -1 11501
13.5 0 2 -0.0184849 -6.27727e-06 -0.106828 0.108415 0.0994273 0.0880415 -1 11001
13.5 0 2.25 -0.0382534 -1.29904e-05 -0.221073 0.224358 0.0586012 0.0885229 -1 11001
13.5 0 2.5 -0.0760073 -0.000266259 -0.377113 0.384696 0.0162913 0.08906 -1 10501
13.5 0 2.75 -0.064548 -0.000226117 -0.320257 0.326697 0.0307275 0.0897707 1 10501
13.5 0 3 -0.035942 -0.000224384 -0.160496 0.164471 0.0799321 0.0904929 1 10001
13.5 0 3.25 -0.0110035 -6.86946e-05 -0.0491354 0.0503525 0.133298 0.0912268 1 10001
13.5 0 3.5 0 0 0 0 0.187763 0.0920469 1 9501
13.5 0 3.75 0 0 0 0 0.245872 0.093037 1 9501
13.5 0 4 0 0 0 0 0.304413 0.0940486 1 9001
13.5 0 4.25 0 0 0 0 0.362781 0.0950825 1 8501
13.5 0 4.5 0 0 0 0 0.420203 0.0961937 1 8501
13.5 0 4.75 0 0 0 0 0.473715 0.0974075 1 8001
13.5 0 5 0 0 0 0 0.523989 0.0986523 1 8001
13.5 0 5.25 0 0 0 0 0.5703 0.0999294 1 7501
13.5 0 5.5 0 0 0 0 0.612137 0.10127 1 7501
13.5 0 5.75 0 0 0 0 0.651991 0.102675 1 7001
13.5 0 6 0 0 0 0 0.689053 0.104121 1 6501
13.5 0 6.25 0 0 0 0 0.725693 0.105607 1 6501
13.5 0 6.5 0 0 0 0 0.762139 0.107248 1 6001
13.5 0 6.75 0 0 0 0 0.798574 0.109014 1 5501
13.5 0 7 0 0 0 0 0.835109 0.110839 1 5501
13.5 0 7.25 0 0 0 0 0.871762 0.112727 1 5001
13.5 0 7.5 0 0 0 0 0.908616 0.114828 1 4501
13.5 0 7.75 0 0 0 0 0.947051 0.117073 1 4001
13.5 0 8 0 0 0 0 0.987961 0.119407 1 3501
13.625 0 0 0 0 0 0 0.481187 0.0872972 -1 13501
13.625 0 0.25 0 0 0 0 0.459071 0.0872229 -1 13001
13.625 0 0.5 0 0 0 0 0.431692 0.0871604 -1 13001
13.625 0 0.75 0 0 0 0 0.400154 0.0873375 -1 12501
13.625 0 1 0 0 0 0 0.367453 0.0875153 -1 12001
13.625 0 1.25 0 0 0 0 0.334162 0.0876938 -1 12001
13.625 0 1.5 0 0 0 0 0.298535 0.0879128 -1 11501
13.625 0 1.75 0 0 0 0 0.26158 0.0883777 -1 11501
13.625 0 2 0 0 0 0 0.22267 0.0888475 -1 11001
13.625 0 2.25 0 0 0 0 0.181543 0.0893224 -1 11001
13.625 0 2.5 -0.00763123 -2.67328e-05 -0.0378626 0.038624 0.138996 0.0898527 -1 10501
13.625 0 2.75 -0.0266403 -9.3323e-05 -0.132177 0.134835 0.0912165 0.0905561 -1 10501
13.625 0 3 -0.0626326 -0.000391013 -0.279681 0.286608 0.0420494 0.0912706 -1 10001
13.625 0 3.25 -0.0883172 -0.00055136 -0.394373 0.404142 0.0121598 0.0919965 1 10001
13.625 0 3.5 -0.0491879 -0.000390883 -0.203487 0.209348 0.066307 0.0928069 1 9501
13.625 0 3.75 -0.016537 -0.000134339 -0.0686855 0.0706483 0.12487 0.093784 1 9001
13.625 0 4 -0.000558892 -4.54019e-06 -0.00232133 0.00238767 0.183385 0.0947819 1 9001
13.625 0 4.25 0 0 0 0 0.241739 0.0958012 1 8501
13.625 0 4.5 0 0 0 0 0.298612 0.0968988 1 8501
13.625 0 4.75 0 0 0 0 0.352115 0.0981006 1 8001
13.625 0 5 0 0 0 0 0.401667 0.0993325 1 8001
13.625 0 5.25 0 0 0 0 0.447973 0.100596 1 7501
13.625 0 5.5 0 0 0 0 0.4893 0.101921 1 7001
13.625 0 5.75 0 0 0 0 0.528887 0.103311 1 7001
13.625 0 6 0 0 0 0 0.565939 0.104738 1 6501
13.625 0 6.25 0 0 0 0 0.602574 0.106206 1 6501
13.625 0 6.5 0 0 0 0 0.638975 0.107823 1 6001
13.625 0 6.75 0 0 0 0 0.675409 0.109561 1 5501
13.625 0 7 0 0 0 0 0.711958 0.111356 1 5001
13.625 0 7.25 0 0 0 0 0.748622 0.11321 1 5001
13.625 0 7.5 0 0 0 0 0.785592 0.115276 1 4501
13.625 0 7.75 0 0 0 0 0.824022 0.117484 1 4001
13.625 0 8 0 0 0 0 0.865161 0.119779 1 3501
13.625 0 8.25 0 0 0 0 0.910595 0.122164 1 3001
13.75 0 0 0 0 0 0 0.605425 0.0881058 -1 13501
13.75 0 0.25 0 0 0 0 0.583309 0.0880316 -1 13001
13.75 0 0.5 0 0 0 0 0.555428 0.0879691 -1 13001
13.75 0 0.75 0 0 0 0 0.52389 0.0881435 -1 12501
13.75 0 1 0 0 0 0 0.491111 0.0883185 -1 12001
13.75 0 1.25 0 0 0 0 0.457633 0.0884942 -1 12001
13.75 0 1.5 0 0 0 0 0.422006 0.0887101 -1 11501
13.75 0 1.75 0 0 0 0 0.384812 0.0891697 -1 11501
13.75 0 2 0 0 0 0 0.345902 0.0896341 -1 11001
13.75 0 2.25 0 0 0 0 0.304485 0.0901034 -1 11001
13.75 0 2.5 0 0 0 0 0.261937 0.0906279 -1 10501
13.75 0 2.75 0 0 0 0 0.213537 0.091325 -1 10501
13.75 0 3 -0.0028874 -1.80259e-05 -0.0128934 0.0132128 0.164178 0.0920328 -1 10001
13.75 0 3.25 -0.0229993 -0.000182769 -0.0951467 0.0978871 0.109616 0.0927517 -1 9501
13.75 0 3.5 -0.0582175 -0.000462639 -0.240842 0.247779 0.05458 0.0935536 -1 9501
13.75 0 3.75 -0.103062 -0.000837233 -0.428064 0.440297 0.00386712 0.094519 1 9001
13.75 0 4 -0.0531363 -0.000431656 -0.220699 0.227006 0.0623562 0.0955046 1 9001
13.75 0 4.25 -0.018213 -0.000126728 -0.0828788 0.0848565 0.120698 0.096511 1 8501
13.75 0 4.5 -0.00230456 -1.60354e-05 -0.010487 0.0107372 0.17702 0.0975963 1 8501
13.75 0 4.75 0 0 0 0 0.230515 0.098787 1 8001
13.75 0 5 0 0 0 0 0.279346 0.100007 1 8001
13.75 0 5.25 0 0 0 0 0.325647 0.101258 1 7501
13.75 0 5.5 0 0 0 0 0.366462 0.10257 1 7001
13.75 0 5.75 0 0 0 0 0.405783 0.103945 1 7001
13.75 0 6 0 0 0 0 0.442825 0.105358 1 6501
13.75 0 6.25 0 0 0 0 0.479408 0.106809 1 6501
13.75 0 6.5 0 0 0 0 0.515811 0.108405 1 6001
13.75 0 6.75 0 0 0 0 0.552244 0.110117 1 5501
13.75 0 7 0 0 0 0 0.588806 0.111885 1 5001
13.75 0 7.25 0 0 0 0 0.625482 0.11371 1 5001
13.75 0 7.5 0 0 0 0 0.662569 0.115744 1 4501
13.75 0 7.75 0 0 0 0 0.700992 0.117918 1 4001
13.75 0 8 0 0 0 0 0.742361 0.120175 1 3501
13.75 0 8.25 0 0 0 0 0.788231 0.122519 1 3001
13.875 0 0 0 0 0 0 0.729662 0.0889295 -1 13501
13.875 0 0.25 0 0 0 0 0.707546 0.0888555 -1 13001
13.875 0 0.5 0 0 0 0 0.679163 0.088793 -1 13001
13.875 0 0.75 0 0 0 0 0.647619 0.0889645 -1 12501
13.875 0 1 0 0 0 0 0.614768 0.0891366 -1 12001
13.875 0 1.25 0 0 0 0 0.581104 0.0893095 -1 12001
13.875 0 1.5 0 0 0 0 0.545477 0.089522 -1 11501
13.875 0 1.75 0 0 0 0 0.508043 0.0899761 -1 11501
13.875 0 2 0 0 0 0 0.469133 0.0904348 -1 11001
13.875 0 2.25 0 0 0 0 0.427426 0.0908982 -1 11001
13.875 0 2.5 0 0 0 0 0.384879 0.0914166 -1 10501
13.875 0 2.75 0 0 0 0 0.335858 0.092107 -1 10001
13.875 0 3 0 0 0 0 0.285954 0.0928078 -1 10001
13.875 0 3.25 0 0 0 0 0.231392 0.0935195 -1 9501
13.875 0 3.5 -0.0016165 -1.28459e-05 -0.00668737 0.00687998 0.175889 0.0943124 -1 9501
13.875 0 3.75 -0.0207745 -0.000168763 -0.0862858 0.0887516 0.117135 0.0952657 -1 9001
13.875 0 4 -0.0561778 -0.000456364 -0.233332 0.24 0.0586182 0.0962385 -1 9001
13.875 0 4.25 -0.097775 -0.000680329 -0.444928 0.455546 0.00034351 0.0972313 -1 8501
13.875 0 4.5 -0.0544699 -0.000379007 -0.247867 0.253782 0.0554294 0.0983038 1 8501
13.875 0 4.75 -0.0214826 -0.000102579 -0.113597 0.11561 0.108915 0.0994831 1 8001
13.875 0 5 -0.0068774 -3.28393e-05 -0.0363667 0.0370113 0.157033 0.100691 1 8001
13.875 0 5.25 0.000108692 3.91292e-07 0.000659967 -0.000668858 0.203134 0.101929 1 7501
13.875 0 5.5 0 0 0 0 0.243624 0.103227 1 7001
13.875 0 5.75 0 0 0 0 0.282679 0.104587 1 7001
13.875 0 6 0 0 0 0 0.319711 0.105984 1 6501
13.875 0 6.25 0 0 0 0 0.356242 0.107419 1 6001
13.875 0 6.5 0 0 0 0 0.392647 0.108993 1 6001
13.875 0 6.75 0 0 0 0 0.429079 0.11068 1 5501
13.875 0 7 0 0 0 0 0.465654 0.112419 1 5001
13.875 0 7.25 0 0 0 0 0.50236 0.114214 1 5001
13.875 0 7.5 0 0 0 0 0.539546 0.116216 1 4501
13.875 0 7.75 0 0 0 0 0.578197 0.118355 1 4001
13.875 0 8 0 0 0 0 0.619544 0.120573 1 3501
13.875 0 8.25 0 0 0 0 0.665869 0.122877 1 3001
14 0 0 0 0 0 0 0.8539 0.0897687 -1 13501
14 0 0.25 0 0 0 0 0.831784 0.0896949 -1 13001
14 0 0.5 0 0 0 0 0.802899 0.0896325 -1 13001
14 0 0.75 0 0 0 0 0.771277 0.089801 -1 12501
14 0 1 0 0 0 0 0.738426 0.0899701 -1 12001
14 0 1.25 0 0 0 0 0.704575 0.0901398 -1 12001
14 0 1.5 0 0 0 0 0.668947 0.0903489 -1 11501
14 0 1.75 0 0 0 0 0.631275 0.0907972 -1 11501
14 0 2 0 0 0 0 0.592365 0.0912499 -1 11001
14 0 2.25 0 0 0 0 0.550368 0.0917072 -1 11001
14 0 2.5 0 0 0 0 0.507497 0.0922191 -1 10501
14 0 2.75 0 0 0 0 0.458179 0.0929025 -1 10001
14 0 3 0 0 0 0 0.40773 0.093596 -1 10001
14 0 3.25 0 0 0 0 0.353168 0.0943 -1 9501
14 0 3.5 0 0 0 0 0.297199 0.0950836 -1 9501
14 0 3.75 0 0 0 0 0.238525 0.0960243 -1 9001
14 0 4 -0.00176749 -1.43583e-05 -0.00734118 0.00755097 0.179962 0.0969837 -1 9001
14 0 4.25 -0.0186196 -0.000129557 -0.084729 0.0867509 0.121505 0.0979625 -1 8501
14 0 4.5 -0.0477723 -0.000332404 -0.217389 0.222577 0.0661591 0.0990217 -1 8501
14 0 4.75 -0.0754992 -0.000360506 -0.399229 0.406306 0.0126844 0.100189 -1 8001
14 0 5 -0.0607044 -0.000289862 -0.320997 0.326686 0.0347059 0.101384 1 8001
14 0 5.25 -0.0309738 -0.000111506 -0.188069 0.190603 0.0803037 0.102608 1 7501
14 0 5.5 -0.0151109 -1.78021e-05 -0.100553 0.101682 0.120786 0.103892 1 7001
14 0 5.75 -0.00633891 -7.46787e-06 -0.0421812 0.0426549 0.159575 0.105238 1 7001
14 0 6 -0.0012291 1.86985e-06 -0.00831759 0.00840792 0.196597 0.106619 1 6501
14 0 6.25 0 0 0 0 0.233076 0.108036 1 6001
14 0 6.5 0 0 0 0 0.269483 0.109587 1 6001
14 0 6.75 0 0 0 0 0.305913 0.111247 1 5501
14 0 7 0 0 0 0 0.342502 0.112958 1 5001
14 0 7.25 0 0 0 0 0.379217 0.114723 1 5001
14 0 7.5 0 0 0 0 0.416522 0.116692 1 4501
14 0 7.75 0 0 0 0 0.455401 0.118795 1 4001
14 0 8 0 0 0 0 0.497178 0.120975 1 3501
14 0 8.25 0 0 0 0 0.544153 0.123236 1 3001
14 0 8.5 0 0 0 0 0.598766 0.125702 1 2501
14.125 0 0 0 0 0 0 0.978137 0.0906239 -1 13501
14.125 0 0.25 0 0 0 0 0.956021 0.0905503 -1 13001
14.125 0 0.5 0 0 0 0 0.926634 0.090488 -1 12501
14.125 0 0.75 0 0 0 0 0.894935 0.0906533 -1 12501
14.125 0 1 0 0 0 0 0.862084 0.0908192 -1 12001
14.125 0 1.25 0 0 0 0 0.828045 0.0909858 -1 12001
14.125 0 1.5 0 0 0 0 0.792418 0.0911912 -1 11501
14.125 0 1.75 0 0 0 0 0.754506 0.0916334 -1 11501
14.125 0 2 0 0 0 0 0.715596 0.0920798 -1 11001
14.125 0 2.25 0 0 0 0 0.67331 0.0925307 -1 10501
14.125 0 2.5 0 0 0 0 0.629818 0.0930358 -1 10501
14.125 0 2.75 0 0 0 0 0.5805 0.0937118 -1 10001
14.125 0 3 0 0 0 0 0.529506 0.0943977 -1 10001
14.125 0 3.25 0 0 0 0 0.474945 0.0950937 -1 9501
14.125 0 3.5 0 0 0 0 0.418508 0.0958676 -1 9501
14.125 0 3.75 0 0 0 0 0.359835 0.096795 -1 9001
14.125 0 4 0 0 0 0 0.301306 0.0977405 -1 9001
14.125 0 4.25 0 0 0 0 0.242849 0.0987047 -1 8501
14.125 0 4.5 -0.00117552 -8.17936e-06 -0.00534922 0.00547687 0.188064 0.0997502 -1 8501
14.125 0 4.75 -0.0130926 -6.25167e-05 -0.0692318 0.070459 0.134465 0.100905 -1 8001
14.125 0 5 -0.0277237 -9.98054e-05 -0.168335 0.170603 0.0876949 0.102087 -1 7501
14.125 0 5.25 -0.049238 -0.000177257 -0.298967 0.302995 0.0424948 0.103297 -1 7501
14.125 0 5.5 -0.0667185 -7.8601e-05 -0.443967 0.448952 0.0020515 0.104566 -1 7001
14.125 0 5.75 -0.0483309 -5.69386e-05 -0.32161 0.325221 0.036695 0.105896 1 7001
14.125 0 6 -0.0318132 4.83977e-05 -0.215286 0.217624 0.0735069 0.10726 1 6501
14.125 0 6.25 -0.0195844 -1.96603e-06 -0.132438 0.133878 0.10991 0.10866 1 6001
14.125 0 6.5 -0.0104227 -1.04631e-06 -0.0704824 0.0712489 0.146319 0.110188 1 6001
14.125 0 6.75 -0.00412298 -1.16238e-05 -0.0277524 0.028057 0.182751 0.111821 1 5501
14.125 0 7 -0.000371685 -2.07443e-06 -0.00249101 0.00251859 0.219351 0.113503 1 5001
14.125 0 7.25 0 0 0 0 0.256073 0.115236 1 4501
14.125 0 7.5 0 0 0 0 0.293499 0.117171 1 4501
14.125 0 7.75 0 0 0 0 0.332605 0.119238 1 4001
14.125 0 8 0 0 0 0 0.374813 0.121379 1 3501
14.125 0 8.25 0 0 0 0 0.422436 0.123598 1 3001
14.125 0 8.5 0 0 0 0 0.478173 0.126025 1 2501
14.25 0 0 0 0 0 0 1.10237 0.0914956 -1 13501
14.25 0 0.25 0 0 0 0 1.08026 0.0914222 -1 13001
14.25 0 0.5 0 0 0 0 1.05037 0.09136 -1 12501
14.25 0 0.75 0 0 0 0 1.01859 0.091522 -1 12501
14.25 0 1 0 0 0 0 0.985742 0.0916846 -1 12001
14.25 0 1.25 0 0 0 0 0.951516 0.0918478 -1 12001
14.25 0 1.5 0 0 0 0 0.915889 0.0920494 -1 11501
14.25 0 1.75 0 0 0 0 0.877738 0.0924851 -1 11501
14.25 0 2 0 0 0 0 0.838799 0.092925 -1 11001
14.25 0 2.25 0 0 0 0 0.796252 0.0933691 -1 10501
14.25 0 2.5 0 0 0 0 0.752139 0.0938672 -1 10501
14.25 0 2.75 0 0 0 0 0.702821 0.0945354 -1 10001
14.25 0 3 0 0 0 0 0.651283 0.0952133 -1 10001
14.25 0 3.25 0 0 0 0 0.596721 0.0959009 -1 9501
14.25 0 3.5 0 0 0 0 0.539818 0.0966646 -1 9501
14.25 0 3.75 0 0 0 0 0.481144 0.0975782 -1 9001
14.25 0 4 0 0 0 0 0.42265 0.0985093 -1 9001
14.25 0 4.25 0 0 0 0 0.364193 0.0994583 -1 8501
14.25 0 4.5 0 0 0 0 0.309968 0.100489 -1 8501
14.25 0 4.75 0 0 0 0 0.256727 0.101632 -1 8001
14.25 0 5 0 0 0 0 0.210331 0.1028 -1 7501
14.25 0 5.25 -0.00534764 -1.92515e-05 -0.0324702 0.0329077 0.16564 0.103995 -1 7501
14.25 0 5.5 -0.0143588 -1.69161e-05 -0.0955481 0.096621 0.125069 0.105249 -1 7001
14.25 0 5.75 -0.0270924 -3.19175e-05 -0.180282 0.182306 0.0867234 0.106563 -1 7001
14.25 0 6 -0.0419278 6.37852e-05 -0.283734 0.286815 0.0496472 0.10791 -1 6501
14.25 0 6.25 -0.0597392 -5.99708e-06 -0.403981 0.408374 0.0132562 0.109291 -1 6001
14.25 0 6.5 -0.0547485 -5.49607e-06 -0.370231 0.374257 0.0233437 0.110796 1 6001
14.25 0 6.75 -0.0388344 -0.000109484 -0.2614 0.264269 0.0595987 0.112401 1 5501
14.25 0 7 -0.0257653 -0.000143801 -0.172678 0.17459 0.0961989 0.114053 1 5001
14.25 0 7.25 -0.0161067 -9.97814e-05 -0.103288 0.104536 0.132929 0.115754 1 4501
14.25 0 7.5 -0.00803075 -4.97506e-05 -0.0514988 0.0521212 0.170485 0.117655 1 4501
14.25 0 7.75 -0.00264534 -1.5504e-05 -0.0157215 0.0159425 0.209809 0.119684 1 4001
14.25 0 8 0 0 0 0 0.252447 0.121785 1 3501
14.25 0 8.25 0 0 0 0 0.30072 0.123961 1 3001
14.25 0 8.5 0 0 0 0 0.357537 0.12635 1 2001
14.375 0 0 0 0 0 0 1.22661 0.092316 -1 13501
14.375 0 0.25 0 0 0 0 1.2045 0.0922427 -1 13001
14.375 0 0.5 0 0 0 0 1.17411 0.0921805 -1 12501
14.375 0 0.75 0 0 0 0 1.14225 0.09234 -1 12501
14.375 0 1 0 0 0 0 1.1094 0.0925 -1 12001
14.375 0 1.25 0 0 0 0 1.07499 0.0926606 -1 12001
14.375 0 1.5 0 0 0 0 1.03936 0.0928593 -1 11501
14.375 0 1.75 0 0 0 0 1.00097 0.0932901 -1 11501
14.375 0 2 0 0 0 0 0.961741 0.0937248 -1 11001
14.375 0 2.25 0 0 0 0 0.919193 0.0941636 -1 10501
14.375 0 2.5 0 0 0 0 0.87446 0.0946562 -1 10501
14.375 0 2.75 0 0 0 0 0.825142 0.0953183 -1 10001
14.375 0 3 0 0 0 0 0.773059 0.0959898 -1 10001
14.375 0 3.25 0 0 0 0 0.718497 0.0966708 -1 9501
14.375 0 3.5 0 0 0 0 0.661127 0.0974263 -1 9501
14.375 0 3.75 0 0 0 0 0.602454 0.098329 -1 9001
14.375 0 4 0 0 0 0 0.543994 0.0992485 -1 9001
14.375 0 4.25 0 0 0 0 0.485472 0.100185 -1 8501
14.375 0 4.5 0 0 0 0 0.431873 0.101205 -1 8001
14.375 0 4.75 0 0 0 0 0.379364 0.102336 -1 8001
14.375 0 5 0 0 0 0 0.332967 0.103493 -1 7501
14.375 0 5.25 0 0 0 0 0.288785 0.104676 -1 7501
14.375 0 5.5 0 0 0 0 0.248214 0.105917 -1 7001
14.375 0 5.75 -0.000146937 -1.73107e-07 -0.000977769 0.000988748 0.210142 0.107218 -1 7001
14.375 0 6 -0.00477522 7.2646e-06 -0.032315 0.0326659 0.173113 0.108551 -1 6501
14.375 0 6.25 -0.012618 -1.26669e-06 -0.0853281 0.086256 0.136627 0.109917 -1 6001
14.375 0 6.5 -0.0234966 -2.35877e-06 -0.158894 0.160622 0.100125 0.111403 -1 6001
14.375 0 6.75 -0.0373446 -0.000105284 -0.251372 0.254131 0.0635802 0.112986 -1 5501
14.375 0 7 -0.053891 -0.000300775 -0.361175 0.365173 0.0269529 0.114614 -1 5001
14.375 0 7.25 -0.0651722 -0.000403742 -0.417929 0.422981 0.00978508 0.11629 1 4501
14.375 0 7.5 -0.0471929 -0.000292361 -0.302634 0.306292 0.0474563 0.118162 1 4501
14.375 0 7.75 -0.0342866 -0.00020095 -0.203768 0.206633 0.0870135 0.12016 1 4001
14.375 0 8 -0.0227117 -0.000104187 -0.120032 0.122162 0.130081 0.122226 1 3501
14.375 0 8.25 -0.0113569 -6.00948e-05 -0.0523277 0.053546 0.179009 0.124365 1 3001
14.375 0 8.5 -0.00204635 -7.84776e-06 -0.00623157 0.00655897 0.236902 0.126717 1 2001
14.5 0 0 0 0 0 0 1.35085 0.0931271 -1 13501
14.5 0 0.25 0 0 0 0 1.32873 0.093054 -1 13001
14.5 0 0.5 0 0 0 0 1.29784 0.0929917 -1 12501
14.5 0 0.75 0 0 0 0 1.26591 0.0931489 -1 12501
14.5 0 1 0 0 0 0 1.23306 0.0933066 -1 12001
14.5 0 1.25 0 0 0 0 1.19846 0.0934648 -1 12001
14.5 0 1.5 0 0 0 0 1.16283 0.0936608 -1 11501
14.5 0 1.75 0 0 0 0 1.1242 0.094087 -1 11001
14.5 0 2 0 0 0 0 1.08468 0.094517 -1 11001
14.5 0 2.25 0 0 0 0 1.04214 0.0949509 -1 10501
14.5 0 2.5 0 0 0 0 0.996781 0.0954384 -1 10501
14.5 0 2.75 0 0 0 0 0.947463 0.0960948 -1 10001
14.5 0 3 0 0 0 0 0.894835 0.0967603 -1 10001
14.5 0 3.25 0 0 0 0 0.840273 0.097435 -1 9501
14.5 0 3.5 0 0 0 0 0.782437 0.098183 -1 9501
14.5 0 3.75 0 0 0 0 0.723763 0.0990755 -1 9001
14.5 0 4 0 0 0 0 0.665337 0.0999843 -1 8501
14.5 0 4.25 0 0 0 0 0.607377 0.10091 -1 8501
14.5 0 4.5 0 0 0 0 0.553778 0.101918 -1 8001
14.5 0 4.75 0 0 0 0 0.502 0.103039 -1 8001
14.5 0 5 0 0 0 0 0.455603 0.104184 -1 7501
14.5 0 5.25 0 0 0 0 0.41193 0.105356 -1 7501
14.5 0 5.5 0 0 0 0 0.371359 0.106585 -1 7001
14.5 0 5.75 0 0 0 0 0.33356 0.107873 -1 7001
14.5 0 6 0 0 0 0 0.296579 0.109193 -1 6501
14.5 0 6.25 0 0 0 0 0.260093 0.110545 -1 6001
14.5 0 6.5 0.000119958 1.20423e-08 0.000811204 -0.000820025 0.223593 0.112014 -1 6001
14.5 0 6.75 -0.00391736 -1.10441e-05 -0.0263683 0.0266577 0.187042 0.113577 -1 5501
14.5 0 7 -0.0110843 -6.18635e-05 -0.0742865 0.0751089 0.150353 0.115183 -1 5001
14.5 0 7.25 -0.0220445 -0.000136566 -0.141365 0.143074 0.11352 0.116836 -1 4501
14.5 0 7.5 -0.0384248 -0.000225203 -0.228362 0.231572 0.0756448 0.118681 -1 4001
14.5 0 7.75 -0.0568996 -0.000333482 -0.338159 0.342913 0.0357631 0.120648 -1 4001
14.5 0 8 -0.080213 -0.000367965 -0.423926 0.431449 0.00771625 0.122682 1 3501
14.5 0 8.25 -0.0717112 -0.000350081 -0.278036 0.287135 0.0572892 0.124785 1 2501
14.5 0 8.5 -0.048885 -0.000187474 -0.148865 0.156686 0.116266 0.127101 1 2001
14.5 0 8.75 -0.0172644 -5.007e-05 -0.0389533 0.0426078 0.196472 0.129541 1 1501
14.625 0 0 0 0 0 0 1.47509 0.0939526 -1 13501
14.625 0 0.25 0 0 0 0 1.45297 0.0938796 -1 13001
14.625 0 0.5 0 0 0 0 1.42158 0.0938174 -1 12501
14.625 0 0.75 0 0 0 0 1.38957 0.0939721 -1 12501
14.625 0 1 0 0 0 0 1.35672 0.0941273 -1 12001
14.625 0 1.25 0 0 0 0 1.32193 0.0942831 -1 12001
14.625 0 1.5 0 0 0 0 1.2863 0.0944763 -1 11501
14.625 0 1.75 0 0 0 0 1.24743 0.0948976 -1 11001
14.625 0 2 0 0 0 0 1.20762 0.0953226 -1 11001
14.625 0 2.25 0 0 0 0 1.16508 0.0957515 -1 10501
14.625 0 2.5 0 0 0 0 1.1191 0.0962337 -1 10501
14.625 0 2.75 0 0 0 0 1.06978 0.096884 -1 10001
14.625 0 3 0 0 0 0 1.01661 0.0975433 -1 10001
14.625 0 3.25 0 0 0 0 0.962049 0.0982115 -1 9501
14.625 0 3.5 0 0 0 0 0.903746 0.0989516 -1 9001
14.625 0 3.75 0 0 0 0 0.845138 0.0998334 -1 9001
14.625 0 4 0 0 0 0 0.786681 0.100731 -1 8501
14.625 0 4.25 0 0 0 0 0.729281 0.101645 -1 8501
14.625 0 4.5 0 0 0 0 0.675682 0.102642 -1 8001
14.625 0 4.75 0 0 0 0 0.624636 0.103752 -1 8001
14.625 0 5 0 0 0 0 0.578239 0.104885 -1 7501
14.625 0 5.25 0 0 0 0 0.535075 0.106044 -1 7501
14.625 0 5.5 0 0 0 0 0.494504 0.107261 -1 7001
14.625 0 5.75 0 0 0 0 0.456979 0.108537 -1 6501
14.625 0 6 0 0 0 0 0.420045 0.109843 -1 6501
14.625 0 6.25 0 0 0 0 0.383559 0.111181 -1 6001
14.625 0 6.5 0 0 0 0 0.347062 0.112632 -1 5501
14.625 0 6.75 0 0 0 0 0.310504 0.114174 -1 5501
14.625 0 7 0 0 0 0 0.273826 0.115758 -1 5001
14.625 0 7.25 0 0 0 0 0.236973 0.117388 -1 4501
14.625 0 7.5 -0.00401993 -2.35604e-05 -0.0238908 0.0242267 0.19898 0.119205 -1 4001
14.625 0 7.75 -0.0137695 -6.31654e-05 -0.0727717 0.074063 0.158863 0.121141 -1 3501
14.625 0 8 -0.0323177 -0.000171009 -0.148906 0.152373 0.114829 0.12314 -1 3001
14.625 0 8.25 -0.0671967 -0.000328042 -0.260532 0.269059 0.0644933 0.125207 -1 2501
14.625 0 8.5 -0.138693 -0.000531887 -0.422348 0.444538 0.00388244 0.127487 -1 2001
14.625 0 8.75 -0.127519 -0.000224446 -0.194149 0.232282 0.0824764 0.129889 1 1001
14.75 0 0 0 0 0 0 1.59932 0.0947929 -1 13501
14.75 0 0.25 0 0 0 0 1.57685 0.09472 -1 13001
14.75 0 0.5 0 0 0 0 1.54531 0.0946578 -1 12501
14.75 0 0.75 0 0 0 0 1.51322 0.09481 -1 12501
14.75 0 1 0 0 0 0 1.48037 0.0949626 -1 12001
14.75 0 1.25 0 0 0 0 1.4454 0.0951158 -1 12001
14.75 0 1.5 0 0 0 0 1.40957 0.095306 -1 11501
14.75 0 1.75 0 0 0 0 1.37066 0.0957223 -1 11001
14.75 0 2 0 0 0 0 1.33057 0.0961421 -1 11001
14.75 0 2.25 0 0 0 0 1.28802 0.0965657 -1 10501
14.75 0 2.5 0 0 0 0 1.24142 0.0970423 -1 10501
14.75 0 2.75 0 0 0 0 1.1921 0.0976863 -1 10001
14.75 0 3 0 0 0 0 1.13839 0.098339 -1 10001
14.75 0 3.25 0 0 0 0 1.08373 0.0990004 -1 9501
14.75 0 3.5 0 0 0 0 1.02506 0.0997323 -1 9001
14.75 0 3.75 0 0 0 0 0.966482 0.100603 -1 9001
14.75 0 4 0 0 0 0 0.908025 0.101489 -1 8501
14.75 0 4.25 0 0 0 0 0.851186 0.102391 -1 8501
14.75 0 4.5 0 0 0 0 0.797587 0.103376 -1 8001
14.75 0 4.75 0 0 0 0 0.747272 0.104474 -1 8001
14.75 0 5 0 0 0 0 0.700876 0.105596 -1 7501
14.75 0 5.25 0 0 0 0 0.65822 0.106742 -1 7501
14.75 0 5.5 0 0 0 0 0.617649 0.107946 -1 7001
14.75 0 5.75 0 0 0 0 0.580397 0.109208 -1 6501
14.75 0 6 0 0 0 0 0.543511 0.110501 -1 6501
14.75 0 6.25 0 0 0 0 0.507025 0.111824 -1 6001
14.75 0 6.5 0 0 0 0 0.47053 0.113256 -1 5501
14.75 0 6.75 0 0 0 0 0.433966 0.114777 -1 5501
14.75 0 7 0 0 0 0 0.397279 0.116339 -1 5001
14.75 0 7.25 0 0 0 0 0.360427 0.117944 -1 4501
14.75 0 7.5 0 0 0 0 0.322314 0.119733 -1 4001
14.75 0 7.75 0 0 0 0 0.281963 0.121637 -1 3501
14.75 0 8 -0.00067424 -3.56774e-06 -0.00310662 0.00317894 0.237494 0.123603 -1 3001
14.75 0 8.25 -0.0117442 -5.73331e-05 -0.0455342 0.0470244 0.186505 0.125633 -1 2501
14.75 0 8.5 -0.0456158 -0.000174936 -0.138909 0.146208 0.122544 0.127876 -1 2001
14.75 0 8.75 -0.201118 -0.000353989 -0.306205 0.366347 0.0302131 0.130238 -1 1001
14.875 0 0 0 0 0 0 1.70666 0.0956483 -1 41002
14.875 0 0.25 0 0 0 0 1.66176 0.0955756 -1 41002
14.875 0 0.5 0 0 0 0 1.62478 0.0955134 -1 41002
14.875 0 0.75 0 0 0 0 1.58777 0.0956629 -1 41502
14.875 0 1 0 0 0 0 1.5527 0.0958129 -1 41502
14.875 0 1.25 0 0 0 0 1.51811 0.0959633 -1 42002
14.875 0 1.5 0 0 0 0 1.48542 0.0961505 -1 42002
14.875 0 1.75 0 0 0 0 1.45405 0.0965614 -1 42502
14.875 0 2 0 0 0 0 1.42413 0.0969759 -1 42502
14.875 0 2.25 0 0 0 0 1.39643 0.0973939 -1 43002
14.875 0 2.5 0 0 0 0 1.36965 0.0978646 -1 43002
14.875 0 2.75 0 0 0 0 1.31443 0.098502 -1 10001
14.875 0 3 0 0 0 0 1.26016 0.0991478 -1 9501
14.875 0 3.25 0 0 0 0 1.20504 0.0998022 -1 9501
14.875 0 3.5 0 0 0 0 1.14636 0.100525 -1 9001
14.875 0 3.75 0 0 0 0 1.08783 0.101385 -1 9001
14.875 0 4 0 0 0 0 1.02937 0.102258 -1 8501
14.875 0 4.25 0 0 0 0 0.97309 0.103148 -1 8501
14.875 0 4.5 0 0 0 0 0.919492 0.10412 -1 8001
14.875 0 4.75 0 0 0 0 0.869908 0.105207 -1 8001
14.875 0 5 0 0 0 0 0.823512 0.106316 -1 7501
14.875 0 5.25 0 0 0 0 0.781364 0.107449 -1 7501
14.875 0 5.5 0 0 0 0 0.740912 0.10864 -1 7001
14.875 0 5.75 0 0 0 0 0.703815 0.109888 -1 6501
14.875 0 6 0 0 0 0 0.666977 0.111166 -1 6501
14.875 0 6.25 0 0 0 0 0.630491 0.112474 -1 6001
14.875 0 6.5 0 0 0 0 0.593998 0.113888 -1 5501
14.875 0 6.75 0 0 0 0 0.557428 0.115387 -1 5501
14.875 0 7 0 0 0 0 0.520733 0.116926 -1 5001
14.875 0 7.25 0 0 0 0 0.48388 0.118506 -1 4501
14.875 0 7.5 0 0 0 0 0.445649 0.120266 -1 4001
14.875 0 7.75 0 0 0 0 0.405063 0.122137 -1 3501
14.875 0 8 0 0 0 0 0.360159 0.124068 -1 3001
14.875 0 8.25 0 0 0 0 0.308513 0.126061 -1 2501
14.875 0 8.5 -0.0023517 -6.82037e-06 -0.0053061 0.0058039 0.241205 0.128267 -1 1501
14.875 0 8.75 -0.0945901 -6.64749e-05 -0.084407 0.126775 0.136233 0.13059 -1 501
14.875 0 9 -0.233418 0.000239188 0.0278156 0.235069 0.0832013 0.132998 1 53502
15 0 0 0 0 0 0 1.58422 0.0965193 -1 41002
15 0 0.25 0 0 0 0 1.53862 0.0964468 -1 41002
15 0 0.5 0 0 0 0 1.50165 0.0963847 -1 41002
15 0 0.75 0 0 0 0 1.46463 0.0965314 -1 41502
15 0 1 0 0 0 0 1.42939 0.0966785 -1 41502
15 0 1.25 0 0 0 0 1.3948 0.0968261 -1 42002
15 0 1.5 0 0 0 0 1.36191 0.0970101 -1 42002
15 0 1.75 0 0 0 0 1.33053 0.0974154 -1 42502
15 0 2 0 0 0 0 1.30039 0.0978242 -1 42502
15 0 2.25 0 0 0 0 1.27269 0.0982364 -1 43002
15 0 2.5 0 0 0 0 1.24567 0.0987009 -1 43002
15 0 2.75 0 0 0 0 1.22279 0.0993315 -1 43502
15 0 3 0 0 0 0 1.19989 0.0999701 -1 43502
15 0 3.25 0 0 0 0 1.18284 0.100617 -1 43502
15 0 3.5 0 0 0 0 1.16626 0.101331 -1 44002
15 0 3.75 0 0 0 0 1.15378 0.102178 -1 44002
15 0 4 0 0 0 0 1.14267 0.10304 -1 44502
15 0 4.25 0 0 0 0 1.095 0.103916 -1 8501
15 0 4.5 0 0 0 0 1.0414 0.104876 -1 8001
15 0 4.75 0 0 0 0 0.992544 0.10595 -1 8001
15 0 5 0 0 0 0 0.946148 0.107046 -1 7501
15 0 5.25 0 0 0 0 0.904509 0.108166 -1 7501
15 0 5.5 0 0 0 0 0.86433 0.109342 -1 7001
15 0 5.75 0 0 0 0 0.827234 0.110577 -1 6501
15 0 6 0 0 0 0 0.790443 0.11184 -1 6501
15 0 6.25 0 0 0 0 0.753983 0.113132 -1 6001
15 0 6.5 0 0 0 0 0.717467 0.114526 -1 5501
15 0 6.75 0 0 0 0 0.68089 0.116003 -1 5501
15 0 7 0 0 0 0 0.644186 0.117518 -1 5001
15 0 7.25 0 0 0 0 0.607334 0.119073 -1 4501
15 0 7.5 0 0 0 0 0.568984 0.120803 -1 4001
15 0 7.75 0 0 0 0 0.528163 0.122642 -1 3501
15 0 8 0 0 0 0 0.482824 0.124537 -1 3001
15 0 8.25 0 0 0 0 0.412306 0.126492 -1 50502
15 0 8.5 0 0 0 0 0.287034 0.12866 -1 51502
15 0 8.75 -0.108698 0.000228615 0.0978283 0.146239 0.125466 0.130943 -1 52502
15 0 9 -0.196745 0.000331166 0.104896 0.222962 0.0888897 0.133308 1 53002
15.125 0 0 0 0 0 0 1.46177 0.0973293 -1 41002
15.125 0 0.25 0 0 0 0 1.41646 0.0972569 -1 41002
15.125 0 0.5 0 0 0 0 1.37851 0.0971947 -1 41002
15.125 0 0.75 0 0 0 0 1.3415 0.0973394 -1 41502
15.125 0 1 0 0 0 0 1.30608 0.0974845 -1 41502
15.125 0 1.25 0 0 0 0 1.27149 0.09763 -1 42002
15.125 0 1.5 0 0 0 0 1.23839 0.0978116 -1 42002
15.125 0 1.75 0 0 0 0 1.20701 0.0982128 -1 42502
15.125 0 2 0 0 0 0 1.17666 0.0986173 -1 42502
15.125 0 2.25 0 0 0 0 1.14896 0.0990252 -1 43002
15.125 0 2.5 0 0 0 0 1.12169 0.0994852 -1 43002
15.125 0 2.75 0 0 0 0 1.0988 0.10011 -1 43002
15.125 0 3 0 0 0 0 1.0759 0.100744 -1 43502
15.125 0 3.25 0 0 0 0 1.05861 0.101385 -1 43502
15.125 0 3.5 0 0 0 0 1.04202 0.102092 -1 44002
15.125 0 3.75 0 0 0 0 1.02939 0.102931 -1 44002
15.125 0 4 0 0 0 0 1.01827 0.103783 -1 44502
15.125 0 4.25 0 0 0 0 1.00856 0.104649 -1 44502
15.125 0 4.5 0 0 0 0 0.999743 0.105599 -1 45002
15.125 0 4.75 0 0 0 0 0.988924 0.106663 -1 45002
15.125 0 5 0 0 0 0 0.977371 0.107749 -1 45502
15.125 0 5.25 0 0 0 0 0.959094 0.108856 -1 46002
15.125 0 5.5 0 0 0 0 0.937646 0.110022 -1 46002
15.125 0 5.75 0 0 0 0 0.908937 0.111246 -1 46502
15.125 0 6 0 0 0 0 0.872772 0.112497 -1 46502
15.125 0 6.25 0 0 0 0 0.832332 0.113778 -1 47002
15.125 0 6.5 0 0 0 0 0.786861 0.115157 -1 47502
15.125 0 6.75 0 0 0 0 0.736826 0.116616 -1 47502
15.125 0 7 0 0 0 0 0.682636 0.118113 -1 48002
15.125 0 7.25 0 0 0 0 0.62326 0.119649 -1 48502
15.125 0 7.5 0 0 0 0 0.556336 0.121355 -1 49002
15.125 0 7.75 0 0 0 0 0.482512 0.123168 -1 49502
15.125 0 8 0 0 0 0 0.398886 0.125035 -1 50002
15.125 0 8.25 0 0 0 0 0.301308 0.12696 -1 50502
15.125 0 8.5 -0.0270478 6.33655e-05 0.0508238 0.0575729 0.182376 0.129095 -1 51002
15.125 0 8.75 -0.217659 0.000556349 0.270678 0.347336 0.0373148 0.131344 -1 52002
15.125 0 9 -0.0857912 0.000180437 0.077212 0.11542 0.146466 0.133672 1 52502
15.25 0 0 0 0 0 0 1.33941 0.0981426 -1 40502
15.25 0 0.25 0 0 0 0 1.29402 0.0980702 -1 41002
15.25 0 0.5 0 0 0 0 1.25537 0.098008 -1 41002
15.25 0 0.75 0 0 0 0 1.21836 0.0981507 -1 41502
15.25 0 1 0 0 0 0 1.18277 0.0982938 -1 41502
15.25 0 1.25 0 0 0 0 1.14819 0.0984372 -1 42002
15.25 0 1.5 0 0 0 0 1.11487 0.0986165 -1 42002
15.25 0 1.75 0 0 0 0 1.0835 0.0990136 -1 42502
15.25 0 2 0 0 0 0 1.05292 0.099414 -1 42502
15.25 0 2.25 0 0 0 0 1.02522 0.0998176 -1 43002
15.25 0 2.5 0 0 0 0 0.997707 0.100273 -1 43002
15.25 0 2.75 0 0 0 0 0.974808 0.100893 -1 43002
15.25 0 3 0 0 0 0 0.951921 0.101521 -1 43502
15.25 0 3.25 0 0 0 0 0.934377 0.102156 -1 43502
15.25 0 3.5 0 0 0 0 0.91778 0.102857 -1 44002
15.25 0 3.75 0 0 0 0 0.904995 0.103687 -1 44002
15.25 0 4 0 0 0 0 0.89387 0.10453 -1 44502
15.25 0 4.25 0 0 0 0 0.884113 0.105387 -1 44502
15.25 0 4.5 0 0 0 0 0.875283 0.106327 -1 45002
15.25 0 4.75 0 0 0 0 0.86452 0.107381 -1 45002
15.25 0 5 0 0 0 0 0.852965 0.108455 -1 45502
15.25 0 5.25 0 0 0 0 0.834909 0.109551 -1 46002
15.25 0 5.5 0 0 0 0 0.813938 0.110705 -1 46002
15.25 0 5.75 0 0 0 0 0.785244 0.111919 -1 46502
15.25 0 6 0 0 0 0 0.749895 0.113159 -1 46502
15.25 0 6.25 0 0 0 0 0.709924 0.114428 -1 47002
15.25 0 6.5 0 0 0 0 0.664459 0.115792 -1 47502
15.25 0 6.75 0 0 0 0 0.615138 0.117235 -1 47502
15.25 0 7 0 0 0 0 0.561735 0.118714 -1 48002
15.25 0 7.25 0 0 0 0 0.502467 0.12023 -1 48502
15.25 0 7.5 0 0 0 0 0.436445 0.121914 -1 49002
15.25 0 7.75 0 0 0 0 0.363863 0.1237 -1 49502
15.25 0 8 0 0 0 0 0.282192 0.12554 -1 50002
15.25 0 8.25 -0.0197831 6.1027e-05 0.0447099 0.0488912 0.1875 0.127435 -1 50502
15.25 0 8.5 -0.116336 0.000272543 0.218599 0.247628 0.0756384 0.129539 -1 51002
15.25 0 8.75 -0.156386 0.000423275 0.243041 0.289008 0.0597375 0.131754 1 51502
15.25 0 9 -0.0138742 3.54631e-05 0.0172537 0.0221401 0.226424 0.134046 1 52002
15.25 0 9.25 0 0 0 0 0.425114 0.136419 1 52502
15.375 0 0 0 0 0 0 1.21696 0.0989696 -1 40502
15.375 0 0.25 0 0 0 0 1.17157 0.0988973 -1 41002
15.375 0 0.5 0 0 0 0 1.13223 0.0988351 -1 41002
15.375 0 0.75 0 0 0 0 1.09523 0.0989757 -1 41502
15.375 0 1 0 0 0 0 1.05946 0.0991166 -1 41502
15.375 0 1.25 0 0 0 0 1.02488 0.0992579 -1 42002
15.375 0 1.5 0 0 0 0 0.99135 0.0994347 -1 42002
15.375 0 1.75 0 0 0 0 0.959978 0.0998276 -1 42502
15.375 0 2 0 0 0 0 0.929186 0.100224 -1 42502
15.375 0 2.25 0 0 0 0 0.901483 0.100623 -1 43002
15.375 0 2.5 0 0 0 0 0.873771 0.101074 -1 43002
15.375 0 2.75 0 0 0 0 0.850826 0.101688 -1 43002
15.375 0 3 0 0 0 0 0.827937 0.10231 -1 43502
15.375 0 3.25 0 0 0 0 0.810143 0.10294 -1 43502
15.375 0 3.5 0 0 0 0 0.79354 0.103634 -1 44002
15.375 0 3.75 0 0 0 0 0.780601 0.104454 -1 44002
15.375 0 4 0 0 0 0 0.769467 0.105288 -1 44502
15.375 0 4.25 0 0 0 0 0.759663 0.106135 -1 44502
15.375 0 4.5 0 0 0 0 0.750823 0.107065 -1 45002
15.375 0 4.75 0 0 0 0 0.740116 0.108108 -1 45002
15.375 0 5 0 0 0 0 0.728558 0.109171 -1 45502
15.375 0 5.25 0 0 0 0 0.710724 0.110255 -1 46002
15.375 0 5.5 0 0 0 0 0.69023 0.111398 -1 46002
15.375 0 5.75 0 0 0 0 0.661552 0.1126 -1 46502
15.375 0 6 0 0 0 0 0.626945 0.113829 -1 46502
15.375 0 6.25 0 0 0 0 0.587515 0.115085 -1 47002
15.375 0 6.5 0 0 0 0 0.542056 0.116435 -1 47502
15.375 0 6.75 0 0 0 0 0.493403 0.11786 -1 47502
15.375 0 7 0 0 0 0 0.440834 0.119321 -1 48002
15.375 0 7.25 0 0 0 0 0.381569 0.120818 -1 48502
15.375 0 7.5 0 0 0 0 0.316554 0.122477 -1 49002
15.375 0 7.75 -7.2552e-05 1.48545e-07 0.000259954 0.000269889 0.245215 0.124237 -1 49002
15.375 0 8 -0.022288 7.80213e-05 0.070318 0.0737657 0.165518 0.126049 -1 49502
15.375 0 8.25 -0.0869116 0.000306444 0.2344 0.249994 0.0736998 0.127914 -1 50002
15.375 0 8.5 -0.166715 0.000390568 0.313264 0.354864 0.0342252 0.129986 1 51002
15.375 0 8.75 -0.0485449 0.000131392 0.0754443 0.0897132 0.161829 0.132166 1 51502
15.375 0 9 0 0 0 0 0.313044 0.134421 1 52002
15.375 0 9.25 0 0 0 0 0.495042 0.136755 1 52502
15.5 0 0 0 0 0 0 1.09451 0.0998106 -1 40502
15.5 0 0.25 0 0 0 0 1.04913 0.0997385 -1 41002
15.5 0 0.5 0 0 0 0 1.00909 0.0996763 -1 41002
15.5 0 0.75 0 0 0 0 0.972091 0.0998146 -1 41502
15.5 0 1 0 0 0 0 0.93615 0.0999533 -1 41502
15.5 0 1.25 0 0 0 0 0.901574 0.100092 -1 42002
15.5 0 1.5 0 0 0 0 0.867832 0.100267 -1 42002
15.5 0 1.75 0 0 0 0 0.836461 0.100655 -1 42502
15.5 0 2 0 0 0 0 0.805452 0.101047 -1 42502
15.5 0 2.25 0 0 0 0 0.777747 0.101441 -1 43002
15.5 0 2.5 0 0 0 0 0.750035 0.101887 -1 43002
15.5 0 2.75 0 0 0 0 0.726844 0.102496 -1 43002
15.5 0 3 0 0 0 0 0.703954 0.103112 -1 43502
15.5 0 3.25 0 0 0 0 0.685909 0.103735 -1 43502
15.5 0 3.5 0 0 0 0 0.669301 0.104422 -1 44002
15.5 0 3.75 0 0 0 0 0.656208 0.105233 -1 44002
15.5 0 4 0 0 0 0 0.645065 0.106057 -1 44502
15.5 0 4.25 0 0 0 0 0.635213 0.106894 -1 44502
15.5 0 4.5 0 0 0 0 0.626363 0.107814 -1 45002
15.5 0 4.75 0 0 0 0 0.615712 0.108845 -1 45002
15.5 0 5 0 0 0 0 0.604151 0.109896 -1 45502
15.5 0 5.25 0 0 0 0 0.58654 0.110967 -1 45502
15.5 0 5.5 0 0 0 0 0.566522 0.112099 -1 46002
15.5 0 5.75 0 0 0 0 0.537859 0.11329 -1 46502
15.5 0 6 0 0 0 0 0.503995 0.114507 -1 46502
15.5 0 6.25 0 0 0 0 0.464647 0.11575 -1 47002
15.5 0 6.5 0 0 0 0 0.419654 0.117085 -1 47502
15.5 0 6.75 0 0 0 0 0.371668 0.118492 -1 47502
15.5 0 7 0 0 0 0 0.319933 0.119934 -1 48002
15.5 0 7.25 0 0 0 0 0.260671 0.121411 -1 48502
15.5 0 7.5 -0.00866821 1.77476e-05 0.0310583 0.0322452 0.196662 0.123046 -1 49002
15.5 0 7.75 -0.0358113 7.33212e-05 0.128312 0.133216 0.126579 0.124779 -1 49002
15.5 0 8 -0.094181 0.000329689 0.297138 0.311706 0.0488138 0.126562 -1 49502
15.5 0 8.25 -0.117225 0.000413325 0.316154 0.337187 0.0401233 0.128396 1 50002
15.5 0 8.5 -0.0458164 0.000141335 0.103545 0.113229 0.144278 0.130436 1 50502
15.5 0 8.75 0 0 0 0 0.266654 0.132582 1 51002
15.5 0 9 0 0 0 0 0.410177 0.134799 1 51502
15.5 0 9.25 0 0 0 0 0.57842 0.137092 1 52002
15.625 0 0 0 0 0 0 0.972059 0.100666 -1 40502
15.625 0 0.25 0 0 0 0 0.926684 0.100594 -1 41002
15.625 0 0.5 0 0 0 0 0.885957 0.100532 -1 41002
15.625 0 0.75 0 0 0 0 0.848956 0.100668 -1 41502
15.625 0 1 0 0 0 0 0.812839 0.100804 -1 41502
15.625 0 1.25 0 0 0 0 0.778267 0.100941 -1 42002
15.625 0 1.5 0 0 0 0 0.744313 0.101113 -1 42002
15.625 0 1.75 0 0 0 0 0.712944 0.101496 -1 42502
15.625 0 2 0 0 0 0 0.681717 0.101883 -1 42502
15.625 0 2.25 0 0 0 0 0.654005 0.102273 -1 42502
15.625 0 2.5 0 0 0 0 0.626299 0.102713 -1 43002
15.625 0 2.75 0 0 0 0 0.602862 0.103316 -1 43002
15.625 0 3 0 0 0 0 0.579971 0.103926 -1 43502
15.625 0 3.25 0 0 0 0 0.561676 0.104543 -1 43502
15.625 0 3.5 0 0 0 0 0.545062 0.105222 -1 44002
15.625 0 3.75 0 0 0 0 0.531814 0.106024 -1 44002
15.625 0 4 0 0 0 0 0.520662 0.106838 -1 44502
15.625 0 4.25 0 0 0 0 0.510763 0.107664 -1 44502
15.625 0 4.5 0 0 0 0 0.501903 0.108573 -1 45002
15.625 0 4.75 0 0 0 0 0.491308 0.109592 -1 45002
15.625 0 5 0 0 0 0 0.479745 0.110631 -1 45502
15.625 0 5.25 0 0 0 0 0.462355 0.111689 -1 45502
15.625 0 5.5 0 0 0 0 0.442814 0.112808 -1 46002
15.625 0 5.75 0 0 0 0 0.414166 0.113988 -1 46502
15.625 0 6 0 0 0 0 0.381045 0.115193 -1 46502
15.625 0 6.25 0 0 0 0 0.341707 0.116423 -1 47002
15.625 0 6.5 0 0 0 0 0.297251 0.117742 -1 47502
15.625 0 6.75 0 0 0 0 0.249932 0.119131 -1 47502
15.625 0 7 -0.00570854 -5.77658e-06 0.026691 0.0272946 0.19784 0.120553 -1 48002
15.625 0 7.25 -0.0250168 7.35582e-06 0.10208 0.105101 0.139772 0.12201 -1 48502
15.625 0 7.5 -0.0562745 1.65467e-05 0.229626 0.236421 0.0767739 0.12362 -1 48502
15.625 0 7.75 -0.115949 0.000237397 0.415445 0.431322 0.00792225 0.125326 -1 49002
15.625 0 8 -0.0794296 0.00027805 0.250597 0.262884 0.0679409 0.127079 1 49502
15.625 0 8.25 -0.0330685 0.000116597 0.0891854 0.0951187 0.154151 0.128882 1 50002
15.625 0 8.5 -0.000774292 2.38854e-06 0.0017499 0.00191355 0.254331 0.130889 1 50502
15.625 0 8.75 0 0 0 0 0.371479 0.132999 1 51002
15.625 0 9 0 0 0 0 0.507309 0.135179 1 51502
15.625 0 9.25 0 0 0 0 0.661799 0.137431 1 52002
15.625 0 9.5 0 0 0 0 0.847038 0.139906 1 52502
15.75 0 0 0 0 0 0 0.849608 0.101534 -1 40502
15.75 0 0.25 0 0 0 0 0.80424 0.101463 -1 41002
15.75 0 0.5 0 0 0 0 0.762819 0.1014 -1 41002
15.75 0 0.75 0 0 0 0 0.725821 0.101534 -1 41502
15.75 0 1 0 0 0 0 0.689529 0.101668 -1 41502
15.75 0 1.25 0 0 0 0 0.65496 0.101802 -1 42002
15.75 0 1.5 0 0 0 0 0.620795 0.101971 -1 42002
15.75 0 1.75 0 0 0 0 0.589426 0.10235 -1 42502
15.75 0 2 0 0 0 0 0.558064 0.102732 -1 42502
15.75 0 2.25 0 0 0 0 0.53027 0.103117 -1 42502
15.75 0 2.5 0 0 0 0 0.502563 0.103552 -1 43002
15.75 0 2.75 0 0 0 0 0.478881 0.104148 -1 43002
15.75 0 3 0 0 0 0 0.455988 0.104752 -1 43502
15.75 0 3.25 0 0 0 0 0.437442 0.105362 -1 43502
15.75 0 3.5 0 0 0 0 0.420823 0.106034 -1 44002
15.75 0 3.75 0 0 0 0 0.40742 0.106825 -1 44002
15.75 0 4 0 0 0 0 0.396259 0.107629 -1 44502
15.75 0 4.25 0 0 0 0 0.386313 0.108444 -1 44502
15.75 0 4.5 0 0 0 0 0.377443 0.109341 -1 45002
15.75 0 4.75 0 0 0 0 0.366904 0.110348 -1 45002
15.75 0 5 0 0 0 0 0.355338 0.111374 -1 45502
15.75 0 5.25 0 0 0 0 0.338177 0.11242 -1 45502
15.75 0 5.5 0 0 0 0 0.319107 0.113526 -1 46002
15.75 0 5.75 0 0 0 0 0.290473 0.114694 -1 46502
15.75 0 6 0 0 0 0 0.258095 0.115886 -1 46502
15.75 0 6.25 -0.00105103 4.72042e-06 0.00657241 0.00665592 0.218766 0.117103 -1 47002
15.75 0 6.5 -0.00760004 3.41335e-05 0.0475253 0.0481291 0.174849 0.118406 -1 47002
15.75 0 6.75 -0.0220514 2.83939e-05 0.118823 0.120852 0.128197 0.119776 -1 47502
15.75 0 7 -0.0490068 -4.9591e-05 0.229137 0.23432 0.0761126 0.121178 -1 48002
15.75 0 7.25 -0.094199 2.76979e-05 0.384375 0.395749 0.0188739 0.122614 -1 48502
15.75 0 7.5 -0.0773644 2.27479e-05 0.315682 0.325024 0.043108 0.1242 1 48502
15.75 0 7.75 -0.0443851 9.08755e-05 0.159032 0.16511 0.110866 0.125878 1 49002
15.75 0 8 -0.0152913 5.35286e-05 0.0482435 0.0506089 0.186221 0.127601 1 49502
15.75 0 8.25 0 0 0 0 0.271561 0.129372 1 50002
15.75 0 8.5 0 0 0 0 0.369065 0.131346 1 50502
15.75 0 8.75 0 0 0 0 0.481498 0.133421 1 51002
15.75 0 9 0 0 0 0 0.611171 0.135562 1 51502
15.75 0 9.25 0 0 0 0 0.760616 0.137773 1 52002
15.75 0 9.5 0 0 0 0 0.930417 0.140211 1 52002
15.875 0 0 0 0 0 0 0.727157 0.102337 -1 40502
15.875 0 0.25 0 0 0 0 0.681796 0.102265 -1 41002
15.875 0 0.5 0 0 0 0 0.639681 0.102203 -1 41002
15.875 0 0.75 0 0 0 0 0.602686 0.102335 -1 41502
15.875 0 1 0 0 0 0 0.566218 0.102467 -1 41502
15.875 0 1.25 0 0 0 0 0.531654 0.1026 -1 42002
15.875 0 1.5 0 0 0 0 0.497276 0.102767 -1 42002
15.875 0 1.75 0 0 0 0 0.465914 0.103142 -1 42002
15.875 0 2 0 0 0 0 0.434547 0.10352 -1 42502
15.875 0 2.25 0 0 0 0 0.406535 0.103901 -1 42502
15.875 0 2.5 0 0 0 0 0.378827 0.104332 -1 43002
15.875 0 2.75 0 0 0 0 0.354899 0.104924 -1 43002
15.875 0 3 0 0 0 0 0.332004 0.105523 -1 43502
15.875 0 3.25 0 0 0 0 0.313208 0.106129 -1 43502
15.875 0 3.5 0 0 0 0 0.296584 0.106794 -1 44002
15.875 0 3.75 0 0 0 0 0.283026 0.107579 -1 44002
15.875 0 4 0 0 0 0 0.271857 0.108375 -1 44502
15.875 0 4.25 0 0 0 0 0.261863 0.109183 -1 44502
15.875 0 4.5 0 0 0 0 0.252982 0.110071 -1 45002
15.875 0 4.75 0 0 0 0 0.2425 0.111069 -1 45002
15.875 0 5 0 0 0 0 0.230932 0.112085 -1 45502
15.875 0 5.25 -0.000235883 1.21933e-05 0.00504791 0.00505343 0.21399 0.113119 -1 45502
15.875 0 5.5 -0.00149989 3.74445e-05 0.0199007 0.0199572 0.195399 0.114216 -1 46002
15.875 0 5.75 -0.00604689 5.81772e-05 0.052283 0.0526316 0.166781 0.115374 -1 46502
15.875 0 6 -0.0117542 0.000113087 0.10163 0.102307 0.135145 0.116557 -1 46502
15.875 0 6.25 -0.0287924 0.000129313 0.180048 0.182335 0.095826 0.117764 -1 47002
15.875 0 6.5 -0.0463063 0.000207972 0.289567 0.293246 0.0524514 0.119054 -1 47002
15.875 0 6.75 -0.0794008 0.000102238 0.427849 0.435154 0.00646171 0.120411 -1 47502
15.875 0 7 -0.066 -6.67868e-05 0.308592 0.315571 0.0456022 0.121798 1 48002
15.875 0 7.25 -0.0373001 -3.77448e-05 0.174402 0.178346 0.102143 0.123218 1 48002
15.875 0 7.5 -0.0177556 5.22077e-06 0.0724508 0.0745948 0.163258 0.124785 1 48502
15.875 0 7.75 -0.00272196 5.57302e-06 0.00975279 0.0101255 0.230315 0.126442 1 49002
15.875 0 8 0 0 0 0 0.305119 0.128142 1 49502
15.875 0 8.25 0 0 0 0 0.388491 0.12989 1 50002
15.875 0 8.5 0 0 0 0 0.483093 0.131836 1 50502
15.875 0 8.75 0 0 0 0 0.59155 0.133881 1 50502
15.875 0 9 0 0 0 0 0.715996 0.135991 1 51002
15.875 0 9.25 0 0 0 0 0.857749 0.138168 1 51502
15.875 0 9.5 0 0 0 0 1.01379 0.140572 1 52002
16 0 0 0 0 0 0 0.604706 0.103152 -1 40502
16 0 0.25 0 0 0 0 0.559352 0.10308 -1 41002
16 0 0.5 0 0 0 0 0.516543 0.103018 -1 41002
16 0 0.75 0 0 0 0 0.479551 0.103148 -1 41502
16 0 1 0 0 0 0 0.442908 0.103279 -1 41502
16 0 1.25 0 0 0 0 0.408347 0.10341 -1 42002
16 0 1.5 0 0 0 0 0.373803 0.103574 -1 42002
16 0 1.75 0 0 0 0 0.342395 0.103946 -1 42002
16 0 2 0 0 0 0 0.311029 0.104321 -1 42502
16 0 2.25 0 0 0 0 0.2828 0.104698 -1 42502
16 0 2.5 0 0 0 0 0.255091 0.105125 -1 43002
16 0 2.75 0 0 0 0 0.230917 0.105712 -1 43002
16 0 3 -0.000106462 5.7255e-07 0.00115227 0.00115718 0.208021 0.106306 -1 43502
16 0 3.25 -0.00134574 7.23731e-06 0.0145653 0.0146273 0.188974 0.106906 -1 43502
16 0 3.5 -0.00212679 3.72342e-05 0.0317052 0.0317765 0.172344 0.107566 -1 44002
16 0 3.75 -0.00334114 5.84942e-05 0.0498082 0.0499202 0.158632 0.108343 -1 44002
16 0 4 -0.0030396 0.000128419 0.0672991 0.0673679 0.147454 0.109132 -1 44502
16 0 4.25 -0.00383386 0.000161975 0.0848846 0.0849713 0.137413 0.109932 -1 44502
16 0 4.5 -0.00367835 0.000249906 0.102169 0.102236 0.128522 0.110811 -1 45002
16 0 4.75 -0.00445746 0.000302838 0.12381 0.12389 0.118096 0.111799 -1 45002
16 0 5 -0.00697971 0.000360796 0.149366 0.149529 0.106525 0.112804 -1 45502
16 0 5.25 -0.00881782 0.000455812 0.188701 0.188908 0.0898032 0.113827 -1 45502
16 0 5.5 -0.017816 0.000444774 0.236385 0.237056 0.0711218 0.114914 -1 46002
16 0 5.75 -0.036381 0.000350022 0.31456 0.316657 0.043088 0.116063 -1 46502
16 0 6 -0.0476952 0.000458876 0.412385 0.415134 0.0121947 0.117236 -1 46502
16 0 6.25 -0.0580272 0.000260613 0.362861 0.367472 0.0271142 0.118432 1 47002
16 0 6.5 -0.0390627 0.000175439 0.24427 0.247374 0.0699987 0.11971 1 47002
16 0 6.75 -0.0268856 3.46185e-05 0.144872 0.147346 0.115423 0.121052 1 47502
16 0 7 -0.0134754 -1.36361e-05 0.0630061 0.064431 0.167619 0.122424 1 48002
16 0 7.25 -0.00242116 -2.45002e-06 0.0113205 0.0115765 0.223318 0.123828 1 48002
16 0 7.5 0 0 0 0 0.283407 0.125376 1 48502
16 0 7.75 0 0 0 0 0.350464 0.127011 1 49002
16 0 8 0 0 0 0 0.424018 0.128688 1 49502
16 0 8.25 0 0 0 0 0.505421 0.130411 1 49502
16 0 8.5 0 0 0 0 0.597121 0.13233 1 50002
16 0 8.75 0 0 0 0 0.701603 0.134345 1 50502
16 0 9 0 0 0 0 0.820821 0.136423 1 51002
16 0 9.25 0 0 0 0 0.954881 0.138566 1 51502
16 0 9.5 0 0 0 0 1.11106 0.140935 1 52002
16 0 9.75 0 0 0 0 1.28241 0.143407 1 52002
16.125 0 0 0 0 0 0 0.482255 0.10398 -1 40502
16.125 0 0.25 0 0 0 0 0.436908 0.103908 -1 41002
16.125 0 0.5 0 0 0 0 0.393405 0.103846 -1 41002
16.125 0 0.75 0 0 0 0 0.356416 0.103975 -1 41502
16.125 0 1 0 0 0 0 0.319597 0.104103 -1 41502
16.125 0 1.25 0 0 0 0 0.285052 0.104232 -1 41502
16.125 0 1.5 0 0 0 0 0.250496 0.104395 -1 42002
16.125 0 1.75 0 0 0 0 0.218877 0.104763 -1 42002
16.125 0 2 -0.00166824 4.67083e-06 0.0131371 0.0132426 0.187512 0.105133 -1 42502
16.125 0 2.25 -0.00552166 1.54598e-05 0.0434821 0.0438313 0.159065 0.105507 -1 42502
16.125 0 2.5 -0.00966199 1.85736e-05 0.0862673 0.0868066 0.131355 0.10593 -1 43002
16.125 0 2.75 -0.015092 2.90119e-05 0.134749 0.135592 0.106935 0.106512 -1 43002
16.125 0 3 -0.0174854 9.40356e-05 0.189249 0.190055 0.0840378 0.107101 -1 43502
16.125 0 3.25 -0.0223008 0.000119933 0.241368 0.242396 0.06474 0.107696 -1 43502
16.125 0 3.5 -0.0195512 0.000342288 0.291461 0.292116 0.0481051 0.108349 -1 44002
16.125 0 3.75 -0.0225375 0.00039457 0.335979 0.336734 0.0342386 0.109119 -1 44002
16.125 0 4 -0.0169021 0.00071409 0.374225 0.374607 0.0230518 0.109899 -1 44502
16.125 0 4.25 -0.0184992 0.000781566 0.409586 0.410005 0.0129633 0.110691 -1 44502
16.125 0 4.5 -0.015907 0.00108072 0.441832 0.442119 0.0040622 0.111561 -1 45002
16.125 0 4.75 -0.0156471 0.00106306 0.434611 0.434894 0.0061121 0.112538 1 45002
16.125 0 5 -0.0184088 0.000951592 0.393949 0.39438 0.0178812 0.113532 1 45502
16.125 0 5.25 -0.0159567 0.000824834 0.341473 0.341846 0.0342955 0.114544 1 45502
16.125 0 5.5 -0.0215904 0.000539001 0.286464 0.287277 0.0530315 0.11562 1 46002
16.125 0 5.75 -0.024825 0.000238842 0.214644 0.216075 0.0806495 0.11676 1 46502
16.125 0 6 -0.0172918 0.000166365 0.14951 0.150506 0.110878 0.117922 1 46502
16.125 0 6.25 -0.0130804 5.87468e-05 0.0817953 0.0828346 0.15028 0.119108 1 47002
16.125 0 6.5 -0.00504475 2.26571e-05 0.0315463 0.0319471 0.19269 0.120373 1 47002
16.125 0 6.75 -0.000204623 2.63477e-07 0.0011026 0.00112143 0.238225 0.1217 1 47502
16.125 0 7 0 0 0 0 0.289636 0.123057 1 48002
16.125 0 7.25 0 0 0 0 0.344493 0.124444 1 48002
16.125 0 7.5 0 0 0 0 0.403557 0.125972 1 48502
16.125 0 7.75 0 0 0 0 0.470614 0.127585 1 49002
16.125 0 8 0 0 0 0 0.542917 0.129239 1 49502
16.125 0 8.25 0 0 0 0 0.622352 0.130937 1 49502
16.125 0 8.5 0 0 0 0 0.711149 0.132828 1 50002
16.125 0 8.75 0 0 0 0 0.811656 0.134813 1 50502
16.125 0 9 0 0 0 0 0.92877 0.136858 1 51002
16.125 0 9.25 0 0 0 0 1.06051 0.138966 1 51502
16.125 0 9.5 0 0 0 0 1.20819 0.1413 1 51502
16.125 0 9.75 0 0 0 0 1.36579 0.143734 1 52002
16.25 0 0 0 0 0 0 0.359804 0.104822 -1 40502
16.25 0 0.25 0 0 0 0 0.314464 0.10475 -1 41002
16.25 0 0.5 0 0 0 0 0.270267 0.104688 -1 41002
16.25 0 0.75 0 0 0 0 0.233281 0.104814 -1 41502
16.25 0 1 -0.00096317 3.50975e-06 0.00641257 0.00648451 0.196303 0.104941 -1 41502
16.25 0 1.25 -0.00588199 2.14337e-05 0.039161 0.0396003 0.161741 0.105068 -1 41502
16.25 0 1.5 -0.0128618 3.79729e-05 0.0917976 0.0926943 0.127189 0.105229 -1 42002
16.25 0 1.75 -0.0221389 6.53625e-05 0.158011 0.159554 0.0953586 0.105593 -1 42002
16.25 0 2 -0.0304289 8.51963e-05 0.239622 0.241546 0.0639945 0.105959 -1 42502
16.25 0 2.25 -0.0415978 0.000116468 0.327575 0.330206 0.0353299 0.106328 -1 42502
16.25 0 2.5 -0.0476451 9.15899e-05 0.4254 0.42806 0.00761887 0.106747 -1 43002
16.25 0 2.75 -0.0438393 8.42739e-05 0.39142 0.393868 0.017047 0.107324 1 43002
16.25 0 3 -0.0291666 0.000156857 0.315678 0.317023 0.0399454 0.107907 1 43502
16.25 0 3.25 -0.0238405 0.000128213 0.258032 0.259131 0.0593067 0.108497 1 43502
16.25 0 3.5 -0.0143316 0.000250907 0.213649 0.214129 0.0761341 0.109144 1 44002
16.25 0 3.75 -0.012101 0.000211856 0.180397 0.180802 0.0900731 0.109905 1 44002
16.25 0 4 -0.00706253 0.000298383 0.15637 0.15653 0.101314 0.110678 1 44502
16.25 0 4.25 -0.00615572 0.000260071 0.136292 0.136432 0.111494 0.111461 1 44502
16.25 0 4.5 -0.00433243 0.000294344 0.120337 0.120415 0.120445 0.112321 1 45002
16.25 0 4.75 -0.0037159 0.000252457 0.103212 0.103279 0.130804 0.113287 1 45002
16.25 0 5 -0.00399708 0.000206618 0.0855376 0.0856311 0.142425 0.11427 1 45502
16.25 0 5.25 -0.0029466 0.000152316 0.0630571 0.0631261 0.15876 0.11527 1 45502
16.25 0 5.5 -0.00311125 7.7672e-05 0.0412805 0.0413977 0.177496 0.116335 1 46002
16.25 0 5.75 -0.00127423 3.1811e-05 0.0169067 0.0169547 0.204629 0.117465 1 46002
16.25 0 6 -3.16978e-05 3.04965e-07 0.000274068 0.000275895 0.234108 0.118617 1 46502
16.25 0 6.25 0 0 0 0 0.27351 0.119792 1 47002
16.25 0 6.5 0 0 0 0 0.315381 0.121043 1 47002
16.25 0 6.75 0 0 0 0 0.360916 0.122355 1 47502
16.25 0 7 0 0 0 0 0.411653 0.123696 1 48002
16.25 0 7.25 0 0 0 0 0.465668 0.125067 1 48002
16.25 0 7.5 0 0 0 0 0.52506 0.126574 1 48502
16.25 0 7.75 0 0 0 0 0.590763 0.128164 1 49002
16.25 0 8 0 0 0 0 0.661815 0.129794 1 49002
16.25 0 8.25 0 0 0 0 0.739282 0.131467 1 49502
16.25 0 8.5 0 0 0 0 0.825177 0.133329 1 50002
16.25 0 8.75 0 0 0 0 0.926063 0.135283 1 50502
16.25 0 9 0 0 0 0 1.03882 0.137296 1 51002
16.25 0 9.25 0 0 0 0 1.16534 0.139369 1 51002
16.25 0 9.5 0 0 0 0 1.30532 0.141667 1 51502
16.25 0 9.75 0 0 0 0 1.46149 0.144063 1 52002
16.375 0 0 0 0 0 0 0.237353 0.105677 -1 40502
16.375 0 0.25 -0.00188902 9.51236e-07 0.0102082 0.0103815 0.19202 0.105606 -1 41002
16.375 0 0.5 -0.011004 5.54118e-06 0.0594654 0.060475 0.14713 0.105543 -1 41002
16.375 0 0.75 -0.0230996 1.16321e-05 0.12483 0.126949 0.110151 0.105668 -1 41002
16.375 0 1 -0.0320569 0.000116814 0.213427 0.215822 0.0731679 0.105793 -1 41502
16.375 0 1.25 -0.0474651 0.000172961 0.316012 0.319557 0.0384309 0.105918 -1 41502
16.375 0 1.5 -0.0613356 0.000181087 0.437767 0.442043 0.00388239 0.106076 -1 42002
16.375 0 1.75 -0.0491749 0.000145183 0.350973 0.354402 0.0281598 0.106436 1 42002
16.375 0 2 -0.0322243 9.02231e-05 0.25376 0.255798 0.0595228 0.106798 1 42502
16.375 0 2.25 -0.0226384 6.3384e-05 0.178273 0.179705 0.0882747 0.107162 1 42502
16.375 0 2.5 -0.0132461 2.54635e-05 0.118268 0.119008 0.116061 0.107576 1 43002
16.375 0 2.75 -0.00838284 1.61146e-05 0.0748463 0.0753143 0.141041 0.108148 1 43002
16.375 0 3 -0.00402258 2.16333e-05 0.0435375 0.043723 0.164005 0.108726 1 43502
16.375 0 3.25 -0.00210478 1.13194e-05 0.0227807 0.0228777 0.183862 0.10931 1 43502
16.375 0 3.5 -0.000664254 1.16293e-05 0.0099024 0.00992466 0.200557 0.10995 1 44002
16.375 0 3.75 -0.000139274 2.4383e-06 0.00207623 0.0020809 0.214781 0.110704 1 44002
16.375 0 4 0 0 0 0 0.226022 0.111467 1 44502
16.375 0 4.25 0 0 0 0 0.236247 0.112241 1 44502
16.375 0 4.5 0 0 0 0 0.245198 0.113092 1 45002
16.375 0 4.75 0 0 0 0 0.255495 0.114047 1 45002
16.375 0 5 0 0 0 0 0.267117 0.115018 1 45502
16.375 0 5.25 0 0 0 0 0.283225 0.116006 1 45502
16.375 0 5.5 0 0 0 0 0.301961 0.117059 1 46002
16.375 0 5.75 0 0 0 0 0.328609 0.118179 1 46002
16.375 0 6 0 0 0 0 0.357338 0.11932 1 46502
16.375 0 6.25 0 0 0 0 0.39674 0.120483 1 47002
16.375 0 6.5 0 0 0 0 0.438073 0.121721 1 47002
16.375 0 6.75 0 0 0 0 0.483608 0.123017 1 47502
16.375 0 7 0 0 0 0 0.53367 0.124342 1 47502
16.375 0 7.25 0 0 0 0 0.586843 0.125695 1 48002
16.375 0 7.5 0 0 0 0 0.646235 0.127182 1 48502
16.375 0 7.75 0 0 0 0 0.710913 0.128749 1 49002
16.375 0 8 0 0 0 0 0.780714 0.130355 1 49002
16.375 0 8.25 0 0 0 0 0.856213 0.132001 1 49502
16.375 0 8.5 0 0 0 0 0.942902 0.133834 1 50002
16.375 0 8.75 0 0 0 0 1.04009 0.135757 1 50502
16.375 0 9 0 0 0 0 1.14888 0.137736 1 50502
16.375 0 9.25 0 0 0 0 1.27016 0.139774 1 51002
16.375 0 9.5 0 0 0 0 1.40503 0.142036 1 51502
16.375 0 9.75 0 0 0 0 1.55863 0.144393 1 52002
16.5 0 0 -0.022406 -6.09478e-06 0.116949 0.119076 0.114903 0.106534 -1 40502
16.5 0 0.25 -0.0412736 2.07837e-05 0.223041 0.226828 0.0695754 0.106462 -1 41002
16.5 0 0.5 -0.067098 3.37879e-05 0.362596 0.368752 0.0239918 0.1064 -1 41002
16.5 0 0.75 -0.0742632 3.7396e-05 0.401317 0.40813 0.0129869 0.106523 1 41002
16.5 0 1 -0.0421912 0.000153743 0.280899 0.28405 0.0499671 0.106645 1 41502
16.5 0 1.25 -0.0278195 0.000101373 0.185216 0.187294 0.0848796 0.106768 1 41502
16.5 0 1.5 -0.015416 4.55139e-05 0.110027 0.111102 0.119361 0.106924 1 42002
16.5 0 1.75 -0.00795886 2.34976e-05 0.0568043 0.0573592 0.151706 0.10728 1 42002
16.5 0 2 -0.00262987 7.36322e-06 0.0207097 0.020876 0.183154 0.107638 1 42502
16.5 0 2.25 -8.38611e-05 2.34798e-07 0.00066039 0.000665694 0.212333 0.107998 1 42502
16.5 0 2.5 0 0 0 0 0.24012 0.108408 1 43002
16.5 0 2.75 0 0 0 0 0.265346 0.108974 1 43002
16.5 0 3 0 0 0 0 0.28831 0.109546 1 43502
16.5 0 3.25 0 0 0 0 0.308418 0.110124 1 43502
16.5 0 3.5 0 0 0 0 0.325113 0.110758 1 44002
16.5 0 3.75 0 0 0 0 0.33949 0.111503 1 44002
16.5 0 4 0 0 0 0 0.35073 0.112258 1 44502
16.5 0 4.25 0 0 0 0 0.360999 0.113024 1 44502
16.5 0 4.5 0 0 0 0 0.369951 0.113865 1 45002
16.5 0 4.75 0 0 0 0 0.380187 0.114808 1 45002
16.5 0 5 0 0 0 0 0.391809 0.115768 1 45502
16.5 0 5.25 0 0 0 0 0.40769 0.116744 1 45502
16.5 0 5.5 0 0 0 0 0.426425 0.117786 1 46002
16.5 0 5.75 0 0 0 0 0.452588 0.118895 1 46002
16.5 0 6 0 0 0 0 0.481251 0.120026 1 46502
16.5 0 6.25 0 0 0 0 0.51997 0.121178 1 47002
16.5 0 6.5 0 0 0 0 0.560764 0.122402 1 47002
16.5 0 6.75 0 0 0 0 0.606299 0.123683 1 47502
16.5 0 7 0 0 0 0 0.655687 0.124991 1 47502
16.5 0 7.25 0 0 0 0 0.708018 0.126328 1 48002
16.5 0 7.5 0 0 0 0 0.76741 0.127794 1 48502
16.5 0 7.75 0 0 0 0 0.831063 0.129338 1 48502
16.5 0 8 0 0 0 0 0.899613 0.13092 1 49002
16.5 0 8.25 0 0 0 0 0.974967 0.132542 1 49502
16.5 0 8.5 0 0 0 0 1.05983 0.134346 1 50002
16.5 0 8.75 0 0 0 0 1.15412 0.136239 1 50002
16.5 0 9 0 0 0 0 1.25893 0.138185 1 50502
16.5 0 9.25 0 0 0 0 1.37499 0.140188 1 51002
16.5 0 9.5 0 0 0 0 1.50985 0.142414 1 51502
16.5 0 9.75 0 0 0 0 1.65576 0.144734 1 51502
16.625 0 0 -0.0806255 -2.19314e-05 0.420826 0.42848 0.0075482 0.107338 1 40502
16.625 0 0.25 -0.051967 -1.41358e-05 0.271243 0.276176 0.052865 0.107267 1 40502
16.625 0 0.5 -0.0285221 1.43626e-05 0.154133 0.156749 0.0980383 0.107205 1 41002
16.625 0 0.75 -0.0148659 7.4859e-06 0.0803352 0.0816991 0.136089 0.107326 1 41002
16.625 0 1 -0.00455405 1.65948e-05 0.0303199 0.03066 0.17317 0.107447 1 41502
16.625 0 1.25 -0.000336181 1.22503e-06 0.00223822 0.00226332 0.208356 0.107568 1 41502
16.625 0 1.5 0 0 0 0 0.242996 0.107722 1 42002
16.625 0 1.75 0 0 0 0 0.275548 0.108075 1 42002
16.625 0 2 0 0 0 0 0.306997 0.108429 1 42502
16.625 0 2.25 0 0 0 0 0.336392 0.108787 1 42502
16.625 0 2.5 0 0 0 0 0.364178 0.109192 1 43002
16.625 0 2.75 0 0 0 0 0.389652 0.109754 1 43002
16.625 0 3 0 0 0 0 0.412615 0.110322 1 43502
16.625 0 3.25 0 0 0 0 0.432973 0.110896 1 43502
16.625 0 3.5 0 0 0 0 0.449668 0.111525 1 44002
16.625 0 3.75 0 0 0 0 0.464198 0.112264 1 44002
16.625 0 4 0 0 0 0 0.475438 0.113013 1 44502
16.625 0 4.25 0 0 0 0 0.485752 0.113772 1 44502
16.625 0 4.5 0 0 0 0 0.494703 0.114605 1 45002
16.625 0 4.75 0 0 0 0 0.504879 0.115539 1 45002
16.625 0 5 0 0 0 0 0.516501 0.11649 1 45502
16.625 0 5.25 0 0 0 0 0.532154 0.117455 1 45502
16.625 0 5.5 0 0 0 0 0.55089 0.118489 1 46002
16.625 0 5.75 0 0 0 0 0.576568 0.11959 1 46002
16.625 0 6 0 0 0 0 0.60523 0.120711 1 46502
16.625 0 6.25 0 0 0 0 0.6432 0.121854 1 46502
16.625 0 6.5 0 0 0 0 0.683455 0.123067 1 47002
16.625 0 6.75 0 0 0 0 0.72899 0.124336 1 47502
16.625 0 7 0 0 0 0 0.777704 0.125632 1 47502
16.625 0 7.25 0 0 0 0 0.8299 0.126955 1 48002
16.625 0 7.5 0 0 0 0 0.888585 0.128405 1 48502
16.625 0 7.75 0 0 0 0 0.951212 0.129932 1 48502
16.625 0 8 0 0 0 0 1.01851 0.131495 1 49002
16.625 0 8.25 0 0 0 0 1.09387 0.133096 1 49502
16.625 0 8.5 0 0 0 0 1.17676 0.134878 1 50002
16.625 0 8.75 0 0 0 0 1.26815 0.136745 1 50002
16.625 0 9 0 0 0 0 1.36898 0.138664 1 50502
16.625 0 9.25 0 0 0 0 1.4861 0.140639 1 51002
16.625 0 9.5 0 0 0 0 1.61468 0.142835 1 51002
16.625 0 9.75 0 0 0 0 1.75289 0.145121 1 51502
16.75 0 0 -0.017716 -4.81903e-06 0.092469 0.0941507 0.129904 0.108155 1 40502
16.75 0 0.25 -0.00553198 -1.50479e-06 0.0288743 0.0293994 0.175371 0.108084 1 40502
16.75 0 0.5 0 0 0 0 0.220805 0.108022 1 41002
16.75 0 0.75 0 0 0 0 0.25955 0.108141 1 41002
16.75 0 1 0 0 0 0 0.296631 0.10826 1 41502
16.75 0 1.25 0 0 0 0 0.33199 0.10838 1 41502
16.75 0 1.5 0 0 0 0 0.36663 0.108532 1 42002
16.75 0 1.75 0 0 0 0 0.399391 0.108881 1 42002
16.75 0 2 0 0 0 0 0.430839 0.109233 1 42502
16.75 0 2.25 0 0 0 0 0.46045 0.109586 1 42502
16.75 0 2.5 0 0 0 0 0.488236 0.109988 1 43002
16.75 0 2.75 0 0 0 0 0.513957 0.110546 1 43002
16.75 0 3 0 0 0 0 0.536921 0.11111 1 43502
16.75 0 3.25 0 0 0 0 0.557529 0.111679 1 43502
16.75 0 3.5 0 0 0 0 0.574224 0.112303 1 44002
16.75 0 3.75 0 0 0 0 0.588906 0.113035 1 44002
16.75 0 4 0 0 0 0 0.600147 0.113777 1 44502
16.75 0 4.25 0 0 0 0 0.610505 0.114529 1 44502
16.75 0 4.5 0 0 0 0 0.619456 0.115355 1 45002
16.75 0 4.75 0 0 0 0 0.629571 0.11628 1 45002
16.75 0 5 0 0 0 0 0.641192 0.11722 1 45502
16.75 0 5.25 0 0 0 0 0.656619 0.118176 1 45502
16.75 0 5.5 0 0 0 0 0.675355 0.1192 1 46002
16.75 0 5.75 0 0 0 0 0.700547 0.120292 1 46002
16.75 0 6 0 0 0 0 0.72921 0.121405 1 46502
16.75 0 6.25 0 0 0 0 0.766429 0.122538 1 46502
16.75 0 6.5 0 0 0 0 0.806147 0.12374 1 47002
16.75 0 6.75 0 0 0 0 0.851682 0.124997 1 47502
16.75 0 7 0 0 0 0 0.899721 0.126279 1 47502
16.75 0 7.25 0 0 0 0 0.951917 0.127588 1 48002
16.75 0 7.5 0 0 0 0 1.00976 0.129022 1 48502
16.75 0 7.75 0 0 0 0 1.07136 0.130531 1 48502
16.75 0 8 0 0 0 0 1.13842 0.132075 1 49002
16.75 0 8.25 0 0 0 0 1.21276 0.133656 1 49502
16.75 0 8.5 0 0 0 0 1.29369 0.135414 1 49502
16.75 0 8.75 0 0 0 0 1.38217 0.137255 1 50002
16.75 0 9 0 0 0 0 1.48306 0.139147 1 50502
16.75 0 9.25 0 0 0 0 1.59615 0.141092 1 51002
16.75 0 9.5 0 0 0 0 1.7195 0.143257 1 51002
16.75 0 9.75 0 0 0 0 1.85437 0.14551 1 51502
16.875 0 0 0 0 0 0 0.252528 0.108985 1 40502
16.875 0 0.25 0 0 0 0 0.298138 0.108913 1 40502
16.875 0 0.5 0 0 0 0 0.343572 0.108851 1 41002
16.875 0 0.75 0 0 0 0 0.38301 0.108968 1 41002
16.875 0 1 0 0 0 0 0.420091 0.109086 1 41502
16.875 0 1.25 0 0 0 0 0.455625 0.109205 1 41502
16.875 0 1.5 0 0 0 0 0.490265 0.109355 1 42002
16.875 0 1.75 0 0 0 0 0.523233 0.1097 1 42002
16.875 0 2 0 0 0 0 0.554681 0.110048 1 42502
16.875 0 2.25 0 0 0 0 0.584508 0.110398 1 42502
16.875 0 2.5 0 0 0 0 0.612295 0.110796 1 43002
16.875 0 2.75 0 0 0 0 0.638262 0.111349 1 43002
16.875 0 3 0 0 0 0 0.661226 0.111908 1 43502
16.875 0 3.25 0 0 0 0 0.682084 0.112473 1 43502
16.875 0 3.5 0 0 0 0 0.698779 0.113091 1 44002
16.875 0 3.75 0 0 0 0 0.713614 0.113817 1 44002
16.875 0 4 0 0 0 0 0.724855 0.114552 1 44502
16.875 0 4.25 0 0 0 0 0.735257 0.115297 1 44502
16.875 0 4.5 0 0 0 0 0.744209 0.116114 1 45002
16.875 0 4.75 0 0 0 0 0.754262 0.11703 1 45002
16.875 0 5 0 0 0 0 0.765884 0.11796 1 45502
16.875 0 5.25 0 0 0 0 0.781084 0.118906 1 45502
16.875 0 5.5 0 0 0 0 0.799819 0.11992 1 46002
16.875 0 5.75 0 0 0 0 0.824527 0.121003 1 46002
16.875 0 6 0 0 0 0 0.853189 0.122106 1 46502
16.875 0 6.25 0 0 0 0 0.889659 0.123229 1 46502
16.875 0 6.5 0 0 0 0 0.928838 0.12442 1 47002
16.875 0 6.75 0 0 0 0 0.974373 0.125664 1 47502
16.875 0 7 0 0 0 0 1.02174 0.126933 1 47502
16.875 0 7.25 0 0 0 0 1.07393 0.128228 1 48002
16.875 0 7.5 0 0 0 0 1.13093 0.129645 1 48002
16.875 0 7.75 0 0 0 0 1.19151 0.131135 1 48502
16.875 0 8 0 0 0 0 1.25857 0.13266 1 49002
16.875 0 8.25 0 0 0 0 1.33166 0.13422 1 49502
16.875 0 8.5 0 0 0 0 1.41062 0.135954 1 49502
16.875 0 8.75 0 0 0 0 1.4962 0.137769 1 50002
16.875 0 9 0 0 0 0 1.59709 0.139634 1 50502
16.875 0 9.25 0 0 0 0 1.7062 0.141549 1 50502
16.875 0 9.5 0 0 0 0 1.82433 0.143682 1 51002
16.875 0 9.75 0 0 0 0 1.9592 0.145902 1 51502
17 0 0 0 0 0 0 0.375152 0.109827 1 40502
17 0 0.25 0 0 0 0 0.420905 0.109755 1 40502
17 0 0.5 0 0 0 0 0.46634 0.109693 1 41002
17 0 0.75 0 0 0 0 0.506471 0.109809 1 41002
17 0 1 0 0 0 0 0.543551 0.109925 1 41502
17 0 1.25 0 0 0 0 0.579259 0.110041 1 41502
17 0 1.5 0 0 0 0 0.613899 0.11019 1 42002
17 0 1.75 0 0 0 0 0.647076 0.110531 1 42002
17 0 2 0 0 0 0 0.678524 0.110876 1 42502
17 0 2.25 0 0 0 0 0.708567 0.111222 1 42502
17 0 2.5 0 0 0 0 0.736353 0.111616 1 43002
17 0 2.75 0 0 0 0 0.762568 0.112164 1 43002
17 0 3 0 0 0 0 0.785531 0.112718 1 43502
17 0 3.25 0 0 0 0 0.806639 0.113278 1 43502
17 0 3.5 0 0 0 0 0.823335 0.113891 1 44002
17 0 3.75 0 0 0 0 0.838323 0.11461 1 44002
17 0 4 0 0 0 0 0.849563 0.115338 1 44502
17 0 4.25 0 0 0 0 0.86001 0.116076 1 44502
17 0 4.5 0 0 0 0 0.868961 0.116884 1 45002
17 0 4.75 0 0 0 0 0.878954 0.11779 1 45002
17 0 5 0 0 0 0 0.890576 0.11871 1 45502
17 0 5.25 0 0 0 0 0.905548 0.119644 1 45502
17 0 5.5 0 0 0 0 0.924284 0.120648 1 46002
17 0 5.75 0 0 0 0 0.948506 0.121722 1 46002
17 0 6 0 0 0 0 0.977169 0.122816 1 46502
17 0 6.25 0 0 0 0 1.01289 0.123929 1 46502
17 0 6.5 0 0 0 0 1.05229 0.125107 1 47002
17 0 6.75 0 0 0 0 1.09706 0.126338 1 47502
17 0 7 0 0 0 0 1.14376 0.127594 1 47502
17 0 7.25 0 0 0 0 1.19595 0.128874 1 48002
17 0 7.5 0 0 0 0 1.25211 0.130274 1 48002
17 0 7.75 0 0 0 0 1.31166 0.131745 1 48502
17 0 8 0 0 0 0 1.37872 0.13325 1 49002
17 0 8.25 0 0 0 0 1.45056 0.134789 1 49002
17 0 8.5 0 0 0 0 1.52755 0.136499 1 49502
17 0 8.75 0 0 0 0 1.61424 0.138287 1 50002
17 0 9 0 0 0 0 1.71112 0.140123 1 50502
17 0 9.25 0 0 0 0 1.81625 0.142009 1 50502
17 0 9.5 0 0 0 0 1.93337 0.14411 1 51002
17 0 9.75 0 0 0 0 2.06402 0.146295 1 51502
17.125 0 0 0 0 0 0 0.497777 0.110682 1 40502
17.125 0 0.25 0 0 0 0 0.543672 0.110611 1 40502
17.125 0 0.5 0 0 0 0 0.589107 0.110548 1 41002
17.125 0 0.75 0 0 0 0 0.629931 0.110662 1 41002
17.125 0 1 0 0 0 0 0.667012 0.110777 1 41502
17.125 0 1.25 0 0 0 0 0.702894 0.110891 1 41502
17.125 0 1.5 0 0 0 0 0.737534 0.111037 1 42002
17.125 0 1.75 0 0 0 0 0.770918 0.111375 1 42002
17.125 0 2 0 0 0 0 0.802366 0.111716 1 42502
17.125 0 2.25 0 0 0 0 0.832625 0.112058 1 42502
17.125 0 2.5 0 0 0 0 0.860412 0.112448 1 43002
17.125 0 2.75 0 0 0 0 0.886873 0.112992 1 43002
17.125 0 3 0 0 0 0 0.909837 0.11354 1 43502
17.125 0 3.25 0 0 0 0 0.931195 0.114095 1 43502
17.125 0 3.5 0 0 0 0 0.94789 0.114702 1 44002
17.125 0 3.75 0 0 0 0 0.963031 0.115414 1 44002
17.125 0 4 0 0 0 0 0.974271 0.116134 1 44502
17.125 0 4.25 0 0 0 0 0.984763 0.116864 1 44502
17.125 0 4.5 0 0 0 0 0.993714 0.117664 1 45002
17.125 0 4.75 0 0 0 0 1.00365 0.11856 1 45002
17.125 0 5 0 0 0 0 1.01527 0.119469 1 45502
17.125 0 5.25 0 0 0 0 1.03001 0.120392 1 45502
17.125 0 5.5 0 0 0 0 1.04875 0.121386 1 46002
17.125 0 5.75 0 0 0 0 1.07249 0.12245 1 46002
17.125 0 6 0 0 0 0 1.10115 0.123533 1 46502
17.125 0 6.25 0 0 0 0 1.13612 0.124636 1 46502
17.125 0 6.5 0 0 0 0 1.17552 0.125803 1 47002
17.125 0 6.75 0 0 0 0 1.21976 0.12702 1 47002
17.125 0 7 0 0 0 0 1.26577 0.128261 1 47502
17.125 0 7.25 0 0 0 0 1.31797 0.129527 1 48002
17.125 0 7.5 0 0 0 0 1.37328 0.130909 1 48002
17.125 0 7.75 0 0 0 0 1.43268 0.132361 1 48502
17.125 0 8 0 0 0 0 1.49887 0.133845 1 49002
17.125 0 8.25 0 0 0 0 1.56946 0.135363 1 49002
17.125 0 8.5 0 0 0 0 1.64448 0.137048 1 49502
17.125 0 8.75 0 0 0 0 1.73117 0.138809 1 50002
17.125 0 9 0 0 0 0 1.82514 0.140617 1 50002
17.125 0 9.25 0 0 0 0 1.92631 0.142472 1 50502
17.125 0 9.5 0 0 0 0 2.04342 0.144541 1 51002
17.125 0 9.75 0 0 0 0 2.16885 0.146691 1 51002
17.25 0 0 0 0 0 0 0.620401 0.111528 1 40502
17.25 0 0.25 0 0 0 0 0.666439 0.111457 1 40502
17.25 0 0.5 0 0 0 0 0.711874 0.111394 1 41002
17.25 0 0.75 0 0 0 0 0.753392 0.111507 1 41002
17.25 0 1 0 0 0 0 0.790472 0.111619 1 41502
17.25 0 1.25 0 0 0 0 0.826528 0.111732 1 41502
17.25 0 1.5 0 0 0 0 0.861168 0.111876 1 42002
17.25 0 1.75 0 0 0 0 0.89476 0.112211 1 42002
17.25 0 2 0 0 0 0 0.926209 0.112547 1 42502
17.25 0 2.25 0 0 0 0 0.956684 0.112886 1 42502
17.25 0 2.5 0 0 0 0 0.98447 0.113272 1 43002
17.25 0 2.75 0 0 0 0 1.01118 0.113811 1 43002
17.25 0 3 0 0 0 0 1.03414 0.114355 1 43502
17.25 0 3.25 0 0 0 0 1.05575 0.114904 1 43502
17.25 0 3.5 0 0 0 0 1.07245 0.115505 1 44002
17.25 0 3.75 0 0 0 0 1.08774 0.116211 1 44002
17.25 0 4 0 0 0 0 1.09898 0.116925 1 44502
17.25 0 4.25 0 0 0 0 1.10952 0.117648 1 44502
17.25 0 4.5 0 0 0 0 1.11847 0.118439 1 45002
17.25 0 4.75 0 0 0 0 1.12834 0.119325 1 45002
17.25 0 5 0 0 0 0 1.13996 0.120223 1 45502
17.25 0 5.25 0 0 0 0 1.15448 0.121136 1 45502
17.25 0 5.5 0 0 0 0 1.17321 0.12212 1 46002
17.25 0 5.75 0 0 0 0 1.19647 0.123175 1 46002
17.25 0 6 0 0 0 0 1.22513 0.124249 1 46502
17.25 0 6.25 0 0 0 0 1.25935 0.125341 1 46502
17.25 0 6.5 0 0 0 0 1.29875 0.126496 1 47002
17.25 0 6.75 0 0 0 0 1.34245 0.127701 1 47002
17.25 0 7 0 0 0 0 1.38779 0.128929 1 47502
17.25 0 7.25 0 0 0 0 1.43999 0.130181 1 48002
17.25 0 7.5 0 0 0 0 1.49446 0.131547 1 48002
17.25 0 7.75 0 0 0 0 1.55385 0.13298 1 48502
17.25 0 8 0 0 0 0 1.61902 0.134444 1 49002
17.25 0 8.25 0 0 0 0 1.68836 0.135942 1 49002
17.25 0 8.5 0 0 0 0 1.76371 0.137603 1 49502
17.25 0 8.75 0 0 0 0 1.8481 0.139339 1 50002
17.25 0 9 0 0 0 0 1.93917 0.141119 1 50002
17.25 0 9.25 0 0 0 0 2.04006 0.142945 1 50502
17.25 0 9.5 0 0 0 0 2.15347 0.144983 1 51002
17.25 0 9.75 0 0 0 0 2.27367 0.147101 1 51002
17.375 0 0 0 0 0 0 0.743025 0.112334 1 40502
17.375 0 0.25 0 0 0 0 0.789206 0.112263 1 40502
17.375 0 0.5 0 0 0 0 0.834641 0.112201 1 41002
17.375 0 0.75 0 0 0 0 0.876852 0.112312 1 41002
17.375 0 1 0 0 0 0 0.913933 0.112423 1 41502
17.375 0 1.25 0 0 0 0 0.950163 0.112534 1 41502
17.375 0 1.5 0 0 0 0 0.984803 0.112676 1 42002
17.375 0 1.75 0 0 0 0 1.0186 0.113008 1 42002
17.375 0 2 0 0 0 0 1.05005 0.113341 1 42502
17.375 0 2.25 0 0 0 0 1.08074 0.113677 1 42502
17.375 0 2.5 0 0 0 0 1.10853 0.11406 1 43002
17.375 0 2.75 0 0 0 0 1.13548 0.114595 1 43002
17.375 0 3 0 0 0 0 1.15845 0.115135 1 43502
17.375 0 3.25 0 0 0 0 1.18031 0.11568 1 43502
17.375 0 3.5 0 0 0 0 1.197 0.116277 1 44002
17.375 0 3.75 0 0 0 0 1.21245 0.116977 1 44002
17.375 0 4 0 0 0 0 1.22369 0.117686 1 44502
17.375 0 4.25 0 0 0 0 1.23427 0.118403 1 44502
17.375 0 4.5 0 0 0 0 1.24322 0.119188 1 45002
17.375 0 4.75 0 0 0 0 1.25303 0.120065 1 45002
17.375 0 5 0 0 0 0 1.26465 0.120955 1 45502
17.375 0 5.25 0 0 0 0 1.27894 0.121859 1 45502
17.375 0 5.5 0 0 0 0 1.29768 0.122834 1 46002
17.375 0 5.75 0 0 0 0 1.32044 0.123882 1 46002
17.375 0 6 0 0 0 0 1.34911 0.124947 1 46502
17.375 0 6.25 0 0 0 0 1.38258 0.126031 1 46502
17.375 0 6.5 0 0 0 0 1.42198 0.127176 1 47002
17.375 0 6.75 0 0 0 0 1.46514 0.128371 1 47002
17.375 0 7 0 0 0 0 1.51067 0.129588 1 47502
17.375 0 7.25 0 0 0 0 1.562 0.130828 1 48002
17.375 0 7.5 0 0 0 0 1.61563 0.13218 1 48002
17.375 0 7.75 0 0 0 0 1.67503 0.133598 1 48502
17.375 0 8 0 0 0 0 1.73917 0.135046 1 48502
17.375 0 8.25 0 0 0 0 1.80726 0.136526 1 49002
17.375 0 8.5 0 0 0 0 1.88261 0.138167 1 49502
17.375 0 8.75 0 0 0 0 1.96503 0.139881 1 49502
17.375 0 9 0 0 0 0 2.0532 0.141638 1 50002
17.375 0 9.25 0 0 0 0 2.15409 0.14344 1 50502
17.375 0 9.5 0 0 0 0 2.26353 0.145452 1 50502
17.375 0 9.75 0 0 0 0 2.38064 0.147541 1 51002
17.5 0 0 0 0 0 0 0.865649 0.113152 1 40502
17.5 0 0.25 0 0 0 0 0.911973 0.113081 1 40502
17.5 0 0.5 0 0 0 0 0.957408 0.113019 1 41002
17.5 0 0.75 0 0 0 0 1.00031 0.113128 1 41002
17.5 0 1 0 0 0 0 1.03739 0.113238 1 41502
17.5 0 1.25 0 0 0 0 1.0738 0.113348 1 41502
17.5 0 1.5 0 0 0 0 1.10844 0.113488 1 42002
17.5 0 1.75 0 0 0 0 1.14245 0.113817 1 42002
17.5 0 2 0 0 0 0 1.17389 0.114147 1 42502
17.5 0 2.25 0 0 0 0 1.2048 0.114479 1 42502
17.5 0 2.5 0 0 0 0 1.23259 0.114859 1 43002
17.5 0 2.75 0 0 0 0 1.25979 0.11539 1 43002
17.5 0 3 0 0 0 0 1.28275 0.115925 1 43502
17.5 0 3.25 0 0 0 0 1.30486 0.116466 1 43502
17.5 0 3.5 0 0 0 0 1.32156 0.117059 1 44002
17.5 0 3.75 0 0 0 0 1.33716 0.117754 1 44002
17.5 0 4 0 0 0 0 1.3484 0.118457 1 44502
17.5 0 4.25 0 0 0 0 1.35902 0.119169 1 44502
17.5 0 4.5 0 0 0 0 1.36797 0.119947 1 45002
17.5 0 4.75 0 0 0 0 1.37772 0.120815 1 45002
17.5 0 5 0 0 0 0 1.38934 0.121696 1 45502
17.5 0 5.25 0 0 0 0 1.40341 0.12259 1 45502
17.5 0 5.5 0 0 0 0 1.42214 0.123557 1 46002
17.5 0 5.75 0 0 0 0 1.44442 0.124596 1 46002
17.5 0 6 0 0 0 0 1.47309 0.125653 1 46502
17.5 0 6.25 0 0 0 0 1.50581 0.126728 1 46502
17.5 0 6.5 0 0 0 0 1.54521 0.127864 1 47002
17.5 0 6.75 0 0 0 0 1.58783 0.129048 1 47002
17.5 0 7 0 0 0 0 1.63337 0.130254 1 47502
17.5 0 7.25 0 0 0 0 1.68402 0.131483 1 47502
17.5 0 7.5 0 0 0 0 1.73681 0.13282 1 48002
17.5 0 7.75 0 0 0 0 1.7962 0.134222 1 48502
17.5 0 8 0 0 0 0 1.85932 0.135653 1 48502
17.5 0 8.25 0 0 0 0 1.92616 0.137116 1 49002
17.5 0 8.5 0 0 0 0 2.00151 0.138736 1 49502
17.5 0 8.75 0 0 0 0 2.08197 0.140428 1 49502
17.5 0 9 0 0 0 0 2.16723 0.142162 1 50002
17.5 0 9.25 0 0 0 0 2.26811 0.143939 1 50502
17.5 0 9.5 0 0 0 0 2.37358 0.145923 1 50502
17.5 0 9.75 0 0 0 0 2.49069 0.147983 1 51002
17.625 0 0 0 0 0 0 0.988274 0.113983 1 40502
17.625 0 0.25 0 0 0 0 1.03474 0.113912 1 40502
17.625 0 0.5 0 0 0 0 1.08018 0.113849 1 41002
17.625 0 0.75 0 0 0 0 1.12377 0.113957 1 41002
17.625 0 1 0 0 0 0 1.16085 0.114065 1 41502
17.625 0 1.25 0 0 0 0 1.19743 0.114173 1 41502
17.625 0 1.5 0 0 0 0 1.23207 0.114312 1 42002
17.625 0 1.75 0 0 0 0 1.26629 0.114637 1 42002
17.625 0 2 0 0 0 0 1.29774 0.114964 1 42502
17.625 0 2.25 0 0 0 0 1.32886 0.115293 1 42502
17.625 0 2.5 0 0 0 0 1.35665 0.115669 1 43002
17.625 0 2.75 0 0 0 0 1.38409 0.116196 1 43002
17.625 0 3 0 0 0 0 1.40706 0.116727 1 43502
17.625 0 3.25 0 0 0 0 1.42942 0.117264 1 43502
17.625 0 3.5 0 0 0 0 1.44611 0.117851 1 44002
17.625 0 3.75 0 0 0 0 1.46186 0.118541 1 44002
17.625 0 4 0 0 0 0 1.4731 0.119238 1 44502
17.625 0 4.25 0 0 0 0 1.48377 0.119944 1 44502
17.625 0 4.5 0 0 0 0 1.49272 0.120715 1 45002
17.625 0 4.75 0 0 0 0 1.50241 0.121574 1 45002
17.625 0 5 0 0 0 0 1.51403 0.122446 1 45502
17.625 0 5.25 0 0 0 0 1.52787 0.12333 1 45502
17.625 0 5.5 0 0 0 0 1.54661 0.124288 1 46002
17.625 0 5.75 0 0 0 0 1.5684 0.125319 1 46002
17.625 0 6 0 0 0 0 1.59707 0.126367 1 46502
17.625 0 6.25 0 0 0 0 1.62904 0.127433 1 46502
17.625 0 6.5 0 0 0 0 1.66844 0.128558 1 47002
17.625 0 6.75 0 0 0 0 1.71052 0.129731 1 47002
17.625 0 7 0 0 0 0 1.75606 0.130926 1 47502
17.625 0 7.25 0 0 0 0 1.80604 0.132143 1 47502
17.625 0 7.5 0 0 0 0 1.85798 0.133466 1 48002
17.625 0 7.75 0 0 0 0 1.91738 0.134851 1 48502
17.625 0 8 0 0 0 0 1.97947 0.136266 1 48502
17.625 0 8.25 0 0 0 0 2.04652 0.13771 1 49002
17.625 0 8.5 0 0 0 0 2.12041 0.13931 1 49502
17.625 0 8.75 0 0 0 0 2.1989 0.140979 1 49502
17.625 0 9 0 0 0 0 2.28558 0.142689 1 50002
17.625 0 9.25 0 0 0 0 2.38214 0.144441 1 50002
17.625 0 9.5 0 0 0 0 2.48363 0.146397 1 50502
17.625 0 9.75 0 0 0 0 2.60075 0.148429 1 51002
17.75 0 0 0 0 0 0 1.1109 0.114825 1 40502
17.75 0 0.25 0 0 0 0 1.15751 0.114754 1 40502
17.75 0 0.5 0 0 0 0 1.20294 0.114692 1 41002
17.75 0 0.75 0 0 0 0 1.24723 0.114798 1 41002
17.75 0 1 0 0 0 0 1.28431 0.114904 1 41502
17.75 0 1.25 0 0 0 0 1.32107 0.115011 1 41502
17.75 0 1.5 0 0 0 0 1.35571 0.115148 1 42002
17.75 0 1.75 0 0 0 0 1.39013 0.115469 1 42002
17.75 0 2 0 0 0 0 1.42158 0.115793 1 42502
17.75 0 2.25 0 0 0 0 1.45292 0.116118 1 42502
17.75 0 2.5 0 0 0 0 1.4807 0.116491 1 43002
17.75 0 2.75 0 0 0 0 1.5084 0.117013 1 43002
17.75 0 3 0 0 0 0 1.53136 0.11754 1 43502
17.75 0 3.25 0 0 0 0 1.55397 0.118072 1 43502
17.75 0 3.5 0 0 0 0 1.57067 0.118655 1 44002
17.75 0 3.75 0 0 0 0 1.58657 0.119338 1 44002
17.75 0 4 0 0 0 0 1.59781 0.12003 1 44502
17.75 0 4.25 0 0 0 0 1.60853 0.12073 1 44502
17.75 0 4.5 0 0 0 0 1.61748 0.121493 1 45002
17.75 0 4.75 0 0 0 0 1.6271 0.122343 1 45002
17.75 0 5 0 0 0 0 1.63873 0.123205 1 45502
17.75 0 5.25 0 0 0 0 1.65234 0.12408 1 45502
17.75 0 5.5 0 0 0 0 1.67107 0.125028 1 46002
17.75 0 5.75 0 0 0 0 1.69238 0.12605 1 46002
17.75 0 6 0 0 0 0 1.72105 0.127089 1 46502
17.75 0 6.25 0 0 0 0 1.75227 0.128145 1 46502
17.75 0 6.5 0 0 0 0 1.79167 0.129261 1 47002
17.75 0 6.75 0 0 0 0 1.83321 0.130423 1 47002
17.75 0 7 0 0 0 0 1.87875 0.131606 1 47502
17.75 0 7.25 0 0 0 0 1.92805 0.13281 1 47502
17.75 0 7.5 0 0 0 0 1.98025 0.134118 1 48002
17.75 0 7.75 0 0 0 0 2.03855 0.135487 1 48502
17.75 0 8 0 0 0 0 2.09962 0.136884 1 48502
17.75 0 8.25 0 0 0 0 2.16667 0.13831 1 49002
17.75 0 8.5 0 0 0 0 2.23931 0.139888 1 49002
17.75 0 8.75 0 0 0 0 2.31583 0.141534 1 49502
17.75 0 9 0 0 0 0 2.40252 0.14322 1 50002
17.75 0 9.25 0 0 0 0 2.49617 0.144946 1 50002
17.75 0 9.5 0 0 0 0 2.59706 0.146875 1 50502
17.75 0 9.75 0 0 0 0 2.7108 0.148877 1 50502
17.875 0 0 0 0 0 0 1.23352 0.11568 1 40502
17.875 0 0.25 0 0 0 0 1.28027 0.115609 1 40502
17.875 0 0.5 0 0 0 0 1.32571 0.115547 1 41002
17.875 0 0.75 0 0 0 0 1.37069 0.115651 1 41002
17.875 0 1 0 0 0 0 1.40777 0.115756 1 41502
17.875 0 1.25 0 0 0 0 1.4447 0.115861 1 41502
17.875 0 1.5 0 0 0 0 1.47934 0.115996 1 42002
17.875 0 1.75 0 0 0 0 1.51398 0.116314 1 42002
17.875 0 2 0 0 0 0 1.54542 0.116634 1 42002
17.875 0 2.25 0 0 0 0 1.57687 0.116956 1 42502
17.875 0 2.5 0 0 0 0 1.60476 0.117324 1 42502
17.875 0 2.75 0 0 0 0 1.63255 0.117842 1 43002
17.875 0 3 0 0 0 0 1.65567 0.118364 1 43002
17.875 0 3.25 0 0 0 0 1.67853 0.118891 1 43502
17.875 0 3.5 0 0 0 0 1.69522 0.119469 1 44002
17.875 0 3.75 0 0 0 0 1.71128 0.120147 1 44002
17.875 0 4 0 0 0 0 1.72252 0.120832 1 44502
17.875 0 4.25 0 0 0 0 1.73328 0.121525 1 44502
17.875 0 4.5 0 0 0 0 1.74223 0.122281 1 45002
17.875 0 4.75 0 0 0 0 1.7518 0.123122 1 45002
17.875 0 5 0 0 0 0 1.76342 0.123974 1 45502
17.875 0 5.25 0 0 0 0 1.7768 0.124838 1 45502
17.875 0 5.5 0 0 0 0 1.79554 0.125777 1 46002
17.875 0 5.75 0 0 0 0 1.81636 0.12679 1 46002
17.875 0 6 0 0 0 0 1.84503 0.12782 1 46502
17.875 0 6.25 0 0 0 0 1.8755 0.128866 1 46502
17.875 0 6.5 0 0 0 0 1.9149 0.129971 1 47002
17.875 0 6.75 0 0 0 0 1.9559 0.131121 1 47002
17.875 0 7 0 0 0 0 2.00144 0.132292 1 47502
17.875 0 7.25 0 0 0 0 2.05007 0.133485 1 47502
17.875 0 7.5 0 0 0 0 2.10227 0.134777 1 48002
17.875 0 7.75 0 0 0 0 2.15973 0.136129 1 48002
17.875 0 8 0 0 0 0 2.21977 0.137508 1 48502
17.875 0 8.25 0 0 0 0 2.28682 0.138915 1 49002
17.875 0 8.5 0 0 0 0 2.35821 0.140471 1 49002
17.875 0 8.75 0 0 0 0 2.43276 0.142094 1 49502
17.875 0 9 0 0 0 0 2.51945 0.143755 1 50002
17.875 0 9.25 0 0 0 0 2.6102 0.145455 1 50002
17.875 0 9.5 0 0 0 0 2.71108 0.147356 1 50502
17.875 0 9.75 0 0 0 0 2.82085 0.149327 1 50502
18 0 0 0 0 0 0 1.35615 0.116516 1 40502
18 0 0.25 0 0 0 0 1.40304 0.116445 1 40502
18 0 0.5 0 0 0 0 1.44848 0.116383 1 40502
18 0 0.75 0 0 0 0 1.49391 0.116486 1 41002
18 0 1 0 0 0 0 1.53123 0.116589 1 41502
18 0 1.25 0 0 0 0 1.56832 0.116692 1 41502
18 0 1.5 0 0 0 0 1.60298 0.116825 1 41502
18 0 1.75 0 0 0 0 1.63762 0.11714 1 42002
18 0 2 0 0 0 0 1.66926 0.117457 1 42002
18 0 2.25 0 0 0 0 1.70071 0.117775 1 42502
18 0 2.5 0 0 0 0 1.72882 0.11814 1 42502
18 0 2.75 0 0 0 0 1.75661 0.118654 1 43002
18 0 3 0 0 0 0 1.77997 0.119172 1 43002
18 0 3.25 0 0 0 0 1.80294 0.119695 1 43502
18 0 3.5 0 0 0 0 1.81978 0.120267 1 44002
18 0 3.75 0 0 0 0 1.83599 0.12094 1 44002
18 0 4 0 0 0 0 1.84723 0.12162 1 44502
18 0 4.25 0 0 0 0 1.85803 0.122308 1 44502
18 0 4.5 0 0 0 0 1.86698 0.123056 1 45002
18 0 4.75 0 0 0 0 1.87649 0.123888 1 45002
18 0 5 0 0 0 0 1.88811 0.124731 1 45502
18 0 5.25 0 0 0 0 1.90127 0.125586 1 45502
18 0 5.5 0 0 0 0 1.92 0.126516 1 46002
18 0 5.75 0 0 0 0 1.94034 0.127521 1 46002
18 0 6 0 0 0 0 1.96901 0.128542 1 46502
18 0 6.25 0 0 0 0 1.99873 0.129579 1 46502
18 0 6.5 0 0 0 0 2.03813 0.130674 1 47002
18 0 6.75 0 0 0 0 2.0786 0.131814 1 47002
18 0 7 0 0 0 0 2.12413 0.132975 1 47502
18 0 7.25 0 0 0 0 2.17209 0.134155 1 47502
18 0 7.5 0 0 0 0 2.22428 0.135434 1 48002
18 0 7.75 0 0 0 0 2.2809 0.13677 1 48002
18 0 8 0 0 0 0 2.33991 0.138132 1 48502
18 0 8.25 0 0 0 0 2.40697 0.139522 1 49002
18 0 8.5 0 0 0 0 2.47711 0.141059 1 49002
18 0 8.75 0 0 0 0 2.55246 0.14266 1 49502
18 0 9 0 0 0 0 2.63638 0.144298 1 49502
18 0 9.25 0 0 0 0 2.72423 0.145975 1 50002
18 0 9.5 0 0 0 0 2.82511 0.14785 1 50502
18 0 9.75 0 0 0 0 2.9309 0.149793 1 50502
18.125 0 0 0 0 0 0 1.47877 0.117324 1 40502
18.125 0 0.25 0 0 0 0 1.52576 0.117253 1 40502
18.125 0 0.5 0 0 0 0 1.57124 0.117191 1 40502
18.125 0 0.75 0 0 0 0 1.61668 0.117292 1 41002
18.125 0 1 0 0 0 0 1.6547 0.117394 1 41002
18.125 0 1.25 0 0 0 0 1.69178 0.117496 1 41502
18.125 0 1.5 0 0 0 0 1.72661 0.117627 1 41502
18.125 0 1.75 0 0 0 0 1.76125 0.11794 1 42002
18.125 0 2 0 0 0 0 1.79311 0.118253 1 42002
18.125 0 2.25 0 0 0 0 1.82455 0.118569 1 42502
18.125 0 2.5 0 0 0 0 1.85288 0.118931 1 42502
18.125 0 2.75 0 0 0 0 1.88067 0.119441 1 43002
18.125 0 3 0 0 0 0 1.90428 0.119955 1 43002
18.125 0 3.25 0 0 0 0 1.92724 0.120474 1 43502
18.125 0 3.5 0 0 0 0 1.94433 0.121043 1 44002
18.125 0 3.75 0 0 0 0 1.9607 0.121711 1 44002
18.125 0 4 0 0 0 0 1.97194 0.122386 1 44502
18.125 0 4.25 0 0 0 0 1.98278 0.123069 1 44502
18.125 0 4.5 0 0 0 0 1.99174 0.123812 1 45002
18.125 0 4.75 0 0 0 0 2.00118 0.124637 1 45002
18.125 0 5 0 0 0 0 2.0128 0.125472 1 45502
18.125 0 5.25 0 0 0 0 2.02573 0.126319 1 45502
18.125 0 5.5 0 0 0 0 2.04447 0.127241 1 46002
18.125 0 5.75 0 0 0 0 2.06432 0.128238 1 46002
18.125 0 6 0 0 0 0 2.09298 0.129251 1 46502
18.125 0 6.25 0 0 0 0 2.12196 0.13028 1 46502
18.125 0 6.5 0 0 0 0 2.16136 0.131366 1 47002
18.125 0 6.75 0 0 0 0 2.20129 0.132498 1 47002
18.125 0 7 0 0 0 0 2.24682 0.133649 1 47502
18.125 0 7.25 0 0 0 0 2.2941 0.13482 1 47502
18.125 0 7.5 0 0 0 0 2.3463 0.136087 1 48002
18.125 0 7.75 0 0 0 0 2.40208 0.137409 1 48002
18.125 0 8 0 0 0 0 2.46147 0.138756 1 48502
18.125 0 8.25 0 0 0 0 2.52712 0.140131 1 49002
18.125 0 8.5 0 0 0 0 2.596 0.14165 1 49002
18.125 0 8.75 0 0 0 0 2.67136 0.143234 1 49502
18.125 0 9 0 0 0 0 2.75331 0.144852 1 49502
18.125 0 9.25 0 0 0 0 2.83825 0.146508 1 50002
18.125 0 9.5 0 0 0 0 2.93914 0.14836 1 50502
18.125 0 9.75 0 0 0 0 3.04096 0.150278 1 50502
18.25 0 0 0 0 0 0 1.60139 0.118143 1 40002
18.25 0 0.25 0 0 0 0 1.64838 0.118072 1 40502
18.25 0 0.5 0 0 0 0 1.69401 0.11801 1 40502
18.25 0 0.75 0 0 0 0 1.73945 0.11811 1 41002
18.25 0 1 0 0 0 0 1.77816 0.11821 1 41002
18.25 0 1.25 0 0 0 0 1.81524 0.118311 1 41502
18.25 0 1.5 0 0 0 0 1.85024 0.118441 1 41502
18.25 0 1.75 0 0 0 0 1.88488 0.11875 1 42002
18.25 0 2 0 0 0 0 1.91695 0.119061 1 42002
18.25 0 2.25 0 0 0 0 1.9484 0.119373 1 42502
18.25 0 2.5 0 0 0 0 1.97694 0.119732 1 42502
18.25 0 2.75 0 0 0 0 2.00472 0.120238 1 43002
18.25 0 3 0 0 0 0 2.02858 0.120749 1 43002
18.25 0 3.25 0 0 0 0 2.05155 0.121263 1 43502
18.25 0 3.5 0 0 0 0 2.06889 0.121828 1 43502
18.25 0 3.75 0 0 0 0 2.08541 0.122492 1 44002
18.25 0 4 0 0 0 0 2.09665 0.123162 1 44502
18.25 0 4.25 0 0 0 0 2.10754 0.12384 1 44502
18.25 0 4.5 0 0 0 0 2.11649 0.124577 1 45002
18.25 0 4.75 0 0 0 0 2.12587 0.125394 1 45002
18.25 0 5 0 0 0 0 2.13749 0.126221 1 45502
18.25 0 5.25 0 0 0 0 2.15019 0.12706 1 45502
18.25 0 5.5 0 0 0 0 2.16893 0.127974 1 46002
18.25 0 5.75 0 0 0 0 2.1883 0.128963 1 46002
18.25 0 6 0 0 0 0 2.21696 0.129968 1 46502
18.25 0 6.25 0 0 0 0 2.24519 0.130989 1 46502
18.25 0 6.5 0 0 0 0 2.28459 0.132066 1 46502
18.25 0 6.75 0 0 0 0 2.32398 0.133189 1 47002
18.25 0 7 0 0 0 0 2.36951 0.134331 1 47502
18.25 0 7.25 0 0 0 0 2.41612 0.135492 1 47502
18.25 0 7.5 0 0 0 0 2.46832 0.136746 1 48002
18.25 0 7.75 0 0 0 0 2.52325 0.138053 1 48002
18.25 0 8 0 0 0 0 2.58264 0.139386 1 48502
18.25 0 8.25 0 0 0 0 2.64727 0.140745 1 48502
18.25 0 8.5 0 0 0 0 2.7149 0.142247 1 49002
18.25 0 8.75 0 0 0 0 2.79026 0.143812 1 49502
18.25 0 9 0 0 0 0 2.87024 0.145411 1 49502
18.25 0 9.25 0 0 0 0 2.92721 0.147046 1 6502
18.25 0 9.5 0 0 0 0 2.95116 0.148873 1 6502
18.25 0 9.75 0 0 0 0 2.97487 0.150767 1 6002
18.375 0 0 0 0 0 0 1.71749 0.118974 1 13502
18.375 0 0.25 0 0 0 0 1.72625 0.118903 1 13502
18.375 0 0.5 0 0 0 0 1.73531 0.118841 1 13002
18.375 0 0.75 0 0 0 0 1.7455 0.118939 1 13002
18.375 0 1 0 0 0 0 1.76386 0.119038 1 13002
18.375 0 1.25 0 0 0 0 1.78231 0.119137 1 12502
18.375 0 1.5 0 0 0 0 1.80129 0.119265 1 12502
18.375 0 1.75 0 0 0 0 1.82134 0.119572 1 12002
18.375 0 2 0 0 0 0 1.84127 0.119879 1 12002
18.375 0 2.25 0 0 0 0 1.86334 0.120189 1 12002
18.375 0 2.5 0 0 0 0 1.88653 0.120544 1 11502
18.375 0 2.75 0 0 0 0 1.90962 0.121046 1 11502
18.375 0 3 0 0 0 0 1.93534 0.121553 1 11502
18.375 0 3.25 0 0 0 0 1.96146 0.122063 1 11002
18.375 0 3.5 0 0 0 0 1.98772 0.122624 1 11002
18.375 0 3.75 0 0 0 0 2.01726 0.123282 1 11002
18.375 0 4 0 0 0 0 2.047 0.123948 1 10502
18.375 0 4.25 0 0 0 0 2.07736 0.124621 1 10502
18.375 0 4.5 0 0 0 0 2.11264 0.125352 1 10502
18.375 0 4.75 0 0 0 0 2.14813 0.126161 1 10002
18.375 0 5 0 0 0 0 2.1842 0.12698 1 10002
18.375 0 5.25 0 0 0 0 2.22426 0.12781 1 10002
18.375 0 5.5 0 0 0 0 2.26457 0.128716 1 9502
18.375 0 5.75 0 0 0 0 2.30535 0.129697 1 9502
18.375 0 6 0 0 0 0 2.34094 0.130693 1 46002
18.375 0 6.25 0 0 0 0 2.36961 0.131705 1 46502
18.375 0 6.5 0 0 0 0 2.40782 0.132774 1 46502
18.375 0 6.75 0 0 0 0 2.44722 0.133887 1 47002
18.375 0 7 0 0 0 0 2.4922 0.135019 1 47502
18.375 0 7.25 0 0 0 0 2.53814 0.13617 1 47502
18.375 0 7.5 0 0 0 0 2.59033 0.137411 1 48002
18.375 0 7.75 0 0 0 0 2.63452 0.138704 1 8002
18.375 0 8 0 0 0 0 2.66701 0.140022 1 7502
18.375 0 8.25 0 0 0 0 2.69838 0.141365 1 7502
18.375 0 8.5 0 0 0 0 2.72602 0.142849 1 7002
18.375 0 8.75 0 0 0 0 2.75357 0.144394 1 7002
18.375 0 9 0 0 0 0 2.7783 0.145973 1 7002
18.375 0 9.25 0 0 0 0 2.8031 0.147587 1 6502
18.375 0 9.5 0 0 0 0 2.82699 0.149391 1 6502
18.375 0 9.75 0 0 0 0 2.8507 0.151258 1 6002
18.5 0 0 0 0 0 0 1.59291 0.119816 1 13502
18.5 0 0.25 0 0 0 0 1.6017 0.119746 1 13502
18.5 0 0.5 0 0 0 0 1.61076 0.119683 1 13002
18.5 0 0.75 0 0 0 0 1.6212 0.11978 1 13002
18.5 0 1 0 0 0 0 1.63957 0.119878 1 13002
18.5 0 1.25 0 0 0 0 1.65801 0.119975 1 12502
18.5 0 1.5 0 0 0 0 1.67705 0.120102 1 12502
18.5 0 1.75 0 0 0 0 1.69709 0.120405 1 12002
18.5 0 2 0 0 0 0 1.71703 0.120709 1 12002
18.5 0 2.25 0 0 0 0 1.73922 0.121015 1 12002
18.5 0 2.5 0 0 0 0 1.76241 0.121367 1 11502
18.5 0 2.75 0 0 0 0 1.7855 0.121865 1 11502
18.5 0 3 0 0 0 0 1.81136 0.122367 1 11502
18.5 0 3.25 0 0 0 0 1.83747 0.122874 1 11002
18.5 0 3.5 0 0 0 0 1.86393 0.12343 1 11002
18.5 0 3.75 0 0 0 0 1.89348 0.124083 1 11002
18.5 0 4 0 0 0 0 1.9232 0.124744 1 10502
18.5 0 4.25 0 0 0 0 1.95394 0.125412 1 10502
18.5 0 4.5 0 0 0 0 1.98921 0.126136 1 10502
18.5 0 4.75 0 0 0 0 2.02469 0.126937 1 10002
18.5 0 5 0 0 0 0 2.06112 0.127747 1 10002
18.5 0 5.25 0 0 0 0 2.10118 0.128568 1 10002
18.5 0 5.5 0 0 0 0 2.14148 0.129466 1 9502
18.5 0 5.75 0 0 0 0 2.18254 0.130439 1 9502
18.5 0 6 0 0 0 0 2.226 0.131426 1 9502
18.5 0 6.25 0 0 0 0 2.26968 0.132429 1 9002
18.5 0 6.5 0 0 0 0 2.31283 0.133488 1 9002
18.5 0 6.75 0 0 0 0 2.35584 0.134592 1 8502
18.5 0 7 0 0 0 0 2.39868 0.135715 1 8502
18.5 0 7.25 0 0 0 0 2.43732 0.136856 1 8502
18.5 0 7.5 0 0 0 0 2.47584 0.138083 1 8002
18.5 0 7.75 0 0 0 0 2.51085 0.139361 1 8002
18.5 0 8 0 0 0 0 2.54334 0.140664 1 7502
18.5 0 8.25 0 0 0 0 2.57442 0.14199 1 7502
18.5 0 8.5 0 0 0 0 2.60206 0.143456 1 7002
18.5 0 8.75 0 0 0 0 2.62946 0.144982 1 7002
18.5 0 9 0 0 0 0 2.65425 0.14654 1 7002
18.5 0 9.25 0 0 0 0 2.67898 0.148133 1 6502
18.5 0 9.5 0 0 0 0 2.70283 0.149911 1 6502
18.5 0 9.75 0 0 0 0 2.72653 0.151753 1 6002
18.625 0 0 0 0 0 0 1.46833 0.120671 1 13502
18.625 0 0.25 0 0 0 0 1.47715 0.1206 1 13502
18.625 0 0.5 0 0 0 0 1.4862 0.120538 1 13002
18.625 0 0.75 0 0 0 0 1.4969 0.120633 1 13002
18.625 0 1 0 0 0 0 1.51527 0.120729 1 13002
18.625 0 1.25 0 0 0 0 1.53371 0.120825 1 12502
18.625 0 1.5 0 0 0 0 1.55281 0.12095 1 12502
18.625 0 1.75 0 0 0 0 1.57284 0.121249 1 12002
18.625 0 2 0 0 0 0 1.59278 0.121551 1 12002
18.625 0 2.25 0 0 0 0 1.61511 0.121853 1 12002
18.625 0 2.5 0 0 0 0 1.63829 0.122201 1 11502
18.625 0 2.75 0 0 0 0 1.66139 0.122695 1 11502
18.625 0 3 0 0 0 0 1.68738 0.123193 1 11502
18.625 0 3.25 0 0 0 0 1.71349 0.123695 1 11002
18.625 0 3.5 0 0 0 0 1.74014 0.124246 1 11002
18.625 0 3.75 0 0 0 0 1.76969 0.124895 1 11002
18.625 0 4 0 0 0 0 1.7994 0.125551 1 10502
18.625 0 4.25 0 0 0 0 1.83051 0.126213 1 10502
18.625 0 4.5 0 0 0 0 1.86578 0.126931 1 10502
18.625 0 4.75 0 0 0 0 1.90125 0.127722 1 10002
18.625 0 5 0 0 0 0 1.93804 0.128524 1 10002
18.625 0 5.25 0 0 0 0 1.9781 0.129336 1 10002
18.625 0 5.5 0 0 0 0 2.01839 0.130225 1 9502
18.625 0 5.75 0 0 0 0 2.05974 0.131189 1 9502
18.625 0 6 0 0 0 0 2.10319 0.132168 1 9502
18.625 0 6.25 0 0 0 0 2.14686 0.133161 1 9002
18.625 0 6.5 0 0 0 0 2.18996 0.134211 1 9002
18.625 0 6.75 0 0 0 0 2.23296 0.135305 1 8502
18.625 0 7 0 0 0 0 2.27566 0.136417 1 8502
18.625 0 7.25 0 0 0 0 2.31408 0.137548 1 8502
18.625 0 7.5 0 0 0 0 2.35259 0.138762 1 8002
18.625 0 7.75 0 0 0 0 2.38718 0.140025 1 8002
18.625 0 8 0 0 0 0 2.41967 0.141311 1 7502
18.625 0 8.25 0 0 0 0 2.45046 0.142621 1 7502
18.625 0 8.5 0 0 0 0 2.47809 0.144068 1 7002
18.625 0 8.75 0 0 0 0 2.50535 0.145574 1 7002
18.625 0 9 0 0 0 0 2.53014 0.147112 1 7002
18.625 0 9.25 0 0 0 0 2.55486 0.148682 1 6502
18.625 0 9.5 0 0 0 0 2.57866 0.150436 1 6502
18.625 0 9.75 0 0 0 0 2.60236 0.15225 1 6002
18.75 0 0 0 0 0 0 1.34375 0.121498 1 13502
18.75 0 0.25 0 0 0 0 1.35261 0.121427 1 13502
18.75 0 0.5 0 0 0 0 1.36165 0.121364 1 13002
18.75 0 0.75 0 0 0 0 1.37261 0.121459 1 13002
18.75 0 1 0 0 0 0 1.39097 0.121553 1 13002
18.75 0 1.25 0 0 0 0 1.40941 0.121648 1 12502
18.75 0 1.5 0 0 0 0 1.42857 0.121771 1 12502
18.75 0 1.75 0 0 0 0 1.44859 0.122067 1 12002
18.75 0 2 0 0 0 0 1.46853 0.122366 1 12002
18.75 0 2.25 0 0 0 0 1.491 0.122665 1 12002
18.75 0 2.5 0 0 0 0 1.51417 0.12301 1 11502
18.75 0 2.75 0 0 0 0 1.53742 0.1235 1 11502
18.75 0 3 0 0 0 0 1.56341 0.123994 1 11502
18.75 0 3.25 0 0 0 0 1.5895 0.124492 1 11002
18.75 0 3.5 0 0 0 0 1.61635 0.125039 1 11002
18.75 0 3.75 0 0 0 0 1.6459 0.125684 1 11002
18.75 0 4 0 0 0 0 1.67561 0.126335 1 10502
18.75 0 4.25 0 0 0 0 1.70708 0.126993 1 10502
18.75 0 4.5 0 0 0 0 1.74235 0.127704 1 10502
18.75 0 4.75 0 0 0 0 1.77781 0.128489 1 10002
18.75 0 5 0 0 0 0 1.81496 0.129283 1 10002
18.75 0 5.25 0 0 0 0 1.85503 0.130087 1 10002
18.75 0 5.5 0 0 0 0 1.8953 0.130968 1 9502
18.75 0 5.75 0 0 0 0 1.93693 0.131925 1 9502
18.75 0 6 0 0 0 0 1.98059 0.132895 1 9002
18.75 0 6.25 0 0 0 0 2.02405 0.13388 1 9002
18.75 0 6.5 0 0 0 0 2.06709 0.134921 1 9002
18.75 0 6.75 0 0 0 0 2.11008 0.136007 1 8502
18.75 0 7 0 0 0 0 2.15242 0.13711 1 8502
18.75 0 7.25 0 0 0 0 2.19083 0.138232 1 8502
18.75 0 7.5 0 0 0 0 2.22934 0.139434 1 8002
18.75 0 7.75 0 0 0 0 2.26351 0.140683 1 8002
18.75 0 8 0 0 0 0 2.296 0.141956 1 7502
18.75 0 8.25 0 0 0 0 2.3265 0.143251 1 7502
18.75 0 8.5 0 0 0 0 2.35413 0.144682 1 7002
18.75 0 8.75 0 0 0 0 2.38123 0.14617 1 7002
18.75 0 9 0 0 0 0 2.40602 0.147689 1 6502
18.75 0 9.25 0 0 0 0 2.43074 0.149239 1 6502
18.75 0 9.5 0 0 0 0 2.45449 0.150971 1 6502
18.75 0 9.75 0 0 0 0 2.47819 0.152761 1 6002
18.875 0 0 0 0 0 0 1.21918 0.122307 1 13502
18.875 0 0.25 0 0 0 0 1.22806 0.122237 1 13502
18.875 0 0.5 0 0 0 0 1.2371 0.122174 1 13002
18.875 0 0.75 0 0 0 0 1.24831 0.122267 1 13002
18.875 0 1 0 0 0 0 1.26668 0.12236 1 13002
18.875 0 1.25 0 0 0 0 1.2851 0.122453 1 12502
18.875 0 1.5 0 0 0 0 1.30433 0.122575 1 12502
18.875 0 1.75 0 0 0 0 1.32434 0.122869 1 12002
18.875 0 2 0 0 0 0 1.34428 0.123164 1 12002
18.875 0 2.25 0 0 0 0 1.36688 0.123461 1 12002
18.875 0 2.5 0 0 0 0 1.39005 0.123803 1 11502
18.875 0 2.75 0 0 0 0 1.41344 0.124289 1 11502
18.875 0 3 0 0 0 0 1.43943 0.12478 1 11502
18.875 0 3.25 0 0 0 0 1.46551 0.125274 1 11002
18.875 0 3.5 0 0 0 0 1.49256 0.125818 1 11002
18.875 0 3.75 0 0 0 0 1.52211 0.126458 1 11002
18.875 0 4 0 0 0 0 1.55181 0.127105 1 10502
18.875 0 4.25 0 0 0 0 1.58365 0.127759 1 10502
18.875 0 4.5 0 0 0 0 1.61893 0.128466 1 10502
18.875 0 4.75 0 0 0 0 1.65437 0.129244 1 10002
18.875 0 5 0 0 0 0 1.69189 0.130032 1 10002
18.875 0 5.25 0 0 0 0 1.73214 0.130829 1 10002
18.875 0 5.5 0 0 0 0 1.77221 0.131703 1 9502
18.875 0 5.75 0 0 0 0 1.81413 0.132652 1 9502
18.875 0 6 0 0 0 0 1.85777 0.133614 1 9002
18.875 0 6.25 0 0 0 0 1.90123 0.134591 1 9002
18.875 0 6.5 0 0 0 0 1.94422 0.135625 1 9002
18.875 0 6.75 0 0 0 0 1.9872 0.136703 1 8502
18.875 0 7 0 0 0 0 2.02918 0.137799 1 8502
18.875 0 7.25 0 0 0 0 2.06769 0.138912 1 8502
18.875 0 7.5 0 0 0 0 2.1061 0.140103 1 8002
18.875 0 7.75 0 0 0 0 2.13984 0.14134 1 8002
18.875 0 8 0 0 0 0 2.17233 0.1426 1 7502
18.875 0 8.25 0 0 0 0 2.20253 0.143882 1 7502
18.875 0 8.5 0 0 0 0 2.23016 0.145297 1 7002
18.875 0 8.75 0 0 0 0 2.25712 0.146769 1 7002
18.875 0 9 0 0 0 0 2.2819 0.148271 1 6502
18.875 0 9.25 0 0 0 0 2.30665 0.149803 1 6502
18.875 0 9.5 0 0 0 0 2.33032 0.151514 1 6502
18.875 0 9.75 0 0 0 0 2.35402 0.153283 1 6002
19 0 0 0 0 0 0 1.0946 0.123127 1 13502
19 0 0.25 0 0 0 0 1.10351 0.123057 1 13502
19 0 0.5 0 0 0 0 1.11255 0.122994 1 13002
19 0 0.75 0 0 0 0 1.12402 0.123086 1 13002
19 0 1 0 0 0 0 1.14238 0.123178 1 13002
19 0 1.25 0 0 0 0 1.1608 0.12327 1 12502
19 0 1.5 0 0 0 0 1.18008 0.12339 1 12502
19 0 1.75 0 0 0 0 1.20009 0.123681 1 12002
19 0 2 0 0 0 0 1.22003 0.123973 1 12002
19 0 2.25 0 0 0 0 1.24277 0.124267 1 12002
19 0 2.5 0 0 0 0 1.26593 0.124606 1 11502
19 0 2.75 0 0 0 0 1.28946 0.125089 1 11502
19 0 3 0 0 0 0 1.31545 0.125576 1 11502
19 0 3.25 0 0 0 0 1.34153 0.126066 1 11002
19 0 3.5 0 0 0 0 1.36878 0.126606 1 11002
19 0 3.75 0 0 0 0 1.39832 0.127242 1 11002
19 0 4 0 0 0 0 1.42801 0.127886 1 10502
19 0 4.25 0 0 0 0 1.46023 0.128535 1 10502
19 0 4.5 0 0 0 0 1.49566 0.129237 1 10502
19 0 4.75 0 0 0 0 1.53093 0.130008 1 10002
19 0 5 0 0 0 0 1.56881 0.130789 1 10002
19 0 5.25 0 0 0 0 1.60905 0.131579 1 9502
19 0 5.5 0 0 0 0 1.64912 0.132445 1 9502
19 0 5.75 0 0 0 0 1.69132 0.133387 1 9502
19 0 6 0 0 0 0 1.73495 0.134341 1 9002
19 0 6.25 0 0 0 0 1.77841 0.13531 1 9002
19 0 6.5 0 0 0 0 1.82135 0.136336 1 9002
19 0 6.75 0 0 0 0 1.86432 0.137406 1 8502
19 0 7 0 0 0 0 1.90594 0.138494 1 8502
19 0 7.25 0 0 0 0 1.94444 0.139598 1 8002
19 0 7.5 0 0 0 0 1.98285 0.140778 1 8002
19 0 7.75 0 0 0 0 2.01617 0.142004 1 8002
19 0 8 0 0 0 0 2.04866 0.14325 1 7502
19 0 8.25 0 0 0 0 2.07857 0.144519 1 7502
19 0 8.5 0 0 0 0 2.1062 0.145918 1 7002
19 0 8.75 0 0 0 0 2.13301 0.147373 1 7002
19 0 9 0 0 0 0 2.15779 0.148857 1 6502
19 0 9.25 0 0 0 0 2.18249 0.150372 1 6502
19 0 9.5 0 0 0 0 2.20618 0.152061 1 6502
19 0 9.75 0 0 0 0 2.22985 0.153808 1 6002
19.125 0 0 0 0 0 0 0.970021 0.123959 1 13502
19.125 0 0.25 0 0 0 0 0.978966 0.123888 1 13502
19.125 0 0.5 0 0 0 0 0.987995 0.123826 1 13002
19.125 0 0.75 0 0 0 0 0.999719 0.123916 1 13002
19.125 0 1 0 0 0 0 1.01808 0.124006 1 13002
19.125 0 1.25 0 0 0 0 1.0365 0.124097 1 12502
19.125 0 1.5 0 0 0 0 1.05584 0.124215 1 12502
19.125 0 1.75 0 0 0 0 1.07585 0.124504 1 12002
19.125 0 2 0 0 0 0 1.09578 0.124793 1 12002
19.125 0 2.25 0 0 0 0 1.11865 0.125084 1 12002
19.125 0 2.5 0 0 0 0 1.14181 0.125419 1 11502
19.125 0 2.75 0 0 0 0 1.16548 0.125899 1 11502
19.125 0 3 0 0 0 0 1.19147 0.126382 1 11502
19.125 0 3.25 0 0 0 0 1.21754 0.126868 1 11002
19.125 0 3.5 0 0 0 0 1.24499 0.127404 1 11002
19.125 0 3.75 0 0 0 0 1.27454 0.128036 1 11002
19.125 0 4 0 0 0 0 1.30421 0.128675 1 10502
19.125 0 4.25 0 0 0 0 1.3368 0.129321 1 10502
19.125 0 4.5 0 0 0 0 1.37222 0.130016 1 10002
19.125 0 4.75 0 0 0 0 1.40749 0.130781 1 10002
19.125 0 5 0 0 0 0 1.44573 0.131555 1 10002
19.125 0 5.25 0 0 0 0 1.48596 0.132337 1 9502
19.125 0 5.5 0 0 0 0 1.52603 0.133196 1 9502
19.125 0 5.75 0 0 0 0 1.56852 0.13413 1 9502
19.125 0 6 0 0 0 0 1.61214 0.135076 1 9002
19.125 0 6.25 0 0 0 0 1.6556 0.136037 1 9002
19.125 0 6.5 0 0 0 0 1.69848 0.137055 1 9002
19.125 0 6.75 0 0 0 0 1.74145 0.138117 1 8502
19.125 0 7 0 0 0 0 1.7827 0.139196 1 8502
19.125 0 7.25 0 0 0 0 1.82119 0.140292 1 8002
19.125 0 7.5 0 0 0 0 1.8596 0.141461 1 8002
19.125 0 7.75 0 0 0 0 1.8925 0.142673 1 8002
19.125 0 8 0 0 0 0 1.92498 0.143907 1 7502
19.125 0 8.25 0 0 0 0 1.95461 0.145161 1 7502
19.125 0 8.5 0 0 0 0 1.98223 0.146545 1 7002
19.125 0 8.75 0 0 0 0 2.00889 0.147983 1 7002
19.125 0 9 0 0 0 0 2.03367 0.149449 1 6502
19.125 0 9.25 0 0 0 0 2.05832 0.150944 1 6502
19.125 0 9.5 0 0 0 0 2.08201 0.152613 1 6502
19.125 0 9.75 0 0 0 0 2.10569 0.154337 1 6002
19.25 0 0 0 0 0 0 0.845443 0.124802 1 13502
19.25 0 0.25 0 0 0 0 0.854419 0.124731 1 13502
19.25 0 0.5 0 0 0 0 0.863443 0.124668 1 13002
19.25 0 0.75 0 0 0 0 0.875422 0.124757 1 13002
19.25 0 1 0 0 0 0 0.893787 0.124846 1 13002
19.25 0 1.25 0 0 0 0 0.912198 0.124935 1 12502
19.25 0 1.5 0 0 0 0 0.9316 0.125052 1 12502
19.25 0 1.75 0 0 0 0 0.951596 0.125337 1 12002
19.25 0 2 0 0 0 0 0.971531 0.125624 1 12002
19.25 0 2.25 0 0 0 0 0.994541 0.125912 1 12002
19.25 0 2.5 0 0 0 0 1.01769 0.126244 1 11502
19.25 0 2.75 0 0 0 0 1.04151 0.126719 1 11502
19.25 0 3 0 0 0 0 1.06749 0.127198 1 11502
19.25 0 3.25 0 0 0 0 1.09356 0.127681 1 11002
19.25 0 3.5 0 0 0 0 1.1212 0.128212 1 11002
19.25 0 3.75 0 0 0 0 1.15086 0.12884 1 10502
19.25 0 4 0 0 0 0 1.18041 0.129475 1 10502
19.25 0 4.25 0 0 0 0 1.21337 0.130116 1 10502
19.25 0 4.5 0 0 0 0 1.24878 0.130806 1 10002
19.25 0 4.75 0 0 0 0 1.28405 0.131563 1 10002
19.25 0 5 0 0 0 0 1.32266 0.13233 1 10002
19.25 0 5.25 0 0 0 0 1.36287 0.133105 1 9502
19.25 0 5.5 0 0 0 0 1.40294 0.133956 1 9502
19.25 0 5.75 0 0 0 0 1.44571 0.134881 1 9502
19.25 0 6 0 0 0 0 1.48932 0.13582 1 9002
19.25 0 6.25 0 0 0 0 1.53276 0.136771 1 9002
19.25 0 6.5 0 0 0 0 1.57561 0.137781 1 9002
19.25 0 6.75 0 0 0 0 1.61857 0.138835 1 8502
19.25 0 7 0 0 0 0 1.65946 0.139905 1 8502
19.25 0 7.25 0 0 0 0 1.69795 0.140992 1 8002
19.25 0 7.5 0 0 0 0 1.73638 0.142149 1 8002
19.25 0 7.75 0 0 0 0 1.76883 0.143349 1 8002
19.25 0 8 0 0 0 0 1.80131 0.144569 1 7502
19.25 0 8.25 0 0 0 0 1.83065 0.14581 1 7502
19.25 0 8.5 0 0 0 0 1.85827 0.147177 1 7002
19.25 0 8.75 0 0 0 0 1.88478 0.148597 1 7002
19.25 0 9 0 0 0 0 1.90955 0.150045 1 6502
19.25 0 9.25 0 0 0 0 1.93415 0.151521 1 6502
19.25 0 9.5 0 0 0 0 1.95785 0.153168 1 6002
19.25 0 9.75 0 0 0 0 1.98154 0.154869 1 6002
19.375 0 0 0 0 0 0 0.720866 0.125656 1 13502
19.375 0 0.25 0 0 0 0 0.729872 0.125585 1 13502
19.375 0 0.5 0 0 0 0 0.738891 0.125523 1 13002
19.375 0 0.75 0 0 0 0 0.751126 0.12561 1 13002
19.375 0 1 0 0 0 0 0.769531 0.125698 1 13002
19.375 0 1.25 0 0 0 0 0.787896 0.125785 1 12502
19.375 0 1.5 0 0 0 0 0.807358 0.1259 1 12502
19.375 0 1.75 0 0 0 0 0.827347 0.126182 1 12002
19.375 0 2 0 0 0 0 0.847336 0.126466 1 12002
19.375 0 2.25 0 0 0 0 0.870427 0.12675 1 12002
19.375 0 2.5 0 0 0 0 0.893573 0.127079 1 11502
19.375 0 2.75 0 0 0 0 0.917527 0.12755 1 11502
19.375 0 3 0 0 0 0 0.943516 0.128025 1 11502
19.375 0 3.25 0 0 0 0 0.969572 0.128504 1 11002
19.375 0 3.5 0 0 0 0 0.997412 0.129031 1 11002
19.375 0 3.75 0 0 0 0 1.02706 0.129654 1 10502
19.375 0 4 0 0 0 0 1.05661 0.130284 1 10502
19.375 0 4.25 0 0 0 0 1.08994 0.13092 1 10502
19.375 0 4.5 0 0 0 0 1.12534 0.131605 1 10002
19.375 0 4.75 0 0 0 0 1.16062 0.132355 1 10002
19.375 0 5 0 0 0 0 1.19958 0.133114 1 10002
19.375 0 5.25 0 0 0 0 1.23978 0.133881 1 9502
19.375 0 5.5 0 0 0 0 1.27985 0.134724 1 9502
19.375 0 5.75 0 0 0 0 1.32291 0.135641 1 9502
19.375 0 6 0 0 0 0 1.36651 0.136571 1 9002
19.375 0 6.25 0 0 0 0 1.40989 0.137513 1 9002
19.375 0 6.5 0 0 0 0 1.45274 0.138515 1 9002
19.375 0 6.75 0 0 0 0 1.49569 0.13956 1 8502
19.375 0 7 0 0 0 0 1.53622 0.140622 1 8502
19.375 0 7.25 0 0 0 0 1.5747 0.141699 1 8002
19.375 0 7.5 0 0 0 0 1.61271 0.142845 1 8002
19.375 0 7.75 0 0 0 0 1.64516 0.144031 1 8002
19.375 0 8 0 0 0 0 1.67764 0.145237 1 7502
19.375 0 8.25 0 0 0 0 1.70668 0.146463 1 7502
19.375 0 8.5 0 0 0 0 1.7343 0.147814 1 7002
19.375 0 8.75 0 0 0 0 1.76066 0.149216 1 7002
19.375 0 9 0 0 0 0 1.78544 0.150646 1 6502
19.375 0 9.25 0 0 0 0 1.80998 0.152103 1 6502
19.375 0 9.5 0 0 0 0 1.83368 0.153727 1 6002
19.375 0 9.75 0 0 0 0 1.85734 0.155405 1 6002
19.5 0 0 0 0 0 0 0.596343 0.126474 1 13502
19.5 0 0.25 0 0 0 0 0.605325 0.126403 1 13502
19.5 0 0.5 0 0 0 0 0.614339 0.12634 1 13002
19.5 0 0.75 0 0 0 0 0.626829 0.126427 1 13002
19.5 0 1 0 0 0 0 0.645229 0.126513 1 12502
19.5 0 1.25 0 0 0 0 0.663594 0.126599 1 12502
19.5 0 1.5 0 0 0 0 0.683116 0.126713 1 12502
19.5 0 1.75 0 0 0 0 0.703098 0.126992 1 12002
19.5 0 2 0 0 0 0 0.723222 0.127273 1 12002
19.5 0 2.25 0 0 0 0 0.746314 0.127554 1 12002
19.5 0 2.5 0 0 0 0 0.769453 0.12788 1 11502
19.5 0 2.75 0 0 0 0 0.793549 0.128348 1 11502
19.5 0 3 0 0 0 0 0.819538 0.128819 1 11502
19.5 0 3.25 0 0 0 0 0.845587 0.129294 1 11002
19.5 0 3.5 0 0 0 0 0.873624 0.129817 1 11002
19.5 0 3.75 0 0 0 0 0.903263 0.130438 1 10502
19.5 0 4 0 0 0 0 0.932814 0.131064 1 10502
19.5 0 4.25 0 0 0 0 0.966517 0.131696 1 10502
19.5 0 4.5 0 0 0 0 1.0019 0.132376 1 10002
19.5 0 4.75 0 0 0 0 1.03718 0.13312 1 10002
19.5 0 5 0 0 0 0 1.0765 0.133873 1 10002
19.5 0 5.25 0 0 0 0 1.11669 0.134634 1 9502
19.5 0 5.5 0 0 0 0 1.15676 0.13547 1 9502
19.5 0 5.75 0 0 0 0 1.2001 0.13638 1 9502
19.5 0 6 0 0 0 0 1.24369 0.137302 1 9002
19.5 0 6.25 0 0 0 0 1.28702 0.138237 1 9002
19.5 0 6.5 0 0 0 0 1.32987 0.13923 1 9002
19.5 0 6.75 0 0 0 0 1.37281 0.140269 1 8502
19.5 0 7 0 0 0 0 1.41297 0.141323 1 8502
19.5 0 7.25 0 0 0 0 1.45145 0.142393 1 8002
19.5 0 7.5 0 0 0 0 1.48904 0.143529 1 8002
19.5 0 7.75 0 0 0 0 1.52151 0.144704 1 8002
19.5 0 8 0 0 0 0 1.55397 0.145898 1 7502
19.5 0 8.25 0 0 0 0 1.58272 0.147112 1 7502
19.5 0 8.5 0 0 0 0 1.61034 0.148448 1 7002
19.5 0 8.75 0 0 0 0 1.63655 0.149835 1 7002
19.5 0 9 0 0 0 0 1.66132 0.151248 1 6502
19.5 0 9.25 0 0 0 0 1.68582 0.152688 1 6502
19.5 0 9.5 0 0 0 0 1.70951 0.154294 1 6002
19.5 0 9.75 0 0 0 0 1.73314 0.155951 1 6002
19.625 0 0 0 0 0 0 0.471796 0.127284 1 13502
19.625 0 0.25 0 0 0 0 0.480778 0.127213 1 13502
19.625 0 0.5 0 0 0 0 0.489787 0.12715 1 13002
19.625 0 0.75 0 0 0 0 0.502533 0.127235 1 13002
19.625 0 1 0 0 0 0 0.520927 0.127321 1 12502
19.625 0 1.25 0 0 0 0 0.539292 0.127406 1 12502
19.625 0 1.5 0 0 0 0 0.558873 0.127518 1 12502
19.625 0 1.75 0 0 0 0 0.578849 0.127795 1 12002
19.625 0 2 0 0 0 0 0.599108 0.128073 1 12002
19.625 0 2.25 0 0 0 0 0.6222 0.128352 1 12002
19.625 0 2.5 0 0 0 0 0.645333 0.128675 1 11502
19.625 0 2.75 0 0 0 0 0.669571 0.129139 1 11502
19.625 0 3 0 0 0 0 0.695611 0.129607 1 11002
19.625 0 3.25 0 0 0 0 0.721601 0.130078 1 11002
19.625 0 3.5 0 0 0 0 0.749836 0.130598 1 11002
19.625 0 3.75 0 0 0 0 0.779465 0.131214 1 10502
19.625 0 4 0 0 0 0 0.809016 0.131837 1 10502
19.625 0 4.25 0 0 0 0 0.84309 0.132466 1 10502
19.625 0 4.5 0 0 0 0 0.878462 0.133141 1 10002
19.625 0 4.75 0 0 0 0 0.913736 0.13388 1 10002
19.625 0 5 0 0 0 0 0.953424 0.134627 1 10002
19.625 0 5.25 0 0 0 0 0.993601 0.135382 1 9502
19.625 0 5.5 0 0 0 0 1.03384 0.136212 1 9502
19.625 0 5.75 0 0 0 0 1.0773 0.137115 1 9502
19.625 0 6 0 0 0 0 1.12087 0.13803 1 9002
19.625 0 6.25 0 0 0 0 1.16415 0.138957 1 9002
19.625 0 6.5 0 0 0 0 1.20708 0.139944 1 9002
19.625 0 6.75 0 0 0 0 1.24993 0.140976 1 8502
19.625 0 7 0 0 0 0 1.28973 0.142023 1 8502
19.625 0 7.25 0 0 0 0 1.32821 0.143085 1 8002
19.625 0 7.5 0 0 0 0 1.36537 0.144212 1 8002
19.625 0 7.75 0 0 0 0 1.39784 0.145376 1 7502
19.625 0 8 0 0 0 0 1.4303 0.14656 1 7502
19.625 0 8.25 0 0 0 0 1.45876 0.147762 1 7502
19.625 0 8.5 0 0 0 0 1.48637 0.149085 1 7002
19.625 0 8.75 0 0 0 0 1.51244 0.150456 1 7002
19.625 0 9 0 0 0 0 1.5372 0.151854 1 6502
19.625 0 9.25 0 0 0 0 1.56165 0.153277 1 6502
19.625 0 9.5 0 0 0 0 1.58534 0.154865 1 6002
19.625 0 9.75 0 0 0 0 1.60894 0.156503 1 6002
19.75 0 0 0 0 0 0 0.347249 0.128104 1 13502
19.75 0 0.25 0 0 0 0 0.356231 0.128034 1 13502
19.75 0 0.5 0 0 0 0 0.365235 0.127971 1 13002
19.75 0 0.75 0 0 0 0 0.378236 0.128055 1 13002
19.75 0 1 0 0 0 0 0.396625 0.128139 1 12502
19.75 0 1.25 0 0 0 0 0.41499 0.128223 1 12502
19.75 0 1.5 0 0 0 0 0.434631 0.128333 1 12502
19.75 0 1.75 0 0 0 0 0.4546 0.128607 1 12002
19.75 0 2 0 0 0 0 0.474995 0.128883 1 12002
19.75 0 2.25 0 0 0 0 0.498087 0.129159 1 12002
19.75 0 2.5 0 0 0 0 0.521213 0.129479 1 11502
19.75 0 2.75 0 0 0 0 0.545593 0.12994 1 11502
19.75 0 3 0 0 0 0 0.571625 0.130404 1 11002
19.75 0 3.25 0 0 0 0 0.597616 0.130871 1 11002
19.75 0 3.5 0 0 0 0 0.626048 0.131387 1 11002
19.75 0 3.75 0 0 0 0 0.655666 0.132001 1 10502
19.75 0 4 0 0 0 0 0.685217 0.13262 1 10502
19.75 0 4.25 0 0 0 0 0.719662 0.133245 1 10502
19.75 0 4.5 0 0 0 0 0.755022 0.133915 1 10002
19.75 0 4.75 0 0 0 0 0.790296 0.134648 1 10002
19.75 0 5 0 0 0 0 0.830346 0.135389 1 10002
19.75 0 5.25 0 0 0 0 0.870511 0.136139 1 9502
19.75 0 5.5 0 0 0 0 0.911039 0.136962 1 9502
19.75 0 5.75 0 0 0 0 0.954494 0.137858 1 9502
19.75 0 6 0 0 0 0 0.998056 0.138765 1 9002
19.75 0 6.25 0 0 0 0 1.04128 0.139685 1 9002
19.75 0 6.5 0 0 0 0 1.08421 0.140665 1 8502
19.75 0 6.75 0 0 0 0 1.12705 0.141689 1 8502
19.75 0 7 0 0 0 0 1.16649 0.142729 1 8502
19.75 0 7.25 0 0 0 0 1.20496 0.143784 1 8002
19.75 0 7.5 0 0 0 0 1.2417 0.144901 1 8002
19.75 0 7.75 0 0 0 0 1.27417 0.146055 1 7502
19.75 0 8 0 0 0 0 1.30663 0.147227 1 7502
19.75 0 8.25 0 0 0 0 1.33479 0.148419 1 7502
19.75 0 8.5 0 0 0 0 1.36241 0.149727 1 7002
19.75 0 8.75 0 0 0 0 1.38832 0.151083 1 7002
19.75 0 9 0 0 0 0 1.41308 0.152464 1 6502
19.75 0 9.25 0 0 0 0 1.43748 0.153871 1 6502
19.75 0 9.5 0 0 0 0 1.46117 0.15544 1 6002
19.75 0 9.75 0 0 0 0 1.48474 0.157059 1 6002
19.875 0 0 -0.000661243 -2.33978e-06 -0.0183431 0.018355 0.222702 0.128936 1 13502
19.875 0 0.25 -0.00043359 -1.53424e-06 -0.012028 0.0120358 0.231684 0.128865 1 13502
19.875 0 0.5 -0.00048759 -4.11674e-06 -0.00660465 0.00662262 0.240683 0.128802 1 13002
19.875 0 0.75 -3.29619e-05 -2.78299e-07 -0.000446486 0.000447701 0.253939 0.128885 1 13002
19.875 0 1 0 0 0 0 0.272323 0.128967 1 12502
19.875 0 1.25 0 0 0 0 0.290688 0.12905 1 12502
19.875 0 1.5 0 0 0 0 0.310389 0.129159 1 12502
19.875 0 1.75 0 0 0 0 0.330351 0.129431 1 12002
19.875 0 2 0 0 0 0 0.350881 0.129703 1 12002
19.875 0 2.25 0 0 0 0 0.373973 0.129976 1 12002
19.875 0 2.5 0 0 0 0 0.397093 0.130293 1 11502
19.875 0 2.75 0 0 0 0 0.421615 0.13075 1 11502
19.875 0 3 0 0 0 0 0.44764 0.131211 1 11002
19.875 0 3.25 0 0 0 0 0.47363 0.131674 1 11002
19.875 0 3.5 0 0 0 0 0.50226 0.132187 1 11002
19.875 0 3.75 0 0 0 0 0.531868 0.132796 1 10502
19.875 0 4 0 0 0 0 0.561418 0.133412 1 10502
19.875 0 4.25 0 0 0 0 0.596235 0.134033 1 10502
19.875 0 4.5 0 0 0 0 0.631583 0.134699 1 10002
19.875 0 4.75 0 0 0 0 0.667206 0.135426 1 10002
19.875 0 5 0 0 0 0 0.707269 0.136161 1 10002
19.875 0 5.25 0 0 0 0 0.747421 0.136904 1 9502
19.875 0 5.5 0 0 0 0 0.788234 0.13772 1 9502
19.875 0 5.75 0 0 0 0 0.831689 0.138609 1 9502
19.875 0 6 0 0 0 0 0.875239 0.139509 1 9002
19.875 0 6.25 0 0 0 0 0.918412 0.14042 1 9002
19.875 0 6.5 0 0 0 0 0.961328 0.141393 1 8502
19.875 0 6.75 0 0 0 0 1.00417 0.142411 1 8502
19.875 0 7 0 0 0 0 1.04325 0.143443 1 8502
19.875 0 7.25 0 0 0 0 1.08171 0.14449 1 8002
19.875 0 7.5 0 0 0 0 1.11803 0.145597 1 8002
19.875 0 7.75 0 0 0 0 1.1505 0.14674 1 7502
19.875 0 8 0 0 0 0 1.18296 0.147901 1 7502
19.875 0 8.25 0 0 0 0 1.21083 0.149081 1 7502
19.875 0 8.5 0 0 0 0 1.23844 0.150374 1 7002
19.875 0 8.75 0 0 0 0 1.26421 0.151715 1 7002
19.875 0 9 0 0 0 0 1.28897 0.15308 1 6502
19.875 0 9.25 0 0 0 0 1.31331 0.15447 1 6502
19.875 0 9.5 0 0 0 0 1.337 0.15602 1 6002
19.875 0 9.75 0 0 0 0 1.36054 0.157619 1 6002
20 0 0 -0.00712337 -2.52058e-05 -0.197605 0.197733 0.0981548 0.129778 1 13502
20 0 0.25 -0.0064528 -2.2833e-05 -0.179003 0.179119 0.107137 0.129707 1 13502
20 0 0.5 -0.0118804 -0.000100307 -0.160926 0.161364 0.11613 0.129644 1 13002
20 0 0.75 -0.0100605 -8.49413e-05 -0.136275 0.136646 0.129643 0.129725 1 13002
20 0 1 -0.0084857 -5.55106e-05 -0.105829 0.106168 0.148021 0.129807 1 12502
20 0 1.25 -0.00634432 -4.15024e-05 -0.0791225 0.0793765 0.166386 0.129888 1 12502
20 0 1.5 -0.00436849 -2.85772e-05 -0.0544812 0.054656 0.186147 0.129996 1 12502
20 0 1.75 -0.00316586 -1.70761e-05 -0.0340455 0.0341924 0.206102 0.130264 1 12002
20 0 2 -0.00161151 -8.69225e-06 -0.0173302 0.0174049 0.226768 0.130534 1 12002
20 0 2.25 -0.000358326 -1.93276e-06 -0.00385343 0.00387006 0.249859 0.130804 1 12002
20 0 2.5 0 0 0 0 0.272973 0.131118 1 11502
20 0 2.75 0 0 0 0 0.297637 0.131571 1 11502
20 0 3 0 0 0 0 0.323655 0.132028 1 11002
20 0 3.25 0 0 0 0 0.349645 0.132488 1 11002
20 0 3.5 0 0 0 0 0.378472 0.132996 1 11002
20 0 3.75 0 0 0 0 0.408069 0.133602 1 10502
20 0 4 0 0 0 0 0.43762 0.134213 1 10502
20 0 4.25 0 0 0 0 0.472807 0.13483 1 10502
20 0 4.5 0 0 0 0 0.508143 0.135491 1 10002
20 0 4.75 0 0 0 0 0.544129 0.136212 1 10002
20 0 5 0 0 0 0 0.584192 0.136941 1 10002
20 0 5.25 0 0 0 0 0.624332 0.137678 1 9502
20 0 5.5 0 0 0 0 0.665429 0.138487 1 9502
20 0 5.75 0 0 0 0 0.708885 0.139368 1 9502
20 0 6 0 0 0 0 0.752423 0.14026 1 9002
20 0 6.25 0 0 0 0 0.795542 0.141164 1 9002
20 0 6.5 0 0 0 0 0.838449 0.142129 1 8502
20 0 6.75 0 0 0 0 0.881295 0.143139 1 8502
20 0 7 0 0 0 0 0.920009 0.144164 1 8502
20 0 7.25 0 0 0 0 0.958465 0.145203 1 8002
20 0 7.5 0 0 0 0 0.994356 0.1463 1 8002
20 0 7.75 0 0 0 0 1.02683 0.147432 1 7502
20 0 8 0 0 0 0 1.05928 0.148581 1 7502
20 0 8.25 0 0 0 0 1.08687 0.149748 1 7502
20 0 8.5 0 0 0 0 1.11448 0.151027 1 7002
20 0 8.75 0 0 0 0 1.1401 0.152352 1 7002
20 0 9 0 0 0 0 1.16485 0.1537 1 6502
20 0 9.25 0 0 0 0 1.18915 0.155073 1 6502
20 0 9.5 0 0 0 0 1.21283 0.156604 1 6002
20 0 9.75 0 0 0 0 1.23633 0.158183 1 6002
20.125 0 0 -0.0135993 -4.81208e-05 -0.377251 0.377496 0.0263923 0.130631 -1 13502
20.125 0 0.25 -0.0145429 -5.14594e-05 -0.403425 0.403687 0.0174103 0.130561 -1 13502
20.125 0 0.5 -0.031717 -0.000267788 -0.429623 0.430793 0.00842168 0.130497 -1 13002
20.125 0 0.75 -0.0324159 -0.000273689 -0.43909 0.440285 0.00534629 0.130577 1 13002
20.125 0 1 -0.0307896 -0.000201415 -0.383989 0.385222 0.0237193 0.130657 1 12502
20.125 0 1.25 -0.0266843 -0.00017456 -0.33279 0.333858 0.0420843 0.130737 1 12502
20.125 0 1.5 -0.0225837 -0.000147735 -0.281651 0.282555 0.0619052 0.130843 1 12502
20.125 0 1.75 -0.0217998 -0.000117585 -0.234434 0.235446 0.0818533 0.131109 1 12002
20.125 0 2 -0.0176788 -9.53565e-05 -0.190117 0.190937 0.102654 0.131375 1 12002
20.125 0 2.25 -0.0136053 -7.33846e-05 -0.146311 0.146942 0.125746 0.131643 1 12002
20.125 0 2.5 -0.0113247 -4.5555e-05 -0.108079 0.108671 0.148853 0.131953 1 11502
20.125 0 2.75 -0.00771457 -3.10329e-05 -0.0736256 0.0740287 0.173659 0.132403 1 11502
20.125 0 3 -0.00526842 -3.33817e-05 -0.0441626 0.0444758 0.199669 0.132855 1 11002
20.125 0 3.25 -0.00257914 -1.63419e-05 -0.0216197 0.021773 0.225659 0.133311 1 11002
20.125 0 3.5 -0.000510153 -3.23242e-06 -0.00427636 0.00430669 0.254684 0.133815 1 11002
20.125 0 3.75 0 0 0 0 0.28427 0.134417 1 10502
20.125 0 4 0 0 0 0 0.314109 0.135024 1 10502
20.125 0 4.25 0 0 0 0 0.34938 0.135637 1 10502
20.125 0 4.5 0 0 0 0 0.384703 0.136293 1 10002
20.125 0 4.75 0 0 0 0 0.421051 0.137008 1 10002
20.125 0 5 0 0 0 0 0.461114 0.137731 1 10002
20.125 0 5.25 0 0 0 0 0.501242 0.138461 1 9502
20.125 0 5.5 0 0 0 0 0.542625 0.139263 1 9502
20.125 0 5.75 0 0 0 0 0.586147 0.140136 1 9002
20.125 0 6 0 0 0 0 0.629606 0.14102 1 9002
20.125 0 6.25 0 0 0 0 0.672672 0.141915 1 9002
20.125 0 6.5 0 0 0 0 0.715571 0.142872 1 8502
20.125 0 6.75 0 0 0 0 0.758356 0.143875 1 8502
20.125 0 7 0 0 0 0 0.796768 0.144892 1 8502
20.125 0 7.25 0 0 0 0 0.835218 0.145923 1 8002
20.125 0 7.5 0 0 0 0 0.870687 0.14701 1 8002
20.125 0 7.75 0 0 0 0 0.903156 0.14813 1 7502
20.125 0 8 0 0 0 0 0.935316 0.149267 1 7502
20.125 0 8.25 0 0 0 0 0.962906 0.150422 1 7502
20.125 0 8.5 0 0 0 0 0.990515 0.151686 1 7002
20.125 0 8.75 0 0 0 0 1.01598 0.152995 1 7002
20.125 0 9 0 0 0 0 1.04073 0.154326 1 6502
20.125 0 9.25 0 0 0 0 1.06498 0.155681 1 6502
20.125 0 9.5 0 0 0 0 1.08866 0.157193 1 6002
20.125 0 9.75 0 0 0 0 1.11213 0.158751 1 6002
20.25 0 0 -0.00377642 -1.33627e-05 -0.104759 0.104827 0.150755 0.131442 -1 13502
20.25 0 0.25 -0.004286 -1.51659e-05 -0.118895 0.118972 0.141754 0.131371 -1 13502
20.25 0 0.5 -0.00983695 -8.30537e-05 -0.133246 0.133609 0.132974 0.131308 -1 13002
20.25 0 0.75 -0.0117406 -9.91266e-05 -0.159033 0.159466 0.1187 0.131387 -1 13002
20.25 0 1 -0.0156132 -0.000102137 -0.194719 0.195344 0.100583 0.131465 -1 12502
20.25 0 1.25 -0.0188017 -0.000122995 -0.234484 0.235237 0.0822177 0.131544 -1 12502
20.25 0 1.5 -0.0225738 -0.00014767 -0.281527 0.28243 0.0623369 0.131649 -1 12502
20.25 0 1.75 -0.0309283 -0.000166823 -0.332602 0.334037 0.0423956 0.131912 -1 12002
20.25 0 2 -0.0363433 -0.00019603 -0.390835 0.392521 0.0214597 0.132176 -1 12002
20.25 0 2.25 -0.0418421 -0.00022569 -0.449969 0.45191 0.00164063 0.132441 1 12002
20.25 0 2.5 -0.0399557 -0.000160727 -0.381325 0.383413 0.0247335 0.132748 1 11502
20.25 0 2.75 -0.0329365 -0.000132491 -0.314336 0.316057 0.0496804 0.133194 1 11502
20.25 0 3 -0.0299723 -0.00018991 -0.251243 0.253025 0.0756836 0.133643 1 11002
20.25 0 3.25 -0.0233614 -0.000148022 -0.195827 0.197216 0.101674 0.134095 1 11002
20.25 0 3.5 -0.0169232 -0.000107228 -0.141859 0.142865 0.130896 0.134596 1 11002
20.25 0 3.75 -0.0136933 -0.000144606 -0.0959104 0.0968831 0.160472 0.135195 1 10502
20.25 0 4 -0.00832417 -8.79059e-05 -0.0583041 0.0588954 0.190682 0.135799 1 10502
20.25 0 4.25 -0.00361878 -3.82155e-05 -0.0253466 0.0256037 0.225953 0.136408 1 10502
20.25 0 4.5 -0.000661269 -9.30396e-06 -0.00406702 0.00412043 0.261264 0.137061 1 10002
20.25 0 4.75 0 0 0 0 0.297974 0.137771 1 10002
20.25 0 5 0 0 0 0 0.338037 0.138488 1 10002
20.25 0 5.25 0 0 0 0 0.378152 0.139214 1 9502
20.25 0 5.5 0 0 0 0 0.41982 0.14001 1 9502
20.25 0 5.75 0 0 0 0 0.463331 0.140877 1 9002
20.25 0 6 0 0 0 0 0.50679 0.141754 1 9002
20.25 0 6.25 0 0 0 0 0.549801 0.142642 1 9002
20.25 0 6.5 0 0 0 0 0.592692 0.143593 1 8502
20.25 0 6.75 0 0 0 0 0.635115 0.144589 1 8502
20.25 0 7 0 0 0 0 0.673527 0.1456 1 8502
20.25 0 7.25 0 0 0 0 0.711972 0.146624 1 8002
20.25 0 7.5 0 0 0 0 0.747017 0.147703 1 8002
20.25 0 7.75 0 0 0 0 0.779484 0.148814 1 7502
20.25 0 8 0 0 0 0 0.811353 0.149942 1 7502
20.25 0 8.25 0 0 0 0 0.838959 0.151088 1 7502
20.25 0 8.5 0 0 0 0 0.86655 0.152339 1 7002
20.25 0 8.75 0 0 0 0 0.891868 0.153633 1 7002
20.25 0 9 0 0 0 0 0.916616 0.154949 1 6502
20.25 0 9.25 0 0 0 0 0.940812 0.156288 1 6502
20.25 0 9.5 0 0 0 0 0.964495 0.157784 1 6002
20.25 0 9.75 0 0 0 0 0.98793 0.159326 1 6002
20.375 0 0 0 0 0 0 0.275582 0.132254 -1 13502
20.375 0 0.25 0 0 0 0 0.266581 0.132183 -1 13502
20.375 0 0.5 -0.000114198 -9.64175e-07 -0.00154686 0.00155107 0.25758 0.13212 -1 13002
20.375 0 0.75 -0.000639576 -5.39996e-06 -0.00866338 0.00868696 0.243271 0.132198 -1 13002
20.375 0 1 -0.00168105 -1.09968e-05 -0.020965 0.0210323 0.224872 0.132276 -1 12502
20.375 0 1.25 -0.00295353 -1.9321e-05 -0.0368346 0.0369529 0.206473 0.132354 -1 12502
20.375 0 1.5 -0.00466048 -3.04873e-05 -0.0581228 0.0583093 0.186491 0.132457 -1 12502
20.375 0 1.75 -0.00778787 -4.20065e-05 -0.0837505 0.0841118 0.166518 0.132717 -1 12002
20.375 0 2 -0.0107311 -5.78817e-05 -0.115402 0.1159 0.145405 0.132978 -1 12002
20.375 0 2.25 -0.0162143 -6.52241e-05 -0.154744 0.155592 0.122479 0.13324 -1 11502
20.375 0 2.5 -0.0209526 -8.42847e-05 -0.199966 0.201061 0.0993864 0.133545 -1 11502
20.375 0 2.75 -0.0268225 -0.000107897 -0.255986 0.257387 0.0739909 0.133987 -1 11502
20.375 0 3 -0.0379984 -0.000240765 -0.318522 0.320781 0.0483019 0.134433 -1 11002
20.375 0 3.25 -0.046358 -0.000293733 -0.388597 0.391353 0.0223115 0.134882 -1 11002
20.375 0 3.5 -0.0516019 -0.000326959 -0.432554 0.435621 0.00710779 0.135379 1 11002
20.375 0 3.75 -0.0498269 -0.000526189 -0.348997 0.352537 0.0366732 0.135974 1 10502
20.375 0 4 -0.0390525 -0.000412407 -0.273531 0.276305 0.0672542 0.136575 1 10502
20.375 0 4.25 -0.0282948 -0.000298803 -0.198183 0.200192 0.102525 0.137181 1 10502
20.375 0 4.5 -0.0219078 -0.000308239 -0.13474 0.136509 0.137824 0.13783 1 10002
20.375 0 4.75 -0.0132718 -0.000186733 -0.0816259 0.0826981 0.174897 0.138536 1 10002
20.375 0 5 -0.00625985 -8.80751e-05 -0.0385 0.0390057 0.214996 0.139248 1 10002
20.375 0 5.25 -0.00175176 -2.76767e-05 -0.00991168 0.0100653 0.255062 0.139969 1 9502
20.375 0 5.5 0 0 0 0 0.297015 0.14076 1 9502
20.375 0 5.75 0 0 0 0 0.340514 0.14162 1 9002
20.375 0 6 0 0 0 0 0.383973 0.142491 1 9002
20.375 0 6.25 0 0 0 0 0.426931 0.143372 1 9002
20.375 0 6.5 0 0 0 0 0.469814 0.144316 1 8502
20.375 0 6.75 0 0 0 0 0.511874 0.145306 1 8502
20.375 0 7 0 0 0 0 0.550285 0.14631 1 8502
20.375 0 7.25 0 0 0 0 0.588725 0.147328 1 8002
20.375 0 7.5 0 0 0 0 0.623347 0.148398 1 8002
20.375 0 7.75 0 0 0 0 0.655813 0.149501 1 7502
20.375 0 8 0 0 0 0 0.68739 0.150621 1 7502
20.375 0 8.25 0 0 0 0 0.714994 0.151757 1 7002
20.375 0 8.5 0 0 0 0 0.742585 0.152995 1 7002
20.375 0 8.75 0 0 0 0 0.767754 0.154275 1 7002
20.375 0 9 0 0 0 0 0.792499 0.155577 1 6502
20.375 0 9.25 0 0 0 0 0.816645 0.1569 1 6502
20.375 0 9.5 0 0 0 0 0.840326 0.15838 1 6002
20.375 0 9.75 0 0 0 0 0.863728 0.159905 1 6002
20.5 0 0 0 0 0 0 0.400409 0.133076 -1 13502
20.5 0 0.25 0 0 0 0 0.391409 0.133006 -1 13502
20.5 0 0.5 0 0 0 0 0.382408 0.132942 -1 13002
20.5 0 0.75 0 0 0 0 0.367842 0.133019 -1 13002
20.5 0 1 0 0 0 0 0.349443 0.133096 -1 12502
20.5 0 1.25 0 0 0 0 0.330977 0.133173 -1 12502
20.5 0 1.5 0 0 0 0 0.311004 0.133275 -1 12502
20.5 0 1.75 0 0 0 0 0.291031 0.133532 -1 12002
20.5 0 2 0 0 0 0 0.269782 0.13379 -1 12002
20.5 0 2.25 -0.000907161 -3.64917e-06 -0.00865768 0.00870507 0.246646 0.13405 -1 11502
20.5 0 2.5 -0.00258715 -1.04071e-05 -0.024691 0.0248262 0.22351 0.134351 -1 11502
20.5 0 2.75 -0.00510537 -2.0537e-05 -0.0487242 0.0489909 0.198228 0.13479 -1 11502
20.5 0 3 -0.00956556 -6.06092e-05 -0.0801835 0.0807521 0.172189 0.135232 -1 11002
20.5 0 3.25 -0.01414 -8.9594e-05 -0.118529 0.11937 0.14615 0.135677 -1 11002
20.5 0 3.5 -0.0203198 -0.00012875 -0.170331 0.171539 0.116474 0.136171 -1 11002
20.5 0 3.75 -0.0327436 -0.000345783 -0.229342 0.231668 0.0871254 0.136763 -1 10502
20.5 0 4 -0.0429408 -0.000453469 -0.300766 0.303816 0.0561732 0.137361 -1 10502
20.5 0 4.25 -0.0562101 -0.000593597 -0.393706 0.397699 0.0205365 0.137963 -1 10502
20.5 0 4.5 -0.0666381 -0.000937588 -0.409845 0.415228 0.0143846 0.138608 1 10002
20.5 0 4.75 -0.0507786 -0.000714447 -0.312304 0.316406 0.0518195 0.139309 1 10002
20.5 0 5 -0.0393309 -0.000621404 -0.22254 0.225989 0.0919059 0.140017 1 9502
20.5 0 5.25 -0.0262988 -0.000415506 -0.148803 0.151109 0.131972 0.140732 1 9502
20.5 0 5.5 -0.015399 -0.000243295 -0.0871299 0.0884805 0.17421 0.141518 1 9502
20.5 0 5.75 -0.00702676 -0.000107928 -0.0403454 0.0409528 0.217698 0.142371 1 9002
20.5 0 6 -0.0017136 -2.63201e-05 -0.00983892 0.00998706 0.261156 0.143235 1 9002
20.5 0 6.25 0 0 0 0 0.304061 0.144109 1 9002
20.5 0 6.5 0 0 0 0 0.346935 0.145047 1 8502
20.5 0 6.75 0 0 0 0 0.388632 0.14603 1 8502
20.5 0 7 0 0 0 0 0.427065 0.147027 1 8502
20.5 0 7.25 0 0 0 0 0.465478 0.148038 1 8002
20.5 0 7.5 0 0 0 0 0.499677 0.149101 1 8002
20.5 0 7.75 0 0 0 0 0.532141 0.150195 1 7502
20.5 0 8 0 0 0 0 0.563428 0.151306 1 7502
20.5 0 8.25 0 0 0 0 0.591029 0.152433 1 7002
20.5 0 8.5 0 0 0 0 0.61862 0.153657 1 7002
20.5 0 8.75 0 0 0 0 0.64364 0.154923 1 7002
20.5 0 9 0 0 0 0 0.668382 0.156209 1 6502
20.5 0 9.25 0 0 0 0 0.692477 0.157517 1 6502
20.5 0 9.5 0 0 0 0 0.716157 0.158981 1 6002
20.5 0 9.75 0 0 0 0 0.739527 0.160489 1 6002
20.625 0 0 0 0 0 0 0.525237 0.133909 -1 13502
20.625 0 0.25 0 0 0 0 0.516236 0.133839 -1 13502
20.625 0 0.5 0 0 0 0 0.507235 0.133775 -1 13002
20.625 0 0.75 0 0 0 0 0.492413 0.13385 -1 13002
20.625 0 1 0 0 0 0 0.474014 0.133926 -1 12502
20.625 0 1.25 0 0 0 0 0.45549 0.134002 -1 12502
20.625 0 1.5 0 0 0 0 0.435517 0.134103 -1 12502
20.625 0 1.75 0 0 0 0 0.415544 0.134357 -1 12002
20.625 0 2 0 0 0 0 0.39416 0.134612 -1 12002
20.625 0 2.25 0 0 0 0 0.371024 0.134869 -1 11502
20.625 0 2.5 0 0 0 0 0.347888 0.135167 -1 11502
20.625 0 2.75 0 0 0 0 0.322465 0.135603 -1 11502
20.625 0 3 0 0 0 0 0.296426 0.136041 -1 11002
20.625 0 3.25 6.21656e-08 3.93893e-10 5.21104e-07 -5.24799e-07 0.270117 0.136482 -1 11002
20.625 0 3.5 -0.00185703 -1.17665e-05 -0.0155666 0.0156769 0.240515 0.136972 -1 11002
20.625 0 3.75 -0.00571096 -6.03096e-05 -0.0400006 0.0404063 0.210914 0.137561 -1 10502
20.625 0 4 -0.0107589 -0.000113617 -0.0753573 0.0761215 0.179533 0.138155 -1 10502
20.625 0 4.25 -0.0180407 -0.000190516 -0.126361 0.127642 0.144207 0.138754 -1 10502
20.625 0 4.5 -0.0306549 -0.000431309 -0.188537 0.191013 0.10888 0.139394 -1 10002
20.625 0 4.75 -0.0435949 -0.000613373 -0.268122 0.271644 0.0710224 0.140091 -1 10002
20.625 0 5 -0.0644354 -0.00101804 -0.364585 0.370236 0.0311839 0.140794 -1 9502
20.625 0 5.25 -0.0750975 -0.0011865 -0.424912 0.431499 0.00888221 0.141504 1 9502
20.625 0 5.5 -0.0557083 -0.000880159 -0.315206 0.320092 0.0514057 0.142284 1 9502
20.625 0 5.75 -0.0384503 -0.00059058 -0.220769 0.224093 0.0948813 0.14313 1 9002
20.625 0 6 -0.024984 -0.000383743 -0.14345 0.14561 0.138347 0.143987 1 9002
20.625 0 6.25 -0.0145523 -0.000223516 -0.0835543 0.0848124 0.181191 0.144854 1 9002
20.625 0 6.5 -0.00614265 -7.84312e-05 -0.0394503 0.0399258 0.224056 0.145785 1 8502
20.625 0 6.75 -0.00171999 -2.19613e-05 -0.0110464 0.0111795 0.265391 0.146762 1 8502
20.625 0 7 0 0 0 0 0.303819 0.147752 1 8002
20.625 0 7.25 0 0 0 0 0.342232 0.148755 1 8002
20.625 0 7.5 0 0 0 0 0.376007 0.14981 1 8002
20.625 0 7.75 0 0 0 0 0.40847 0.150895 1 7502
20.625 0 8 0 0 0 0 0.439465 0.151996 1 7502
20.625 0 8.25 0 0 0 0 0.467064 0.153114 1 7002
20.625 0 8.5 0 0 0 0 0.494655 0.154325 1 7002
20.625 0 8.75 0 0 0 0 0.519526 0.155576 1 7002
20.625 0 9 0 0 0 0 0.544265 0.156847 1 6502
20.625 0 9.25 0 0 0 0 0.56831 0.158138 1 6502
20.625 0 9.5 0 0 0 0 0.591988 0.159586 1 6002
20.625 0 9.75 0 0 0 0 0.615325 0.161076 1 6002
20.75 0 0 0 0 0 0 0.650064 0.134752 -1 13502
20.75 0 0.25 0 0 0 0 0.641063 0.134682 -1 13502
20.75 0 0.5 0 0 0 0 0.632062 0.134618 -1 13002
20.75 0 0.75 0 0 0 0 0.616984 0.134692 -1 13002
20.75 0 1 0 0 0 0 0.598586 0.134767 -1 12502
20.75 0 1.25 0 0 0 0 0.580003 0.134841 -1 12502
20.75 0 1.5 0 0 0 0 0.56003 0.134941 -1 12502
20.75 0 1.75 0 0 0 0 0.540057 0.135192 -1 12002
20.75 0 2 0 0 0 0 0.518538 0.135445 -1 12002
20.75 0 2.25 0 0 0 0 0.495402 0.135698 -1 11502
20.75 0 2.5 0 0 0 0 0.472266 0.135993 -1 11502
20.75 0 2.75 0 0 0 0 0.446702 0.136425 -1 11502
20.75 0 3 0 0 0 0 0.420663 0.13686 -1 11002
20.75 0 3.25 0 0 0 0 0.394159 0.137297 -1 11002
20.75 0 3.5 0 0 0 0 0.364557 0.137783 -1 11002
20.75 0 3.75 0 0 0 0 0.334955 0.138368 -1 10502
20.75 0 4 0 0 0 0 0.303203 0.138959 -1 10502
20.75 0 4.25 -0.00046565 -4.91742e-06 -0.0032615 0.00329458 0.267877 0.139554 -1 10502
20.75 0 4.5 -0.00406745 -5.72284e-05 -0.0250161 0.0253447 0.23255 0.14019 -1 10002
20.75 0 4.75 -0.0100766 -0.000141776 -0.0619741 0.0627881 0.194332 0.140881 -1 10002
20.75 0 5 -0.0203108 -0.000320898 -0.114921 0.116703 0.154274 0.141579 -1 9502
20.75 0 5.25 -0.032277 -0.000509957 -0.182628 0.185459 0.114096 0.142285 -1 9502
20.75 0 5.5 -0.0477814 -0.000754918 -0.270354 0.274545 0.0712301 0.143058 -1 9502
20.75 0 5.75 -0.0652809 -0.00100269 -0.374822 0.380466 0.0279353 0.143897 -1 9002
20.75 0 6 -0.0710335 -0.00109104 -0.407851 0.413992 0.0154773 0.144747 1 9002
20.75 0 6.25 -0.052489 -0.000806209 -0.301375 0.305913 0.0586415 0.145607 1 9002
20.75 0 6.5 -0.033254 -0.000424596 -0.213569 0.216143 0.101178 0.14653 1 8502
20.75 0 6.75 -0.0222973 -0.000284699 -0.143201 0.144927 0.14215 0.1475 1 8502
20.75 0 7 -0.0118697 -0.00010398 -0.0905087 0.0912838 0.180572 0.148483 1 8002
20.75 0 7.25 -0.00647575 -5.67284e-05 -0.0493788 0.0498017 0.218985 0.149479 1 8002
20.75 0 7.5 -0.00305176 -2.67338e-05 -0.0232702 0.0234695 0.252337 0.150525 1 8002
20.75 0 7.75 -0.000655962 -4.19384e-06 -0.00589694 0.00593331 0.284798 0.151602 1 7502
20.75 0 8 0 0 0 0 0.315502 0.152694 1 7502
20.75 0 8.25 0 0 0 0 0.343099 0.153801 1 7002
20.75 0 8.5 0 0 0 0 0.370689 0.154999 1 7002
20.75 0 8.75 0 0 0 0 0.395413 0.156234 1 7002
20.75 0 9 0 0 0 0 0.420148 0.157489 1 6502
20.75 0 9.25 0 0 0 0 0.444143 0.158765 1 6502
20.75 0 9.5 0 0 0 0 0.467819 0.160195 1 6002
20.75 0 9.75 0 0 0 0 0.491123 0.161668 1 6002
20.875 0 0 0 0 0 0 0.774891 0.135606 -1 13502
20.875 0 0.25 0 0 0 0 0.76589 0.135535 -1 13502
20.875 0 0.5 0 0 0 0 0.75689 0.135471 -1 13002
20.875 0 0.75 0 0 0 0 0.741556 0.135545 -1 13002
20.875 0 1 0 0 0 0 0.723157 0.135618 -1 12502
20.875 0 1.25 0 0 0 0 0.704516 0.135691 -1 12502
20.875 0 1.5 0 0 0 0 0.684543 0.135789 -1 12502
20.875 0 1.75 0 0 0 0 0.664571 0.136038 -1 12002
20.875 0 2 0 0 0 0 0.642916 0.136287 -1 12002
20.875 0 2.25 0 0 0 0 0.61978 0.136537 -1 11502
20.875 0 2.5 0 0 0 0 0.596644 0.136829 -1 11502
20.875 0 2.75 0 0 0 0 0.570939 0.137257 -1 11502
20.875 0 3 0 0 0 0 0.5449 0.137688 -1 11002
20.875 0 3.25 0 0 0 0 0.5182 0.138121 -1 11002
20.875 0 3.5 0 0 0 0 0.488598 0.138603 -1 11002
20.875 0 3.75 0 0 0 0 0.458996 0.139185 -1 10502
20.875 0 4 0 0 0 0 0.426873 0.139771 -1 10502
20.875 0 4.25 0 0 0 0 0.391547 0.140363 -1 10002
20.875 0 4.5 0 0 0 0 0.356221 0.140994 -1 10002
20.875 0 4.75 0 0 0 0 0.317641 0.14168 -1 10002
20.875 0 5 -0.000273136 -4.31538e-06 -0.00154544 0.0015694 0.277523 0.142373 -1 9502
20.875 0 5.25 -0.00440142 -6.95398e-05 -0.0249039 0.0252899 0.237406 0.143073 -1 9502
20.875 0 5.5 -0.0117436 -0.000185541 -0.0664468 0.0674768 0.194256 0.14384 -1 9502
20.875 0 5.75 -0.0217989 -0.000334821 -0.125162 0.127047 0.150747 0.144673 -1 9002
20.875 0 6 -0.034811 -0.000534682 -0.199873 0.202883 0.107335 0.145515 -1 9002
20.875 0 6.25 -0.0503327 -0.000773089 -0.288994 0.293345 0.0644407 0.146367 -1 9002
20.875 0 6.5 -0.0612765 -0.000782396 -0.39354 0.398282 0.0217007 0.147283 -1 8502
20.875 0 6.75 -0.0623721 -0.000796385 -0.400576 0.405404 0.0191127 0.148246 1 8502
20.875 0 7 -0.0405993 -0.000355655 -0.309577 0.312228 0.0573255 0.149222 1 8002
20.875 0 7.25 -0.0301121 -0.000263786 -0.229611 0.231577 0.0957384 0.15021 1 8002
20.875 0 7.5 -0.0223852 -0.000196097 -0.170691 0.172153 0.129007 0.151248 1 8002
20.875 0 7.75 -0.01366 -8.73345e-05 -0.122801 0.123558 0.161127 0.152315 1 7502
20.875 0 8 -0.00942113 -6.02333e-05 -0.0846937 0.0852161 0.191539 0.153397 1 7502
20.875 0 8.25 -0.00561913 -1.51294e-05 -0.0564261 0.0567052 0.219134 0.154495 1 7002
20.875 0 8.5 -0.00336779 -9.06773e-06 -0.0338187 0.0339859 0.246575 0.155678 1 7002
20.875 0 8.75 -0.00180078 -4.84858e-06 -0.0180831 0.0181725 0.271299 0.156898 1 7002
20.875 0 9 -0.000606179 7.33758e-07 -0.006359 0.00638783 0.296031 0.158137 1 6502
20.875 0 9.25 0 0 0 0 0.319975 0.159396 1 6502
20.875 0 9.5 0 0 0 0 0.343651 0.160809 1 6002
20.875 0 9.75 0 0 0 0 0.366921 0.162265 1 6002
21 0 0 0 0 0 0 0.899719 0.136406 -1 13502
21 0 0.25 0 0 0 0 0.890718 0.136336 -1 13502
21 0 0.5 0 0 0 0 0.881717 0.136272 -1 13002
21 0 0.75 0 0 0 0 0.866127 0.136344 -1 13002
21 0 1 0 0 0 0 0.847728 0.136416 -1 12502
21 0 1.25 0 0 0 0 0.829029 0.136488 -1 12502
21 0 1.5 0 0 0 0 0.809056 0.136585 -1 12502
21 0 1.75 0 0 0 0 0.789084 0.136831 -1 12002
21 0 2 0 0 0 0 0.767294 0.137078 -1 12002
21 0 2.25 0 0 0 0 0.744158 0.137326 -1 11502
21 0 2.5 0 0 0 0 0.721022 0.137616 -1 11502
21 0 2.75 0 0 0 0 0.695176 0.138041 -1 11502
21 0 3 0 0 0 0 0.669137 0.138468 -1 11002
21 0 3.25 0 0 0 0 0.642241 0.138898 -1 11002
21 0 3.5 0 0 0 0 0.612639 0.139377 -1 11002
21 0 3.75 0 0 0 0 0.583037 0.139955 -1 10502
21 0 4 0 0 0 0 0.550543 0.140538 -1 10502
21 0 4.25 0 0 0 0 0.515217 0.141126 -1 10002
21 0 4.5 0 0 0 0 0.479891 0.141755 -1 10002
21 0 4.75 0 0 0 0 0.44095 0.142438 -1 10002
21 0 5 0 0 0 0 0.400833 0.143127 -1 9502
21 0 5.25 0 0 0 0 0.36079 0.143824 -1 9502
21 0 5.5 0 0 0 0 0.317281 0.144586 -1 9502
21 0 5.75 -0.000969855 -1.48966e-05 -0.00556859 0.00565244 0.273773 0.145412 -1 9002
21 0 6 -0.00600746 -9.22721e-05 -0.0344929 0.0350123 0.230418 0.146248 -1 9002
21 0 6.25 -0.0138073 -0.000212075 -0.0792772 0.0804709 0.187523 0.147094 -1 9002
21 0 6.5 -0.0218118 -0.000278499 -0.140083 0.141771 0.144628 0.148004 -1 8502
21 0 6.75 -0.0328193 -0.000419046 -0.210777 0.213318 0.104335 0.148962 -1 8502
21 0 7 -0.0381697 -0.000334371 -0.291051 0.293543 0.0659212 0.149933 -1 8002
21 0 7.25 -0.0501004 -0.000438886 -0.382025 0.385297 0.0273672 0.150916 -1 8002
21 0 7.5 -0.057628 -0.000504828 -0.439424 0.443187 0.00513284 0.151946 1 8002
21 0 7.75 -0.03998 -0.000255609 -0.359411 0.361627 0.0374551 0.153006 1 7502
21 0 8 -0.0324407 -0.000207407 -0.291634 0.293433 0.0677959 0.15408 1 7502
21 0 8.25 -0.0236565 -6.36948e-05 -0.237554 0.238729 0.0951695 0.155169 1 7002
21 0 8.5 -0.0188699 -5.08069e-05 -0.189487 0.190425 0.122461 0.156343 1 7002
21 0 8.75 -0.0150078 -4.04082e-05 -0.150705 0.15145 0.147521 0.157552 1 7002
21 0 9 -0.011215 1.35754e-05 -0.117649 0.118182 0.171914 0.158779 1 6502
21 0 9.25 -0.00852839 1.03233e-05 -0.0894654 0.089871 0.195808 0.160027 1 6502
21 0 9.5 -0.00607068 -1.14992e-05 -0.0656934 0.0659733 0.219482 0.161424 1 6002
21 0 9.75 -0.00425223 -8.05466e-06 -0.0460152 0.0462112 0.24272 0.162862 1 6002
21.125 0 0 0 0 0 0 1.02455 0.137216 -1 13502
21.125 0 0.25 0 0 0 0 1.01554 0.137146 -1 13502
21.125 0 0.5 0 0 0 0 1.00654 0.137082 -1 13002
21.125 0 0.75 0 0 0 0 0.990698 0.137153 -1 13002
21.125 0 1 0 0 0 0 0.972299 0.137224 -1 12502
21.125 0 1.25 0 0 0 0 0.953542 0.137295 -1 12502
21.125 0 1.5 0 0 0 0 0.933569 0.137391 -1 12502
21.125 0 1.75 0 0 0 0 0.913597 0.137634 -1 12002
21.125 0 2 0 0 0 0 0.891672 0.137879 -1 12002
21.125 0 2.25 0 0 0 0 0.868536 0.138125 -1 11502
21.125 0 2.5 0 0 0 0 0.8454 0.138412 -1 11502
21.125 0 2.75 0 0 0 0 0.819414 0.138833 -1 11502
21.125 0 3 0 0 0 0 0.793374 0.139257 -1 11002
21.125 0 3.25 0 0 0 0 0.766282 0.139683 -1 11002
21.125 0 3.5 0 0 0 0 0.73668 0.140159 -1 11002
21.125 0 3.75 0 0 0 0 0.707078 0.140734 -1 10502
21.125 0 4 0 0 0 0 0.674213 0.141314 -1 10502
21.125 0 4.25 0 0 0 0 0.638887 0.141899 -1 10002
21.125 0 4.5 0 0 0 0 0.603561 0.142524 -1 10002
21.125 0 4.75 0 0 0 0 0.56426 0.143203 -1 10002
21.125 0 5 0 0 0 0 0.524142 0.143889 -1 9502
21.125 0 5.25 0 0 0 0 0.483816 0.144582 -1 9502
21.125 0 5.5 0 0 0 0 0.440307 0.145339 -1 9502
21.125 0 5.75 0 0 0 0 0.396798 0.146159 -1 9002
21.125 0 6 0 0 0 0 0.3535 0.146989 -1 9002
21.125 0 6.25 0 0 0 0 0.310605 0.147828 -1 8502
21.125 0 6.5 -0.00182543 -2.33076e-05 -0.0117235 0.0118648 0.267711 0.148733 -1 8502
21.125 0 6.75 -0.00645076 -8.23652e-05 -0.0414291 0.0419284 0.227783 0.149686 -1 8502
21.125 0 7 -0.0108892 -9.53906e-05 -0.083032 0.0837431 0.189324 0.150651 -1 8002
21.125 0 7.25 -0.0178253 -0.000156152 -0.135921 0.137085 0.151241 0.151628 -1 8002
21.125 0 7.5 -0.0249511 -0.000218574 -0.190257 0.191886 0.118741 0.152651 -1 8002
21.125 0 7.75 -0.0281516 -0.000179985 -0.253076 0.254637 0.0862412 0.153703 -1 7502
21.125 0 8 -0.0352759 -0.000225534 -0.317122 0.319078 0.0563707 0.154769 -1 7502
21.125 0 8.25 -0.0380521 -0.000102455 -0.382111 0.384001 0.0287954 0.15585 -1 7002
21.125 0 8.5 -0.0448815 -0.000120843 -0.45069 0.452919 0.00155868 0.157013 -1 7002
21.125 0 8.75 -0.0394931 -0.000106335 -0.396582 0.398543 0.0232036 0.158211 1 7002
21.125 0 9 -0.0324263 3.92508e-05 -0.340161 0.341703 0.0477975 0.159427 1 6502
21.125 0 9.25 -0.0276196 3.34325e-05 -0.289738 0.291051 0.0718486 0.160662 1 6502
21.125 0 9.5 -0.0226657 -4.29337e-05 -0.245275 0.24632 0.0953129 0.162043 1 6002
21.125 0 9.75 -0.0189461 -3.58881e-05 -0.205024 0.205897 0.118802 0.163463 1 6002
21.25 0 0 0 0 0 0 1.14937 0.138036 -1 13502
21.25 0 0.25 0 0 0 0 1.14037 0.137965 -1 13502
21.25 0 0.5 0 0 0 0 1.13137 0.137901 -1 13002
21.25 0 0.75 0 0 0 0 1.11527 0.137971 -1 13002
21.25 0 1 0 0 0 0 1.09687 0.138041 -1 12502
21.25 0 1.25 0 0 0 0 1.07805 0.138111 -1 12502
21.25 0 1.5 0 0 0 0 1.05808 0.138205 -1 12502
21.25 0 1.75 0 0 0 0 1.03811 0.138447 -1 12002
21.25 0 2 0 0 0 0 1.01605 0.13869 -1 12002
21.25 0 2.25 0 0 0 0 0.992914 0.138933 -1 11502
21.25 0 2.5 0 0 0 0 0.96969 0.139217 -1 11502
21.25 0 2.75 0 0 0 0 0.943651 0.139635 -1 11502
21.25 0 3 0 0 0 0 0.917611 0.140055 -1 11002
21.25 0 3.25 0 0 0 0 0.890323 0.140478 -1 11002
21.25 0 3.5 0 0 0 0 0.860721 0.14095 -1 11002
21.25 0 3.75 0 0 0 0 0.831119 0.141521 -1 10502
21.25 0 4 0 0 0 0 0.797883 0.142098 -1 10502
21.25 0 4.25 0 0 0 0 0.762557 0.142679 -1 10002
21.25 0 4.5 0 0 0 0 0.727231 0.143301 -1 10002
21.25 0 4.75 0 0 0 0 0.687569 0.143977 -1 10002
21.25 0 5 0 0 0 0 0.647452 0.144659 -1 9502
21.25 0 5.25 0 0 0 0 0.606842 0.145348 -1 9502
21.25 0 5.5 0 0 0 0 0.563333 0.1461 -1 9502
21.25 0 5.75 0 0 0 0 0.519824 0.146914 -1 9002
21.25 0 6 0 0 0 0 0.476582 0.147737 -1 9002
21.25 0 6.25 0 0 0 0 0.433688 0.14857 -1 8502
21.25 0 6.5 0 0 0 0 0.390793 0.149469 -1 8502
21.25 0 6.75 0 0 0 0 0.351231 0.150416 -1 8502
21.25 0 7 0 0 0 0 0.312772 0.151375 -1 8002
21.25 0 7.25 -0.0014798 -1.29633e-05 -0.0112838 0.0113804 0.275115 0.152347 -1 8002
21.25 0 7.5 -0.0044496 -3.8979e-05 -0.033929 0.0342195 0.242615 0.153363 -1 8002
21.25 0 7.75 -0.00727338 -4.65018e-05 -0.0653859 0.0657892 0.210115 0.154407 -1 7502
21.25 0 8 -0.0112708 -7.20592e-05 -0.101322 0.101947 0.180537 0.155464 -1 7502
21.25 0 8.25 -0.0140572 -3.78488e-05 -0.14116 0.141858 0.152907 0.156536 -1 7002
21.25 0 8.5 -0.0184734 -4.97392e-05 -0.185506 0.186423 0.125876 0.157689 -1 7002
21.25 0 8.75 -0.0220016 2.66322e-05 -0.230804 0.23185 0.101114 0.158875 -1 6502
21.25 0 9 -0.0266949 3.23133e-05 -0.280038 0.281308 0.0763517 0.16008 -1 6502
21.25 0 9.25 -0.0315579 3.81997e-05 -0.331052 0.332553 0.0525202 0.161302 -1 6502
21.25 0 9.5 -0.0356015 -6.74371e-05 -0.385259 0.386901 0.02881 0.162666 -1 6002
21.25 0 9.75 -0.0407676 -7.72227e-05 -0.441163 0.443042 0.00560078 0.164069 -1 6002
21.375 0 0 0 0 0 0 1.2742 0.138866 -1 13502
21.375 0 0.25 0 0 0 0 1.2652 0.138795 -1 13502
21.375 0 0.5 0 0 0 0 1.2562 0.138731 -1 13002
21.375 0 0.75 0 0 0 0 1.23984 0.138799 -1 13002
21.375 0 1 0 0 0 0 1.22144 0.138868 -1 12502
21.375 0 1.25 0 0 0 0 1.20257 0.138937 -1 12502
21.375 0 1.5 0 0 0 0 1.1826 0.13903 -1 12002
21.375 0 1.75 0 0 0 0 1.16262 0.139269 -1 12002
21.375 0 2 0 0 0 0 1.14043 0.139509 -1 12002
21.375 0 2.25 0 0 0 0 1.11729 0.13975 -1 11502
21.375 0 2.5 0 0 0 0 1.09393 0.140032 -1 11502
21.375 0 2.75 0 0 0 0 1.06789 0.140446 -1 11502
21.375 0 3 0 0 0 0 1.04185 0.140862 -1 11002
21.375 0 3.25 0 0 0 0 1.01436 0.141281 -1 11002
21.375 0 3.5 0 0 0 0 0.984763 0.141749 -1 10502
21.375 0 3.75 0 0 0 0 0.955161 0.142318 -1 10502
21.375 0 4 0 0 0 0 0.921553 0.142891 -1 10502
21.375 0 4.25 0 0 0 0 0.886227 0.143469 -1 10002
21.375 0 4.5 0 0 0 0 0.850901 0.144086 -1 10002
21.375 0 4.75 0 0 0 0 0.810879 0.144759 -1 10002
21.375 0 5 0 0 0 0 0.770761 0.145437 -1 9502
21.375 0 5.25 0 0 0 0 0.729867 0.146122 -1 9502
21.375 0 5.5 0 0 0 0 0.686358 0.146869 -1 9502
21.375 0 5.75 0 0 0 0 0.64285 0.147677 -1 9002
21.375 0 6 0 0 0 0 0.599664 0.148493 -1 9002
21.375 0 6.25 0 0 0 0 0.55677 0.149319 -1 8502
21.375 0 6.5 0 0 0 0 0.513875 0.150212 -1 8502
21.375 0 6.75 0 0 0 0 0.474679 0.151154 -1 8502
21.375 0 7 0 0 0 0 0.43622 0.152107 -1 8002
21.375 0 7.25 0 0 0 0 0.398989 0.153073 -1 8002
21.375 0 7.5 0 0 0 0 0.366489 0.154082 -1 8002
21.375 0 7.75 0 0 0 0 0.333989 0.155117 -1 7502
21.375 0 8 -0.000161954 -1.03544e-06 -0.00145592 0.0014649 0.304704 0.156166 -1 7502
21.375 0 8.25 -0.0014973 -4.03144e-06 -0.0150355 0.0151099 0.277074 0.157229 -1 7002
21.375 0 8.5 -0.00341726 -9.20092e-06 -0.0343154 0.0344852 0.250194 0.15837 -1 7002
21.375 0 8.75 -0.00545992 6.60904e-06 -0.0572762 0.0575359 0.225431 0.159545 -1 6502
21.375 0 9 -0.00809814 9.80252e-06 -0.084952 0.0853371 0.200599 0.160738 -1 6502
21.375 0 9.25 -0.0110223 1.33421e-05 -0.115627 0.116152 0.176889 0.161948 -1 6502
21.375 0 9.5 -0.0138981 -2.6326e-05 -0.150397 0.151038 0.153179 0.163295 -1 6002
21.375 0 9.75 -0.0173707 -3.29038e-05 -0.187975 0.188776 0.130003 0.164679 -1 6002
21.5 0 0 0 0 0 0 1.39903 0.139706 -1 13502
21.5 0 0.25 0 0 0 0 1.39003 0.139635 -1 13002
21.5 0 0.5 0 0 0 0 1.38103 0.13957 -1 13002
21.5 0 0.75 0 0 0 0 1.36441 0.139638 -1 13002
21.5 0 1 0 0 0 0 1.34601 0.139705 -1 12502
21.5 0 1.25 0 0 0 0 1.32708 0.139773 -1 12502
21.5 0 1.5 0 0 0 0 1.30711 0.139865 -1 12002
21.5 0 1.75 0 0 0 0 1.28714 0.140101 -1 12002
21.5 0 2 0 0 0 0 1.26481 0.140339 -1 12002
21.5 0 2.25 0 0 0 0 1.24167 0.140577 -1 11502
21.5 0 2.5 0 0 0 0 1.21816 0.140856 -1 11502
21.5 0 2.75 0 0 0 0 1.19212 0.141266 -1 11502
21.5 0 3 0 0 0 0 1.16609 0.141679 -1 11002
21.5 0 3.25 0 0 0 0 1.13841 0.142094 -1 11002
21.5 0 3.5 0 0 0 0 1.1088 0.142558 -1 10502
21.5 0 3.75 0 0 0 0 1.0792 0.143123 -1 10502
21.5 0 4 0 0 0 0 1.04522 0.143693 -1 10502
21.5 0 4.25 0 0 0 0 1.0099 0.144267 -1 10002
21.5 0 4.5 0 0 0 0 0.974306 0.144881 -1 10002
21.5 0 4.75 0 0 0 0 0.934188 0.145549 -1 10002
21.5 0 5 0 0 0 0 0.89407 0.146224 -1 9502
21.5 0 5.25 0 0 0 0 0.852893 0.146905 -1 9502
21.5 0 5.5 0 0 0 0 0.809384 0.147647 -1 9502
21.5 0 5.75 0 0 0 0 0.765875 0.148447 -1 9002
21.5 0 6 0 0 0 0 0.722747 0.149257 -1 9002
21.5 0 6.25 0 0 0 0 0.679852 0.150075 -1 8502
21.5 0 6.5 0 0 0 0 0.636957 0.150962 -1 8502
21.5 0 6.75 0 0 0 0 0.598127 0.151898 -1 8502
21.5 0 7 0 0 0 0 0.559668 0.152846 -1 8002
21.5 0 7.25 0 0 0 0 0.522863 0.153806 -1 8002
21.5 0 7.5 0 0 0 0 0.490363 0.154807 -1 8002
21.5 0 7.75 0 0 0 0 0.457863 0.155833 -1 7502
21.5 0 8 0 0 0 0 0.428871 0.156873 -1 7502
21.5 0 8.25 0 0 0 0 0.401241 0.157928 -1 7002
21.5 0 8.5 0 0 0 0 0.374511 0.159058 -1 7002
21.5 0 8.75 0 0 0 0 0.349749 0.160221 -1 6502
21.5 0 9 0 0 0 0 0.324968 0.161401 -1 6502
21.5 0 9.25 -0.000736019 8.90926e-07 -0.00772107 0.00775607 0.301258 0.162599 -1 6502
21.5 0 9.5 -0.002 -3.78844e-06 -0.0216428 0.021735 0.277547 0.163928 -1 6002
21.5 0 9.75 -0.00364726 -6.90871e-06 -0.0394685 0.0396367 0.254406 0.165294 -1 6002
21.625 0 0 0 0 0 0 1.52386 0.140548 -1 13502
21.625 0 0.25 0 0 0 0 1.51485 0.140477 -1 13002
21.625 0 0.5 0 0 0 0 1.50585 0.140412 -1 13002
21.625 0 0.75 0 0 0 0 1.48898 0.140479 -1 13002
21.625 0 1 0 0 0 0 1.47058 0.140545 -1 12502
21.625 0 1.25 0 0 0 0 1.45159 0.140612 -1 12502
21.625 0 1.5 0 0 0 0 1.43162 0.140702 -1 12002
21.625 0 1.75 0 0 0 0 1.41165 0.140936 -1 12002
21.625 0 2 0 0 0 0 1.38918 0.141171 -1 12002
21.625 0 2.25 0 0 0 0 1.36605 0.141407 -1 11502
21.625 0 2.5 0 0 0 0 1.3424 0.141683 -1 11502
21.625 0 2.75 0 0 0 0 1.31636 0.142089 -1 11502
21.625 0 3 0 0 0 0 1.29032 0.142498 -1 11002
21.625 0 3.25 0 0 0 0 1.26245 0.142909 -1 11002
21.625 0 3.5 0 0 0 0 1.23284 0.14337 -1 10502
21.625 0 3.75 0 0 0 0 1.20324 0.143931 -1 10502
21.625 0 4 0 0 0 0 1.16889 0.144497 -1 10502
21.625 0 4.25 0 0 0 0 1.13357 0.145067 -1 10002
21.625 0 4.5 0 0 0 0 1.09761 0.145677 -1 10002
21.625 0 4.75 0 0 0 0 1.0575 0.146342 -1 10002
21.625 0 5 0 0 0 0 1.01738 0.147013 -1 9502
21.625 0 5.25 0 0 0 0 0.975919 0.14769 -1 9502
21.625 0 5.5 0 0 0 0 0.93241 0.148426 -1 9002
21.625 0 5.75 0 0 0 0 0.888901 0.149221 -1 9002
21.625 0 6 0 0 0 0 0.845829 0.150024 -1 9002
21.625 0 6.25 0 0 0 0 0.802934 0.150835 -1 8502
21.625 0 6.5 0 0 0 0 0.760035 0.151716 -1 8502
21.625 0 6.75 0 0 0 0 0.721576 0.152646 -1 8502
21.625 0 7 0 0 0 0 0.683116 0.153588 -1 8002
21.625 0 7.25 0 0 0 0 0.646737 0.154541 -1 8002
21.625 0 7.5 0 0 0 0 0.614237 0.155534 -1 7502
21.625 0 7.75 0 0 0 0 0.581737 0.156553 -1 7502
21.625 0 8 0 0 0 0 0.553037 0.157585 -1 7502
21.625 0 8.25 0 0 0 0 0.525407 0.15863 -1 7002
21.625 0 8.5 0 0 0 0 0.498829 0.15975 -1 7002
21.625 0 8.75 0 0 0 0 0.474066 0.1609 -1 6502
21.625 0 9 0 0 0 0 0.449337 0.162068 -1 6502
21.625 0 9.25 0 0 0 0 0.425626 0.163252 -1 6502
21.625 0 9.5 0 0 0 0 0.401916 0.164565 -1 6002
21.625 0 9.75 0 0 0 0 0.378809 0.165913 -1 6002
21.75 0 0 0 0 0 0 1.64868 0.141356 -1 13502
21.75 0 0.25 0 0 0 0 1.63968 0.141285 -1 13002
21.75 0 0.5 0 0 0 0 1.63068 0.141221 -1 13002
21.75 0 0.75 0 0 0 0 1.61355 0.141287 -1 13002
21.75 0 1 0 0 0 0 1.59516 0.141352 -1 12502
21.75 0 1.25 0 0 0 0 1.57611 0.141418 -1 12502
21.75 0 1.5 0 0 0 0 1.55613 0.141508 -1 12002
21.75 0 1.75 0 0 0 0 1.53616 0.141738 -1 12002
21.75 0 2 0 0 0 0 1.51356 0.14197 -1 12002
21.75 0 2.25 0 0 0 0 1.49043 0.142202 -1 11502
21.75 0 2.5 0 0 0 0 1.46664 0.142475 -1 11502
21.75 0 2.75 0 0 0 0 1.4406 0.142879 -1 11502
21.75 0 3 0 0 0 0 1.41456 0.143284 -1 11002
21.75 0 3.25 0 0 0 0 1.38649 0.143692 -1 11002
21.75 0 3.5 0 0 0 0 1.35689 0.14415 -1 10502
21.75 0 3.75 0 0 0 0 1.32728 0.144708 -1 10502
21.75 0 4 0 0 0 0 1.29256 0.14527 -1 10502
21.75 0 4.25 0 0 0 0 1.25724 0.145837 -1 10002
21.75 0 4.5 0 0 0 0 1.22092 0.146444 -1 10002
21.75 0 4.75 0 0 0 0 1.18081 0.147106 -1 10002
21.75 0 5 0 0 0 0 1.14069 0.147774 -1 9502
21.75 0 5.25 0 0 0 0 1.09894 0.148448 -1 9502
21.75 0 5.5 0 0 0 0 1.05544 0.149181 -1 9002
21.75 0 5.75 0 0 0 0 1.01193 0.149971 -1 9002
21.75 0 6 0 0 0 0 0.968911 0.150769 -1 9002
21.75 0 6.25 0 0 0 0 0.926017 0.151577 -1 8502
21.75 0 6.5 0 0 0 0 0.883483 0.152451 -1 8502
21.75 0 6.75 0 0 0 0 0.845024 0.153374 -1 8502
21.75 0 7 0 0 0 0 0.806565 0.154309 -1 8002
21.75 0 7.25 0 0 0 0 0.770611 0.155255 -1 8002
21.75 0 7.5 0 0 0 0 0.738111 0.156243 -1 7502
21.75 0 7.75 0 0 0 0 0.705611 0.157258 -1 7502
21.75 0 8 0 0 0 0 0.677204 0.158286 -1 7502
21.75 0 8.25 0 0 0 0 0.649574 0.159328 -1 7002
21.75 0 8.5 0 0 0 0 0.623146 0.160436 -1 7002
21.75 0 8.75 0 0 0 0 0.598384 0.161573 -1 6502
21.75 0 9 0 0 0 0 0.573705 0.162726 -1 6502
21.75 0 9.25 0 0 0 0 0.549995 0.163896 -1 6502
21.75 0 9.5 0 0 0 0 0.526285 0.165197 -1 6002
21.75 0 9.75 0 0 0 0 0.503211 0.166534 -1 6002
21.875 0 0 0 0 0 0 1.66665 0.142174 -1 40503
21.875 0 0.25 0 0 0 0 1.63034 0.142103 -1 41003
21.875 0 0.5 0 0 0 0 1.59404 0.142038 -1 41003
21.875 0 0.75 0 0 0 0 1.5651 0.142104 -1 41003
21.875 0 1 0 0 0 0 1.53682 0.142169 -1 41503
21.875 0 1.25 0 0 0 0 1.50849 0.142234 -1 41503
21.875 0 1.5 0 0 0 0 1.48238 0.142322 -1 41503
21.875 0 1.75 0 0 0 0 1.45688 0.14255 -1 42003
21.875 0 2 0 0 0 0 1.43137 0.142778 -1 42003
21.875 0 2.25 0 0 0 0 1.40796 0.143007 -1 42003
21.875 0 2.5 0 0 0 0 1.38559 0.143276 -1 42503
21.875 0 2.75 0 0 0 0 1.36318 0.143677 -1 42503
21.875 0 3 0 0 0 0 1.3427 0.14408 -1 42503
21.875 0 3.25 0 0 0 0 1.32363 0.144485 -1 43003
21.875 0 3.5 0 0 0 0 1.30452 0.144939 -1 43003
21.875 0 3.75 0 0 0 0 1.28728 0.145494 -1 43003
21.875 0 4 0 0 0 0 1.27207 0.146053 -1 43003
21.875 0 4.25 0 0 0 0 1.25693 0.146616 -1 43503
21.875 0 4.5 0 0 0 0 1.24362 0.147219 -1 43503
21.875 0 4.75 0 0 0 0 1.23383 0.147878 -1 43503
21.875 0 5 0 0 0 0 1.22412 0.148543 -1 44003
21.875 0 5.25 0 0 0 0 1.21553 0.149214 -1 44003
21.875 0 5.5 0 0 0 0 1.17846 0.149943 -1 9002
21.875 0 5.75 0 0 0 0 1.13495 0.150729 -1 9002
21.875 0 6 0 0 0 0 1.09199 0.151523 -1 9002
21.875 0 6.25 0 0 0 0 1.0491 0.152325 -1 8502
21.875 0 6.5 0 0 0 0 1.00693 0.153194 -1 8502
21.875 0 6.75 0 0 0 0 0.968472 0.15411 -1 8502
21.875 0 7 0 0 0 0 0.930013 0.155037 -1 8002
21.875 0 7.25 0 0 0 0 0.894485 0.155975 -1 8002
21.875 0 7.5 0 0 0 0 0.861985 0.156959 -1 7502
21.875 0 7.75 0 0 0 0 0.829485 0.15797 -1 7502
21.875 0 8 0 0 0 0 0.80137 0.158994 -1 7502
21.875 0 8.25 0 0 0 0 0.773741 0.160031 -1 7002
21.875 0 8.5 0 0 0 0 0.747463 0.161127 -1 7002
21.875 0 8.75 0 0 0 0 0.722701 0.162251 -1 6502
21.875 0 9 0 0 0 0 0.698074 0.16339 -1 6502
21.875 0 9.25 0 0 0 0 0.674364 0.164545 -1 6002
21.875 0 9.5 0 0 0 0 0.650607 0.165835 -1 6002
21.875 0 9.75 0 0 0 0 0.627614 0.16716 -1 6002
22 0 0 0 0 0 0 1.54327 0.143001 -1 40503
22 0 0.25 0 0 0 0 1.50697 0.14293 -1 41003
22 0 0.5 0 0 0 0 1.47067 0.142866 -1 41003
22 0 0.75 0 0 0 0 1.4412 0.14293 -1 41003
22 0 1 0 0 0 0 1.41292 0.142995 -1 41503
22 0 1.25 0 0 0 0 1.38459 0.14306 -1 41503
22 0 1.5 0 0 0 0 1.35833 0.143147 -1 41503
22 0 1.75 0 0 0 0 1.33283 0.143371 -1 42003
22 0 2 0 0 0 0 1.30732 0.143595 -1 42003
22 0 2.25 0 0 0 0 1.28376 0.143821 -1 42003
22 0 2.5 0 0 0 0 1.26138 0.144087 -1 42503
22 0 2.75 0 0 0 0 1.23898 0.144484 -1 42503
22 0 3 0 0 0 0 1.21836 0.144884 -1 42503
22 0 3.25 0 0 0 0 1.19925 0.145286 -1 42503
22 0 3.5 0 0 0 0 1.18018 0.145737 -1 43003
22 0 3.75 0 0 0 0 1.1628 0.146288 -1 43003
22 0 4 0 0 0 0 1.1476 0.146843 -1 43003
22 0 4.25 0 0 0 0 1.13244 0.147402 -1 43503
22 0 4.5 0 0 0 0 1.119 0.148003 -1 43503
22 0 4.75 0 0 0 0 1.10921 0.148658 -1 43503
22 0 5 0 0 0 0 1.0995 0.14932 -1 44003
22 0 5.25 0 0 0 0 1.09084 0.149987 -1 44003
22 0 5.5 0 0 0 0 1.08561 0.150713 -1 44003
22 0 5.75 0 0 0 0 1.08049 0.151494 -1 44503
22 0 6 0 0 0 0 1.0758 0.152284 -1 44503
22 0 6.25 0 0 0 0 1.07269 0.153081 -1 44503
22 0 6.5 0 0 0 0 1.06968 0.153944 -1 45003
22 0 6.75 0 0 0 0 1.06563 0.154852 -1 45003
22 0 7 0 0 0 0 1.05346 0.155772 -1 8002
22 0 7.25 0 0 0 0 1.01836 0.156702 -1 8002
22 0 7.5 0 0 0 0 0.985859 0.157681 -1 7502
22 0 7.75 0 0 0 0 0.953167 0.158688 -1 7502
22 0 8 0 0 0 0 0.925537 0.159707 -1 7502
22 0 8.25 0 0 0 0 0.897907 0.16074 -1 7002
22 0 8.5 0 0 0 0 0.871781 0.161825 -1 7002
22 0 8.75 0 0 0 0 0.847019 0.162934 -1 6502
22 0 9 0 0 0 0 0.822443 0.164059 -1 6502
22 0 9.25 0 0 0 0 0.798733 0.165199 -1 6002
22 0 9.5 0 0 0 0 0.77501 0.166477 -1 6002
22 0 9.75 0 0 0 0 0.752017 0.167791 -1 6002
22.125 0 0 0 0 0 0 1.4199 0.143838 -1 40503
22.125 0 0.25 0 0 0 0 1.38359 0.143767 -1 41003
22.125 0 0.5 0 0 0 0 1.34729 0.143703 -1 41003
22.125 0 0.75 0 0 0 0 1.31731 0.143767 -1 41003
22.125 0 1 0 0 0 0 1.28902 0.143831 -1 41503
22.125 0 1.25 0 0 0 0 1.26069 0.143895 -1 41503
22.125 0 1.5 0 0 0 0 1.23428 0.143981 -1 41503
22.125 0 1.75 0 0 0 0 1.20878 0.144201 -1 42003
22.125 0 2 0 0 0 0 1.18327 0.144422 -1 42003
22.125 0 2.25 0 0 0 0 1.15955 0.144644 -1 42003
22.125 0 2.5 0 0 0 0 1.13718 0.144906 -1 42503
22.125 0 2.75 0 0 0 0 1.11478 0.145301 -1 42503
22.125 0 3 0 0 0 0 1.09402 0.145697 -1 42503
22.125 0 3.25 0 0 0 0 1.07491 0.146096 -1 42503
22.125 0 3.5 0 0 0 0 1.05583 0.146544 -1 43003
22.125 0 3.75 0 0 0 0 1.03832 0.147091 -1 43003
22.125 0 4 0 0 0 0 1.02312 0.147642 -1 43003
22.125 0 4.25 0 0 0 0 1.00796 0.148198 -1 43503
22.125 0 4.5 0 0 0 0 0.994377 0.148794 -1 43503
22.125 0 4.75 0 0 0 0 0.984588 0.149447 -1 43503
22.125 0 5 0 0 0 0 0.974867 0.150105 -1 44003
22.125 0 5.25 0 0 0 0 0.966138 0.150769 -1 44003
22.125 0 5.5 0 0 0 0 0.960916 0.15149 -1 44003
22.125 0 5.75 0 0 0 0 0.955778 0.152267 -1 44503
22.125 0 6 0 0 0 0 0.951071 0.153052 -1 44503
22.125 0 6.25 0 0 0 0 0.947966 0.153845 -1 44503
22.125 0 6.5 0 0 0 0 0.944945 0.154701 -1 45003
22.125 0 6.75 0 0 0 0 0.940917 0.155602 -1 45003
22.125 0 7 0 0 0 0 0.935726 0.156514 -1 45503
22.125 0 7.25 0 0 0 0 0.930482 0.157436 -1 45503
22.125 0 7.5 0 0 0 0 0.920645 0.15841 -1 45503
22.125 0 7.75 0 0 0 0 0.909623 0.159412 -1 46003
22.125 0 8 0 0 0 0 0.896454 0.160428 -1 46003
22.125 0 8.25 0 0 0 0 0.877838 0.161456 -1 46503
22.125 0 8.5 0 0 0 0 0.859265 0.162529 -1 46503
22.125 0 8.75 0 0 0 0 0.833748 0.163624 -1 46503
22.125 0 9 0 0 0 0 0.807158 0.164733 -1 47003
22.125 0 9.25 0 0 0 0 0.777921 0.165858 -1 47003
22.125 0 9.5 0 0 0 0 0.746685 0.167125 -1 47503
22.125 0 9.75 0 0 0 0 0.713682 0.168426 -1 47503
22.25 0 0 0 0 0 0 1.29652 0.144685 -1 40503
22.25 0 0.25 0 0 0 0 1.26021 0.144614 -1 41003
22.25 0 0.5 0 0 0 0 1.22391 0.144549 -1 41003
22.25 0 0.75 0 0 0 0 1.19341 0.144613 -1 41003
22.25 0 1 0 0 0 0 1.16512 0.144676 -1 41503
22.25 0 1.25 0 0 0 0 1.1368 0.144739 -1 41503
22.25 0 1.5 0 0 0 0 1.11023 0.144824 -1 41503
22.25 0 1.75 0 0 0 0 1.08473 0.145041 -1 42003
22.25 0 2 0 0 0 0 1.05921 0.145259 -1 42003
22.25 0 2.25 0 0 0 0 1.03535 0.145477 -1 42003
22.25 0 2.5 0 0 0 0 1.01297 0.145735 -1 42003
22.25 0 2.75 0 0 0 0 0.990571 0.146127 -1 42503
22.25 0 3 0 0 0 0 0.969678 0.14652 -1 42503
22.25 0 3.25 0 0 0 0 0.95057 0.146915 -1 42503
22.25 0 3.5 0 0 0 0 0.931488 0.147359 -1 43003
22.25 0 3.75 0 0 0 0 0.913839 0.147903 -1 43003
22.25 0 4 0 0 0 0 0.898636 0.14845 -1 43003
22.25 0 4.25 0 0 0 0 0.883475 0.149002 -1 43503
22.25 0 4.5 0 0 0 0 0.869755 0.149595 -1 43503
22.25 0 4.75 0 0 0 0 0.859966 0.150244 -1 43503
22.25 0 5 0 0 0 0 0.850239 0.150899 -1 44003
22.25 0 5.25 0 0 0 0 0.841439 0.151559 -1 44003
22.25 0 5.5 0 0 0 0 0.836217 0.152276 -1 44003
22.25 0 5.75 0 0 0 0 0.83107 0.153048 -1 44503
22.25 0 6 0 0 0 0 0.826345 0.153828 -1 44503
22.25 0 6.25 0 0 0 0 0.82324 0.154616 -1 44503
22.25 0 6.5 0 0 0 0 0.820209 0.155466 -1 45003
22.25 0 6.75 0 0 0 0 0.816199 0.156359 -1 45003
22.25 0 7 0 0 0 0 0.811002 0.157263 -1 45503
22.25 0 7.25 0 0 0 0 0.805757 0.158177 -1 45503
22.25 0 7.5 0 0 0 0 0.796016 0.159145 -1 45503
22.25 0 7.75 0 0 0 0 0.784992 0.160144 -1 46003
22.25 0 8 0 0 0 0 0.77205 0.161155 -1 46003
22.25 0 8.25 0 0 0 0 0.753439 0.162179 -1 46503
22.25 0 8.5 0 0 0 0 0.734866 0.163239 -1 46503
22.25 0 8.75 0 0 0 0 0.709714 0.164319 -1 46503
22.25 0 9 0 0 0 0 0.683128 0.165413 -1 47003
22.25 0 9.25 0 0 0 0 0.654163 0.166523 -1 47003
22.25 0 9.5 0 0 0 0 0.62293 0.167777 -1 47503
22.25 0 9.75 0 0 0 0 0.590292 0.169067 -1 47503
22.375 0 0 0 0 0 0 1.17314 0.145522 -1 40503
22.375 0 0.25 0 0 0 0 1.13684 0.145451 -1 41003
22.375 0 0.5 0 0 0 0 1.10054 0.145386 -1 41003
22.375 0 0.75 0 0 0 0 1.06952 0.145448 -1 41003
22.375 0 1 0 0 0 0 1.04122 0.145511 -1 41503
22.375 0 1.25 0 0 0 0 1.0129 0.145573 -1 41503
22.375 0 1.5 0 0 0 0 0.986178 0.145656 -1 41503
22.375 0 1.75 0 0 0 0 0.960675 0.145871 -1 42003
22.375 0 2 0 0 0 0 0.935161 0.146086 -1 42003
22.375 0 2.25 0 0 0 0 0.911149 0.146301 -1 42003
22.375 0 2.5 0 0 0 0 0.888747 0.146557 -1 42003
22.375 0 2.75 0 0 0 0 0.866366 0.146944 -1 42503
22.375 0 3 0 0 0 0 0.845336 0.147334 -1 42503
22.375 0 3.25 0 0 0 0 0.826228 0.147725 -1 42503
22.375 0 3.5 0 0 0 0 0.807143 0.148165 -1 43003
22.375 0 3.75 0 0 0 0 0.78936 0.148705 -1 43003
22.375 0 4 0 0 0 0 0.774156 0.149249 -1 43003
22.375 0 4.25 0 0 0 0 0.75899 0.149797 -1 43503
22.375 0 4.5 0 0 0 0 0.745134 0.150387 -1 43503
22.375 0 4.75 0 0 0 0 0.735345 0.151033 -1 43503
22.375 0 5 0 0 0 0 0.72561 0.151685 -1 44003
22.375 0 5.25 0 0 0 0 0.716741 0.152342 -1 44003
22.375 0 5.5 0 0 0 0 0.711519 0.153056 -1 44003
22.375 0 5.75 0 0 0 0 0.706362 0.153823 -1 44503
22.375 0 6 0 0 0 0 0.701619 0.154598 -1 44503
22.375 0 6.25 0 0 0 0 0.698514 0.155381 -1 44503
22.375 0 6.5 0 0 0 0 0.695473 0.156224 -1 45003
22.375 0 6.75 0 0 0 0 0.691482 0.157112 -1 45003
22.375 0 7 0 0 0 0 0.686278 0.158009 -1 45503
22.375 0 7.25 0 0 0 0 0.681033 0.158917 -1 45503
22.375 0 7.5 0 0 0 0 0.671388 0.159879 -1 45503
22.375 0 7.75 0 0 0 0 0.660362 0.160871 -1 46003
22.375 0 8 0 0 0 0 0.647645 0.161876 -1 46003
22.375 0 8.25 0 0 0 0 0.62904 0.162893 -1 46003
22.375 0 8.5 0 0 0 0 0.610467 0.163944 -1 46503
22.375 0 8.75 0 0 0 0 0.58568 0.165013 -1 46503
22.375 0 9 0 0 0 0 0.559097 0.166097 -1 47003
22.375 0 9.25 0 0 0 0 0.530404 0.167195 -1 47003
22.375 0 9.5 0 0 0 0 0.499176 0.168434 -1 47503
22.375 0 9.75 0 0 0 0 0.466902 0.169708 -1 47503
22.5 0 0 0 0 0 0 1.04976 0.14632 -1 40503
22.5 0 0.25 0 0 0 0 1.01346 0.146249 -1 41003
22.5 0 0.5 0 0 0 0 0.97716 0.146184 -1 41003
22.5 0 0.75 0 0 0 0 0.945622 0.146243 -1 41003
22.5 0 1 0 0 0 0 0.917326 0.146303 -1 41503
22.5 0 1.25 0 0 0 0 0.888997 0.146363 -1 41503
22.5 0 1.5 0 0 0 0 0.862127 0.146445 -1 41503
22.5 0 1.75 0 0 0 0 0.836613 0.14666 -1 41503
22.5 0 2 0 0 0 0 0.811109 0.146875 -1 42003
22.5 0 2.25 0 0 0 0 0.786947 0.147091 -1 42003
22.5 0 2.5 0 0 0 0 0.764545 0.147346 -1 42003
22.5 0 2.75 0 0 0 0 0.742161 0.147728 -1 42503
22.5 0 3 0 0 0 0 0.720993 0.148112 -1 42503
22.5 0 3.25 0 0 0 0 0.701885 0.148498 -1 42503
22.5 0 3.5 0 0 0 0 0.682798 0.148934 -1 43003
22.5 0 3.75 0 0 0 0 0.66488 0.149472 -1 43003
22.5 0 4 0 0 0 0 0.649676 0.150014 -1 43003
22.5 0 4.25 0 0 0 0 0.634505 0.150559 -1 43503
22.5 0 4.5 0 0 0 0 0.620513 0.151147 -1 43503
22.5 0 4.75 0 0 0 0 0.610724 0.151791 -1 43503
22.5 0 5 0 0 0 0 0.600981 0.152441 -1 44003
22.5 0 5.25 0 0 0 0 0.592042 0.153097 -1 44003
22.5 0 5.5 0 0 0 0 0.58682 0.153806 -1 44003
22.5 0 5.75 0 0 0 0 0.581654 0.154568 -1 44503
22.5 0 6 0 0 0 0 0.576893 0.155338 -1 44503
22.5 0 6.25 0 0 0 0 0.573788 0.156115 -1 44503
22.5 0 6.5 0 0 0 0 0.570737 0.156956 -1 45003
22.5 0 6.75 0 0 0 0 0.566764 0.157841 -1 45003
22.5 0 7 0 0 0 0 0.561554 0.158737 -1 45503
22.5 0 7.25 0 0 0 0 0.556309 0.159643 -1 45503
22.5 0 7.5 0 0 0 0 0.54676 0.160597 -1 45503
22.5 0 7.75 0 0 0 0 0.535732 0.161579 -1 46003
22.5 0 8 0 0 0 0 0.52324 0.162573 -1 46003
22.5 0 8.25 0 0 0 0 0.504641 0.163579 -1 46003
22.5 0 8.5 0 0 0 0 0.486068 0.164627 -1 46503
22.5 0 8.75 0 0 0 0 0.461646 0.165696 -1 46503
22.5 0 9 0 0 0 0 0.435067 0.16678 -1 47003
22.5 0 9.25 0 0 0 0 0.406646 0.167877 -1 47003
22.5 0 9.5 0 0 0 0 0.375422 0.169096 -1 47503
22.5 0 9.75 0 0 0 0 0.343512 0.170346 -1 47503
22.625 0 0 0 0 0 0 0.926386 0.147127 -1 40503
22.625 0 0.25 0 0 0 0 0.890083 0.147055 -1 41003
22.625 0 0.5 0 0 0 0 0.853783 0.14699 -1 41003
22.625 0 0.75 0 0 0 0 0.821726 0.147047 -1 41003
22.625 0 1 0 0 0 0 0.793398 0.147105 -1 41003
22.625 0 1.25 0 0 0 0 0.765098 0.147163 -1 41503
22.625 0 1.5 0 0 0 0 0.738075 0.147243 -1 41503
22.625 0 1.75 0 0 0 0 0.712562 0.147458 -1 41503
22.625 0 2 0 0 0 0 0.687056 0.147673 -1 42003
22.625 0 2.25 0 0 0 0 0.662745 0.147889 -1 42003
22.625 0 2.5 0 0 0 0 0.640342 0.148143 -1 42003
22.625 0 2.75 0 0 0 0 0.617956 0.14852 -1 42503
22.625 0 3 0 0 0 0 0.596651 0.148899 -1 42503
22.625 0 3.25 0 0 0 0 0.577543 0.14928 -1 42503
22.625 0 3.5 0 0 0 0 0.558453 0.149712 -1 43003
22.625 0 3.75 0 0 0 0 0.5404 0.150247 -1 43003
22.625 0 4 0 0 0 0 0.525196 0.150786 -1 43003
22.625 0 4.25 0 0 0 0 0.510021 0.151329 -1 43503
22.625 0 4.5 0 0 0 0 0.495892 0.151914 -1 43503
22.625 0 4.75 0 0 0 0 0.486103 0.152557 -1 43503
22.625 0 5 0 0 0 0 0.476352 0.153205 -1 44003
22.625 0 5.25 0 0 0 0 0.467344 0.153859 -1 44003
22.625 0 5.5 0 0 0 0 0.462122 0.154565 -1 44003
22.625 0 5.75 0 0 0 0 0.456946 0.155321 -1 44503
22.625 0 6 0 0 0 0 0.452167 0.156085 -1 44503
22.625 0 6.25 0 0 0 0 0.449061 0.156857 -1 44503
22.625 0 6.5 0 0 0 0 0.446001 0.157694 -1 45003
22.625 0 6.75 0 0 0 0 0.442046 0.158578 -1 45003
22.625 0 7 0 0 0 0 0.43683 0.159471 -1 45503
22.625 0 7.25 0 0 0 0 0.431585 0.160375 -1 45503
22.625 0 7.5 0 0 0 0 0.422131 0.161321 -1 45503
22.625 0 7.75 0 0 0 0 0.411102 0.162293 -1 46003
22.625 0 8 0 0 0 0 0.398836 0.163275 -1 46003
22.625 0 8.25 0 0 0 0 0.380242 0.16427 -1 46003
22.625 0 8.5 0 0 0 0 0.361669 0.165316 -1 46503
22.625 0 8.75 0 0 0 0 0.337612 0.166385 -1 46503
22.625 0 9 -0.000791332 5.00687e-06 0.00738627 0.00742854 0.311036 0.167468 -1 47003
22.625 0 9.25 -0.0024797 1.56894e-05 0.0231454 0.0232779 0.282887 0.168565 -1 47003
22.625 0 9.5 -0.00591935 8.66234e-06 0.0469422 0.0473139 0.251668 0.169763 -1 47503
22.625 0 9.75 -0.00979002 1.43267e-05 0.0776378 0.0782526 0.220121 0.170988 -1 47503
22.75 0 0 0 0 0 0 0.803009 0.147943 -1 40503
22.75 0 0.25 0 0 0 0 0.766706 0.147871 -1 41003
22.75 0 0.5 0 0 0 0 0.730406 0.147805 -1 41003
22.75 0 0.75 0 0 0 0 0.69783 0.14786 -1 41003
22.75 0 1 0 0 0 0 0.669502 0.147915 -1 41003
22.75 0 1.25 0 0 0 0 0.641198 0.147971 -1 41503
22.75 0 1.5 0 0 0 0 0.614024 0.148049 -1 41503
22.75 0 1.75 0 0 0 0 0.588511 0.148264 -1 41503
22.75 0 2 0 0 0 0 0.563004 0.14848 -1 42003
22.75 0 2.25 0 0 0 0 0.538542 0.148696 -1 42003
22.75 0 2.5 0 0 0 0 0.51614 0.148949 -1 42003
22.75 0 2.75 0 0 0 0 0.493752 0.149321 -1 42503
22.75 0 3 0 0 0 0 0.472309 0.149694 -1 42503
22.75 0 3.25 0 0 0 0 0.453201 0.15007 -1 42503
22.75 0 3.5 0 0 0 0 0.434108 0.150497 -1 43003
22.75 0 3.75 0 0 0 0 0.41592 0.15103 -1 43003
22.75 0 4 0 0 0 0 0.400717 0.151566 -1 43003
22.75 0 4.25 0 0 0 0 0.385536 0.152107 -1 43503
22.75 0 4.5 0 0 0 0 0.37127 0.15269 -1 43503
22.75 0 4.75 0 0 0 0 0.361481 0.153331 -1 43503
22.75 0 5 0 0 0 0 0.351724 0.153977 -1 44003
22.75 0 5.25 0 0 0 0 0.342645 0.154628 -1 44003
22.75 0 5.5 0 0 0 0 0.337424 0.15533 -1 44003
22.75 0 5.75 0 0 0 0 0.332238 0.156081 -1 44503
22.75 0 6 0 0 0 0 0.327441 0.15684 -1 44503
22.75 0 6.25 0 0 0 0 0.324335 0.157605 -1 44503
22.75 0 6.5 0 0 0 0 0.321265 0.158439 -1 45003
22.75 0 6.75 7.77935e-06 -1.99113e-06 -0.000614508 -0.00061456 0.317328 0.159321 -1 45003
22.75 0 7 -3.46894e-05 4.90754e-06 0.00163518 0.00163556 0.312105 0.160213 -1 45503
22.75 0 7.25 -8.95107e-05 1.26631e-05 0.00421934 0.0042203 0.306861 0.161115 -1 45503
22.75 0 7.5 -0.000191247 2.70558e-05 0.00901494 0.00901701 0.297503 0.162053 -1 45503
22.75 0 7.75 -0.00068989 3.37721e-05 0.0155333 0.0155486 0.286472 0.163013 -1 46003
22.75 0 8 -0.00105472 5.16317e-05 0.0237476 0.0237711 0.274431 0.163984 -1 46003
22.75 0 8.25 -0.00169077 8.27684e-05 0.0380688 0.0381064 0.255857 0.164968 -1 46003
22.75 0 8.5 -0.00410306 6.52256e-05 0.0549084 0.0550615 0.237271 0.166011 -1 46503
22.75 0 8.75 -0.00595069 9.4597e-05 0.079634 0.079856 0.213578 0.16708 -1 46503
22.75 0 9 -0.0119297 7.54808e-05 0.111351 0.111989 0.187006 0.168163 -1 47003
22.75 0 9.25 -0.0160358 0.000101461 0.149678 0.150535 0.159128 0.169259 -1 47003
22.75 0 9.5 -0.0249375 3.64934e-05 0.197762 0.199328 0.127914 0.170435 -1 47503
22.75 0 9.75 -0.0317607 4.64784e-05 0.251872 0.253866 0.0967312 0.171636 -1 47503
22.875 0 0 0 0 0 0 0.679632 0.148768 -1 40503
22.875 0 0.25 0 0 0 0 0.643332 0.148695 -1 40503
22.875 0 0.5 0 0 0 0 0.60703 0.148629 -1 41003
22.875 0 0.75 0 0 0 0 0.573935 0.148682 -1 41003
22.875 0 1 0 0 0 0 0.545607 0.148735 -1 41003
22.875 0 1.25 0 0 0 0 0.517299 0.148788 -1 41503
22.875 0 1.5 0 0 0 0 0.489973 0.148864 -1 41503
22.875 0 1.75 0 0 0 0 0.464459 0.149079 -1 41503
22.875 0 2 0 0 0 0 0.438951 0.149296 -1 42003
22.875 0 2.25 0 0 0 0 0.41434 0.149512 -1 42003
22.875 0 2.5 0 0 0 0 0.391938 0.149764 -1 42003
22.875 0 2.75 0 0 0 0 0.369547 0.15013 -1 42503
22.875 0 3 0 0 0 0 0.347967 0.150498 -1 42503
22.875 0 3.25 0 0 0 0 0.328859 0.150868 -1 42503
22.875 0 3.5 0 0 0 0 0.309763 0.15129 -1 43003
22.875 0 3.75 -0.000252049 2.64935e-06 0.00327799 0.00328767 0.291441 0.151821 -1 43003
22.875 0 4 -0.000827394 8.69693e-06 0.0107606 0.0107923 0.276237 0.152355 -1 43003
22.875 0 4.25 -0.00123849 2.3711e-05 0.0202539 0.0202918 0.261051 0.152893 -1 43503
22.875 0 4.5 -0.00190406 3.64533e-05 0.0311384 0.0311966 0.246649 0.153473 -1 43503
22.875 0 4.75 -0.00243656 4.66481e-05 0.0398468 0.0399212 0.23686 0.154112 -1 43503
22.875 0 5 -0.00194713 9.72175e-05 0.0494108 0.0494492 0.227095 0.154756 -1 44003
22.875 0 5.25 -0.00232952 0.00011631 0.0591145 0.0591605 0.217947 0.155406 -1 44003
22.875 0 5.5 -0.00257821 0.000128726 0.0654251 0.065476 0.212725 0.156104 -1 44003
22.875 0 5.75 -0.00152166 0.000199306 0.0720422 0.0720586 0.20753 0.156849 -1 44503
22.875 0 6 -0.00165656 0.000216975 0.0784288 0.0784466 0.202714 0.157601 -1 44503
22.875 0 6.25 -0.00175399 0.000229736 0.0830416 0.0830604 0.199609 0.158361 -1 44503
22.875 0 6.5 -0.0011117 0.000284541 0.0878157 0.0878232 0.196528 0.159191 -1 45003
22.875 0 6.75 -0.00118647 0.000303677 0.0937217 0.0937297 0.192611 0.160071 -1 45003
22.875 0 7 -0.00215016 0.000304184 0.101354 0.101377 0.187381 0.160961 -1 45503
22.875 0 7.25 -0.00231713 0.000327806 0.109224 0.109249 0.182137 0.161861 -1 45503
22.875 0 7.5 -0.00260168 0.000368062 0.122638 0.122666 0.172874 0.16279 -1 45503
22.875 0 7.75 -0.0061748 0.000302275 0.139029 0.139167 0.161842 0.163739 -1 46003
22.875 0 8 -0.00699394 0.000342374 0.157473 0.157628 0.150026 0.1647 -1 46003
22.875 0 8.25 -0.00830823 0.000406712 0.187065 0.187249 0.131734 0.165671 -1 46003
22.875 0 8.5 -0.0163939 0.00026061 0.219388 0.219999 0.112872 0.166712 -1 46503
22.875 0 8.75 -0.0195825 0.0003113 0.262059 0.26279 0.0897514 0.16778 -1 46503
22.875 0 9 -0.0336702 0.000213036 0.314277 0.316076 0.0629753 0.168863 -1 47003
22.875 0 9.25 -0.0399433 0.000252727 0.37283 0.374963 0.0354876 0.169959 -1 47003
22.875 0 9.5 -0.0559069 8.18139e-05 0.443358 0.446869 0.00423069 0.171113 -1 47503
22.875 0 9.75 -0.0494785 7.24065e-05 0.392379 0.395486 0.0266383 0.172288 1 47503
23 0 0 0 0 0 0 0.556255 0.149603 -1 40503
23 0 0.25 0 0 0 0 0.519955 0.149529 -1 40503
23 0 0.5 0 0 0 0 0.483653 0.149462 -1 41003
23 0 0.75 0 0 0 0 0.450039 0.149512 -1 41003
23 0 1 0 0 0 0 0.421711 0.149563 -1 41003
23 0 1.25 0 0 0 0 0.3934 0.149614 -1 41503
23 0 1.5 0 0 0 0 0.365921 0.149688 -1 41503
23 0 1.75 0 0 0 0 0.340408 0.149904 -1 41503
23 0 2 0 0 0 0 0.314899 0.15012 -1 42003
23 0 2.25 -0.000273656 2.48091e-06 0.00265948 0.00267352 0.290138 0.150337 -1 42003
23 0 2.5 -0.00140511 1.27385e-05 0.0136554 0.0137275 0.267736 0.150588 -1 42003
23 0 2.75 -0.00261363 2.59391e-05 0.0289611 0.0290788 0.245342 0.150949 -1 42503
23 0 3 -0.00431035 4.27783e-05 0.047762 0.0479561 0.223625 0.151311 -1 42503
23 0 3.25 -0.00609612 6.05013e-05 0.0675497 0.0678243 0.204517 0.151675 -1 42503
23 0 3.5 -0.00695476 7.31031e-05 0.0904492 0.0907162 0.185418 0.152092 -1 43003
23 0 3.75 -0.00887706 9.33088e-05 0.115449 0.11579 0.166961 0.15262 -1 43003
23 0 4 -0.0106252 0.000111684 0.138184 0.138592 0.151757 0.153151 -1 43003
23 0 4.25 -0.00995743 0.000190635 0.162841 0.163145 0.136567 0.153686 -1 43503
23 0 4.5 -0.0114958 0.000220088 0.187999 0.18835 0.122028 0.154265 -1 43503
23 0 4.75 -0.0126043 0.000241309 0.206126 0.206511 0.112239 0.154901 -1 43503
23 0 5 -0.0088714 0.000442936 0.225122 0.225298 0.102466 0.155543 -1 44003
23 0 5.25 -0.00959374 0.000479002 0.243453 0.243642 0.0932486 0.156191 -1 44003
23 0 5.5 -0.0100267 0.000500617 0.254439 0.254637 0.0880267 0.156885 -1 44003
23 0 5.75 -0.00561248 0.000735119 0.26572 0.26578 0.0828223 0.157624 -1 44503
23 0 6 -0.00583468 0.000764222 0.27624 0.276303 0.0779883 0.158371 -1 44503
23 0 6.25 -0.0059841 0.000783793 0.283314 0.283378 0.0748831 0.159124 -1 44503
23 0 6.5 -0.00367741 0.000941234 0.290486 0.290511 0.0717924 0.159951 -1 45003
23 0 6.75 -0.0037897 0.000969976 0.299357 0.299382 0.0678931 0.160829 -1 45003
23 0 7 -0.00659842 0.000933482 0.311035 0.311106 0.0626572 0.161716 -1 45503
23 0 7.25 -0.00684951 0.000969004 0.32287 0.322945 0.0574126 0.162614 -1 45503
23 0 7.5 -0.00727405 0.00102907 0.342883 0.342961 0.0484537 0.163535 -1 45503
23 0 7.75 -0.016349 0.00080033 0.368106 0.36847 0.0372114 0.164473 -1 46003
23 0 8 -0.017529 0.000858096 0.394675 0.395065 0.025758 0.165421 -1 46003
23 0 8.25 -0.0194991 0.00095454 0.439034 0.439468 0.00714828 0.16638 -1 46003
23 0 8.5 -0.0319848 0.000508455 0.42803 0.429223 0.0114614 0.167418 1 46503
23 0 8.75 -0.0280595 0.000446056 0.3755 0.376548 0.0344667 0.168486 1 46503
23 0 9 -0.0341386 0.000215999 0.318648 0.320472 0.0610773 0.169568 1 47003
23 0 9.25 -0.028553 0.000180659 0.266513 0.268038 0.0884568 0.170664 1 47003
23 0 9.5 -0.0268149 3.92407e-05 0.21265 0.214334 0.119714 0.171796 1 47503
23 0 9.75 -0.0209023 3.05883e-05 0.165761 0.167074 0.150971 0.172945 1 47503
23.125 0 0 0 0 0 0 0.432878 0.150611 -1 40503
23.125 0 0.25 0 0 0 0 0.396578 0.150532 -1 40503
23.125 0 0.5 0 0 0 0 0.360276 0.150459 -1 41003
23.125 0 0.75 0 0 0 0 0.326143 0.150505 -1 41003
23.125 0 1 -6.946e-06 2.34412e-08 4.72055e-05 4.77138e-05 0.297815 0.150551 -1 41003
23.125 0 1.25 -0.00144713 1.31354e-05 0.0126503 0.0127328 0.269501 0.150597 -1 41503
23.125 0 1.5 -0.00356974 3.24019e-05 0.0312054 0.0314089 0.24187 0.150668 -1 41503
23.125 0 1.75 -0.00617983 5.60933e-05 0.0540219 0.0543742 0.216356 0.150894 -1 41503
23.125 0 2 -0.00845736 7.66728e-05 0.0821914 0.0826254 0.190846 0.151121 -1 42003
23.125 0 2.25 -0.0117997 0.000106974 0.114673 0.115279 0.165936 0.151349 -1 42003
23.125 0 2.5 -0.0152458 0.000138216 0.148164 0.148946 0.143533 0.151601 -1 42003
23.125 0 2.75 -0.0167788 0.000166522 0.185922 0.186678 0.121137 0.151934 -1 42503
23.125 0 3 -0.020427 0.000202729 0.226347 0.227267 0.0992824 0.152269 -1 42503
23.125 0 3.25 -0.0238906 0.000237104 0.264726 0.265802 0.0801745 0.152605 -1 42503
23.125 0 3.5 -0.0235464 0.000247502 0.30623 0.307134 0.0610726 0.153013 -1 43003
23.125 0 3.75 -0.0268352 0.00028207 0.349001 0.350031 0.042481 0.153567 -1 43003
23.125 0 4 -0.0296655 0.000311821 0.38581 0.386949 0.0272774 0.154125 -1 43003
23.125 0 4.25 -0.0259627 0.000497057 0.424586 0.425379 0.0120818 0.154688 -1 43503
23.125 0 4.5 -0.0274742 0.000525994 0.449304 0.450143 0.00259357 0.155264 1 43503
23.125 0 4.75 -0.0259301 0.000496433 0.424053 0.424845 0.0123824 0.155856 1 43503
23.125 0 5 -0.0157692 0.000787336 0.400163 0.400475 0.0221623 0.156454 1 44003
23.125 0 5.25 -0.0148909 0.00074348 0.377874 0.378168 0.0314498 0.157056 1 44003
23.125 0 5.5 -0.0144463 0.000721282 0.366591 0.366877 0.0363694 0.15775 1 44003
23.125 0 5.75 -0.00748668 0.0009806 0.354453 0.354534 0.0418856 0.158533 1 44503
23.125 0 6 -0.00727536 0.000952921 0.344448 0.344526 0.0465097 0.159324 1 44503
23.125 0 6.25 -0.00713861 0.00093501 0.337974 0.338051 0.049648 0.160122 1 44503
23.125 0 6.5 -0.00419886 0.0010747 0.331677 0.331706 0.0527863 0.160931 1 45003
23.125 0 6.75 -0.004099 0.00104914 0.323788 0.323816 0.0567014 0.161748 1 45003
23.125 0 7 -0.00664351 0.000939861 0.31316 0.313232 0.0619779 0.162574 1 45503
23.125 0 7.25 -0.00642504 0.000908955 0.302862 0.302932 0.0672544 0.163409 1 45503
23.125 0 7.5 -0.00605166 0.000856132 0.285262 0.285327 0.07636 0.164347 1 45503
23.125 0 7.75 -0.0117457 0.000574987 0.264461 0.264723 0.0874295 0.165338 1 46003
23.125 0 8 -0.0108492 0.0005311 0.244276 0.244517 0.0988276 0.16634 1 46003
23.125 0 8.25 -0.00944835 0.000462524 0.212735 0.212945 0.117437 0.167355 1 46003
23.125 0 8.5 -0.0136968 0.000217736 0.183295 0.183806 0.136047 0.168347 1 46503
23.125 0 8.75 -0.0112727 0.0001792 0.150855 0.151275 0.158685 0.169343 1 46503
23.125 0 9 -0.0124756 7.89352e-05 0.116447 0.117114 0.185295 0.17035 1 47003
23.125 0 9.25 -0.00925873 5.85813e-05 0.0864207 0.0869153 0.212401 0.17137 1 47003
23.125 0 9.5 -0.00614218 3.88624e-05 0.0573309 0.057659 0.243658 0.172543 1 47003
23.125 0 9.75 -0.00427684 6.2587e-06 0.0339166 0.0341852 0.274915 0.17375 1 47503
23.25 0 0 0 0 0 0 0.3095 0.151854 -1 40503
23.25 0 0.25 -0.00184303 4.17796e-06 0.0117007 0.0118449 0.2732 0.151763 -1 40503
23.25 0 0.5 -0.00534547 1.80398e-05 0.0363282 0.0367194 0.236899 0.151678 -1 41003
23.25 0 0.75 -0.0102453 3.45756e-05 0.0696277 0.0703774 0.202248 0.151716 -1 41003
23.25 0 1 -0.015286 5.15869e-05 0.103885 0.105003 0.173919 0.151754 -1 41003
23.25 0 1.25 -0.0165924 0.000150606 0.145045 0.145991 0.145602 0.151792 -1 41503
23.25 0 1.5 -0.0218705 0.000198515 0.191184 0.192431 0.117818 0.15186 -1 41503
23.25 0 1.75 -0.0273542 0.000248289 0.23912 0.24068 0.0923048 0.15211 -1 41503
23.25 0 2 -0.0300899 0.000272789 0.292423 0.293967 0.0667938 0.152361 -1 42003
23.25 0 2.25 -0.0359458 0.000325877 0.349333 0.351177 0.0417332 0.152612 -1 42003
23.25 0 2.5 -0.0415946 0.000377089 0.40423 0.406364 0.0193309 0.15287 -1 42003
23.25 0 2.75 -0.0403373 0.00040033 0.446968 0.448785 0.00306736 0.153147 1 42503
23.25 0 3 -0.0352465 0.000349806 0.390559 0.392146 0.0250598 0.153424 1 42503
23.25 0 3.25 -0.0311136 0.000308789 0.344762 0.346164 0.0441677 0.153702 1 42503
23.25 0 3.5 -0.023249 0.000244376 0.302362 0.303254 0.0632725 0.154092 1 43003
23.25 0 3.75 -0.0202657 0.000213018 0.263563 0.264341 0.0819988 0.154713 1 43003
23.25 0 4 -0.0180624 0.000189858 0.234908 0.235602 0.0968995 0.15534 1 43003
23.25 0 4.25 -0.0126998 0.000243138 0.207688 0.208076 0.112142 0.155971 1 43503
23.25 0 4.5 -0.0111691 0.000213833 0.182656 0.182997 0.126988 0.156544 1 43503
23.25 0 4.75 -0.0102237 0.000195734 0.167196 0.167508 0.136813 0.157036 1 43503
23.25 0 5 -0.00601565 0.000300353 0.152654 0.152773 0.146637 0.15753 1 44003
23.25 0 5.25 -0.00548961 0.000274088 0.139305 0.139414 0.156027 0.158028 1 44003
23.25 0 5.5 -0.00523062 0.000261157 0.132733 0.132836 0.161283 0.158727 1 44003
23.25 0 5.75 -0.00267653 0.000350571 0.126719 0.126748 0.166538 0.159621 1 44503
23.25 0 6 -0.00256256 0.000335643 0.121323 0.121351 0.171441 0.160525 1 44503
23.25 0 6.25 -0.00250168 0.000327668 0.118441 0.118468 0.174579 0.16144 1 44503
23.25 0 6.5 -0.00146132 0.000374026 0.115433 0.115443 0.177718 0.16221 1 45003
23.25 0 6.75 -0.00140992 0.00036087 0.111373 0.111382 0.181613 0.162887 1 45003
23.25 0 7 -0.00224209 0.00031719 0.105687 0.105711 0.18689 0.163569 1 45503
23.25 0 7.25 -0.0021259 0.000300753 0.10021 0.100233 0.192166 0.164258 1 45503
23.25 0 7.5 -0.00193095 0.000273172 0.0910205 0.0910414 0.201174 0.16525 1 45503
23.25 0 7.75 -0.00356419 0.000174478 0.0802498 0.0803291 0.212243 0.166381 1 46003
23.25 0 8 -0.00311876 0.000152672 0.0702206 0.07029 0.223413 0.167527 1 46003
23.25 0 8.25 -0.00240667 0.000117814 0.0541876 0.0542411 0.242023 0.16869 1 46003
23.25 0 8.5 -0.00297477 4.72893e-05 0.0398092 0.0399202 0.260633 0.169579 1 46503
23.25 0 8.75 -0.00187745 2.98454e-05 0.0251246 0.0251946 0.282903 0.170402 1 46503
23.25 0 9 -0.00119746 7.57651e-06 0.0111771 0.011241 0.309513 0.171233 1 47003
23.25 0 9.25 -0.000135599 8.57956e-07 0.00126568 0.00127292 0.336346 0.172072 1 47003
23.25 0 9.5 0 0 0 0 0.367603 0.173375 1 47003
23.25 0 9.75 0 0 0 0 0.398859 0.174754 1 47503
23.375 0 0 -0.0142199 3.2235e-05 0.0902763 0.0913893 0.186123 0.153118 -1 40503
23.375 0 0.25 -0.0219881 4.98447e-05 0.139594 0.141315 0.149823 0.153014 -1 40503
23.375 0 0.5 -0.0293434 9.90273e-05 0.199419 0.201567 0.113522 0.152916 -1 41003
23.375 0 0.75 -0.0392986 0.000132624 0.267076 0.269951 0.078352 0.152946 -1 41003
23.375 0 1 -0.0483399 0.000163136 0.328521 0.332059 0.0500238 0.152976 -1 41003
23.375 0 1.25 -0.0455072 0.000413061 0.397808 0.400402 0.0217026 0.153006 -1 41503
23.375 0 1.5 -0.0500502 0.000454297 0.437521 0.440375 0.00623319 0.15307 1 41503
23.375 0 1.75 -0.0426913 0.000387502 0.373192 0.375627 0.0317466 0.153345 1 41503
23.375 0 2 -0.0323603 0.000293372 0.314487 0.316148 0.0572587 0.153621 1 42003
23.375 0 2.25 -0.0268686 0.000243585 0.261118 0.262496 0.0824691 0.153898 1 42003
23.375 0 2.5 -0.0224237 0.000203289 0.217921 0.219071 0.104871 0.154161 1 42003
23.375 0 2.75 -0.0161805 0.000160584 0.179292 0.180021 0.126982 0.154378 1 42503
23.375 0 3 -0.0130025 0.000129045 0.144078 0.144664 0.149162 0.154597 1 42503
23.375 0 3.25 -0.0105369 0.000104574 0.116757 0.117231 0.168312 0.154815 1 42503
23.375 0 3.5 -0.00711695 7.48078e-05 0.0925584 0.0928316 0.187462 0.155187 1 43003
23.375 0 3.75 -0.0055144 5.79631e-05 0.0717167 0.0719285 0.206364 0.155877 1 43003
23.375 0 4 -0.00438293 4.607e-05 0.0570015 0.0571698 0.221606 0.156573 1 43003
23.375 0 4.25 -0.00268921 5.14849e-05 0.0439784 0.0440606 0.236848 0.157275 1 43503
23.375 0 4.5 -0.00198893 3.80782e-05 0.0325264 0.0325871 0.251832 0.157846 1 43503
23.375 0 4.75 -0.00158152 3.02783e-05 0.0258638 0.0259121 0.261656 0.158233 1 43503
23.375 0 5 -0.000783065 3.90973e-05 0.0198712 0.0198867 0.27148 0.158621 1 44003
23.375 0 5.25 -0.000578983 2.89078e-05 0.0146924 0.0147038 0.280941 0.159012 1 44003
23.375 0 5.5 -0.000493572 2.46434e-05 0.012525 0.0125347 0.286196 0.159716 1 44003
23.375 0 5.75 -0.00022748 2.97952e-05 0.0107699 0.0107724 0.291452 0.160724 1 44503
23.375 0 6 -0.000196054 2.5679e-05 0.00928208 0.00928419 0.296372 0.161745 1 44503
23.375 0 6.25 -0.000183793 2.4073e-05 0.00870157 0.00870354 0.299511 0.162779 1 44503
23.375 0 6.5 -9.9851e-05 2.55569e-05 0.00788744 0.00788812 0.302649 0.163509 1 45003
23.375 0 6.75 -8.38667e-05 2.14657e-05 0.00662481 0.00662537 0.306525 0.164041 1 45003
23.375 0 7 -6.16124e-05 1.57697e-05 0.00486689 0.00486731 0.311801 0.164577 1 45003
23.375 0 7.25 -6.88341e-05 9.73801e-06 0.00324469 0.00324543 0.317078 0.165116 1 45503
23.375 0 7.5 -1.88168e-05 2.66203e-06 0.000886982 0.000887186 0.325987 0.166162 1 45503
23.375 0 7.75 0 0 0 0 0.337057 0.167437 1 46003
23.375 0 8 0 0 0 0 0.347999 0.168732 1 46003
23.375 0 8.25 0 0 0 0 0.366608 0.170047 1 46003
23.375 0 8.5 0 0 0 0 0.385218 0.170828 1 46503
23.375 0 8.75 0 0 0 0 0.407121 0.171474 1 46503
23.375 0 9 0 0 0 0 0.433731 0.172125 1 47003
23.375 0 9.25 0 0 0 0 0.46029 0.172781 1 47003
23.375 0 9.5 0 0 0 0 0.491547 0.174215 1 47003
23.375 0 9.75 0 0 0 0 0.522804 0.175769 1 47503
23.5 0 0 -0.047217 0.000107036 0.299761 0.303457 0.062746 0.153034 -1 40503
23.5 0 0.25 -0.0604498 0.000137033 0.383771 0.388502 0.0264461 0.15296 -1 40503
23.5 0 0.5 -0.0627178 0.000211659 0.426234 0.430824 0.00985451 0.152886 1 41003
23.5 0 0.75 -0.0498361 0.000168186 0.338689 0.342336 0.0455437 0.152812 1 41003
23.5 0 1 -0.0406399 0.000137151 0.276192 0.279165 0.0738719 0.152764 1 41003
23.5 0 1.25 -0.0252969 0.000229615 0.221136 0.222578 0.102197 0.152961 1 41503
23.5 0 1.5 -0.0196328 0.000178204 0.171623 0.172743 0.130285 0.153159 1 41503
23.5 0 1.75 -0.0151023 0.000137081 0.132019 0.13288 0.155798 0.153358 1 41503
23.5 0 2 -0.0100697 9.12904e-05 0.0978611 0.0983778 0.181093 0.153557 1 42003
23.5 0 2.25 -0.00703216 6.37522e-05 0.0683408 0.0687016 0.20651 0.153757 1 42003
23.5 0 2.5 -0.0047752 4.3291e-05 0.0464069 0.046652 0.228963 0.153957 1 42003
23.5 0 2.75 -0.00255665 2.53736e-05 0.0283296 0.0284448 0.251415 0.154158 1 42503
23.5 0 3 -0.00127699 1.26736e-05 0.0141501 0.0142076 0.273732 0.15444 1 42503
23.5 0 3.25 -0.000461927 4.58442e-06 0.0051185 0.00513931 0.292883 0.15493 1 42503
23.5 0 3.5 0 0 0 0 0.312033 0.155423 1 43003
23.5 0 3.75 0 0 0 0 0.33107 0.155919 1 43003
23.5 0 4 0 0 0 0 0.346312 0.156419 1 43003
23.5 0 4.25 0 0 0 0 0.361554 0.156922 1 43503
23.5 0 4.5 0 0 0 0 0.376676 0.157428 1 43503
23.5 0 4.75 0 0 0 0 0.3865 0.157937 1 43503
23.5 0 5 0 0 0 0 0.396324 0.158546 1 44003
23.5 0 5.25 0 0 0 0 0.405854 0.159269 1 44003
23.5 0 5.5 0 0 0 0 0.41111 0.159999 1 44003
23.5 0 5.75 0 0 0 0 0.416365 0.160735 1 44503
23.5 0 6 0 0 0 0 0.421304 0.161478 1 44503
23.5 0 6.25 0 0 0 0 0.424442 0.162228 1 44503
23.5 0 6.5 0 0 0 0 0.42758 0.162986 1 45003
23.5 0 6.75 0 0 0 0 0.431436 0.16375 1 45003
23.5 0 7 0 0 0 0 0.436713 0.16461 1 45003
23.5 0 7.25 0 0 0 0 0.441989 0.165526 1 45503
23.5 0 7.5 0 0 0 0 0.450801 0.166452 1 45503
23.5 0 7.75 0 0 0 0 0.46187 0.167388 1 46003
23.5 0 8 0 0 0 0 0.47294 0.168335 1 46003
23.5 0 8.25 0 0 0 0 0.491194 0.169293 1 46003
23.5 0 8.5 0 0 0 0 0.509804 0.170262 1 46503
23.5 0 8.75 0 0 0 0 0.531339 0.171242 1 46503
23.5 0 9 0 0 0 0 0.557949 0.172345 1 47003
23.5 0 9.25 0 0 0 0 0.58456 0.173482 1 47003
23.5 0 9.5 0 0 0 0 0.615491 0.174634 1 47003
23.5 0 9.75 0 0 0 0 0.646748 0.175802 1 47503
23.625 0 0 -0.0480578 0.000108942 0.305099 0.308861 0.0606312 0.153869 1 40503
23.625 0 0.25 -0.0363596 8.24232e-05 0.230832 0.233678 0.0969311 0.153794 1 40503
23.625 0 0.5 -0.0246389 8.31507e-05 0.167447 0.16925 0.132866 0.15372 1 41003
23.625 0 0.75 -0.0166431 5.61666e-05 0.113107 0.114325 0.169149 0.153646 1 41003
23.625 0 1 -0.0114238 3.85529e-05 0.0776371 0.0784731 0.197541 0.153597 1 41003
23.625 0 1.25 -0.00559338 5.07701e-05 0.0488953 0.0492142 0.225932 0.153792 1 41503
23.625 0 1.5 -0.00297731 2.70246e-05 0.0260266 0.0261963 0.254237 0.153987 1 41503
23.625 0 1.75 -0.0012116 1.09975e-05 0.0105913 0.0106604 0.279806 0.154183 1 41503
23.625 0 2 -5.33051e-06 4.83254e-08 5.18036e-05 5.20772e-05 0.305376 0.15438 1 42003
23.625 0 2.25 0 0 0 0 0.330943 0.154577 1 42003
23.625 0 2.5 0 0 0 0 0.353396 0.154774 1 42003
23.625 0 2.75 0 0 0 0 0.375848 0.154972 1 42503
23.625 0 3 0 0 0 0 0.3983 0.155251 1 42503
23.625 0 3.25 0 0 0 0 0.417453 0.155737 1 42503
23.625 0 3.5 0 0 0 0 0.436603 0.156226 1 43003
23.625 0 3.75 0 0 0 0 0.455754 0.156719 1 43003
23.625 0 4 0 0 0 0 0.471018 0.157214 1 43003
23.625 0 4.25 0 0 0 0 0.48626 0.157713 1 43503
23.625 0 4.5 0 0 0 0 0.501519 0.158215 1 43503
23.625 0 4.75 0 0 0 0 0.511344 0.15872 1 43503
23.625 0 5 0 0 0 0 0.521168 0.159324 1 44003
23.625 0 5.25 0 0 0 0 0.530768 0.160044 1 44003
23.625 0 5.5 0 0 0 0 0.536023 0.160771 1 44003
23.625 0 5.75 0 0 0 0 0.541279 0.161504 1 44503
23.625 0 6 0 0 0 0 0.546235 0.162243 1 44503
23.625 0 6.25 0 0 0 0 0.549373 0.16299 1 44503
23.625 0 6.5 0 0 0 0 0.552512 0.163743 1 45003
23.625 0 6.75 0 0 0 0 0.556348 0.164503 1 45003
23.625 0 7 0 0 0 0 0.561624 0.165359 1 45003
23.625 0 7.25 0 0 0 0 0.566901 0.166269 1 45503
23.625 0 7.5 0 0 0 0 0.575615 0.16719 1 45503
23.625 0 7.75 0 0 0 0 0.586684 0.168121 1 46003
23.625 0 8 0 0 0 0 0.597754 0.169062 1 46003
23.625 0 8.25 0 0 0 0 0.61578 0.170014 1 46003
23.625 0 8.5 0 0 0 0 0.634389 0.170977 1 46503
23.625 0 8.75 0 0 0 0 0.655557 0.171951 1 46503
23.625 0 9 0 0 0 0 0.682168 0.173042 1 47003
23.625 0 9.25 0 0 0 0 0.708778 0.174168 1 47003
23.625 0 9.5 0 0 0 0 0.739436 0.175309 1 47003
23.625 0 9.75 0 0 0 0 0.770693 0.176465 1 47503
23.75 0 0 -0.0150569 3.41324e-05 0.0955901 0.0967687 0.18373 0.154713 1 40503
23.75 0 0.25 -0.00870616 1.97359e-05 0.0552718 0.0559532 0.220103 0.154638 1 40503
23.75 0 0.5 -0.00368122 1.24233e-05 0.0250178 0.0252872 0.256476 0.154564 1 41003
23.75 0 0.75 -0.000698754 2.35814e-06 0.00474878 0.00479991 0.292849 0.154489 1 41003
23.75 0 1 0 0 0 0 0.321671 0.15444 1 41003
23.75 0 1.25 0 0 0 0 0.350063 0.154632 1 41503
23.75 0 1.5 0 0 0 0 0.378455 0.154824 1 41503
23.75 0 1.75 0 0 0 0 0.404089 0.155018 1 41503
23.75 0 2 0 0 0 0 0.429659 0.155211 1 42003
23.75 0 2.25 0 0 0 0 0.455229 0.155405 1 42003
23.75 0 2.5 0 0 0 0 0.477829 0.1556 1 42003
23.75 0 2.75 0 0 0 0 0.500281 0.155795 1 42503
23.75 0 3 0 0 0 0 0.522733 0.156071 1 42503
23.75 0 3.25 0 0 0 0 0.542024 0.156553 1 42503
23.75 0 3.5 0 0 0 0 0.561174 0.157038 1 43003
23.75 0 3.75 0 0 0 0 0.580324 0.157526 1 43003
23.75 0 4 0 0 0 0 0.595724 0.158017 1 43003
23.75 0 4.25 0 0 0 0 0.610966 0.158512 1 43503
23.75 0 4.5 0 0 0 0 0.626208 0.159009 1 43503
23.75 0 4.75 0 0 0 0 0.636187 0.15951 1 43503
23.75 0 5 0 0 0 0 0.646011 0.160111 1 44003
23.75 0 5.25 0 0 0 0 0.655681 0.160827 1 44003
23.75 0 5.5 0 0 0 0 0.660937 0.16155 1 44003
23.75 0 5.75 0 0 0 0 0.666192 0.162279 1 44503
23.75 0 6 0 0 0 0 0.671167 0.163015 1 44503
23.75 0 6.25 0 0 0 0 0.674305 0.163758 1 44503
23.75 0 6.5 0 0 0 0 0.677443 0.164508 1 45003
23.75 0 6.75 0 0 0 0 0.681259 0.165264 1 45003
23.75 0 7 0 0 0 0 0.686536 0.166114 1 45003
23.75 0 7.25 0 0 0 0 0.691812 0.16702 1 45503
23.75 0 7.5 0 0 0 0 0.700428 0.167935 1 45503
23.75 0 7.75 0 0 0 0 0.711498 0.16886 1 46003
23.75 0 8 0 0 0 0 0.722567 0.169795 1 46003
23.75 0 8.25 0 0 0 0 0.740365 0.170741 1 46003
23.75 0 8.5 0 0 0 0 0.758975 0.171697 1 46503
23.75 0 8.75 0 0 0 0 0.779775 0.172665 1 46503
23.75 0 9 0 0 0 0 0.806386 0.173746 1 47003
23.75 0 9.25 0 0 0 0 0.832996 0.17486 1 47003
23.75 0 9.5 0 0 0 0 0.86338 0.175989 1 47003
23.75 0 9.75 0 0 0 0 0.894637 0.177132 1 47503
23.875 0 0 -3.34755e-05 7.58854e-08 0.000212522 0.000215143 0.307219 0.155566 1 40503
23.875 0 0.25 0 0 0 0 0.343713 0.155491 1 40503
23.875 0 0.5 0 0 0 0 0.380086 0.155416 1 41003
23.875 0 0.75 0 0 0 0 0.416459 0.155341 1 41003
23.875 0 1 0 0 0 0 0.445802 0.155291 1 41003
23.875 0 1.25 0 0 0 0 0.474193 0.155481 1 41503
23.875 0 1.5 0 0 0 0 0.502585 0.155671 1 41503
23.875 0 1.75 0 0 0 0 0.528372 0.155861 1 41503
23.875 0 2 0 0 0 0 0.553942 0.156052 1 42003
23.875 0 2.25 0 0 0 0 0.579512 0.156243 1 42003
23.875 0 2.5 0 0 0 0 0.602262 0.156435 1 42003
23.875 0 2.75 0 0 0 0 0.624714 0.156627 1 42503
23.875 0 3 0 0 0 0 0.647166 0.156899 1 42503
23.875 0 3.25 0 0 0 0 0.666594 0.157377 1 42503
23.875 0 3.5 0 0 0 0 0.685744 0.157858 1 43003
23.875 0 3.75 0 0 0 0 0.704895 0.158342 1 43003
23.875 0 4 0 0 0 0 0.720431 0.158829 1 43003
23.875 0 4.25 0 0 0 0 0.735673 0.159319 1 43503
23.875 0 4.5 0 0 0 0 0.750915 0.159812 1 43503
23.875 0 4.75 0 0 0 0 0.761031 0.160308 1 43503
23.875 0 5 0 0 0 0 0.770855 0.160904 1 44003
23.875 0 5.25 0 0 0 0 0.780594 0.161617 1 44003
23.875 0 5.5 0 0 0 0 0.78585 0.162337 1 44003
23.875 0 5.75 0 0 0 0 0.791106 0.163063 1 44503
23.875 0 6 0 0 0 0 0.796098 0.163795 1 44503
23.875 0 6.25 0 0 0 0 0.799236 0.164534 1 44503
23.875 0 6.5 0 0 0 0 0.802374 0.165279 1 45003
23.875 0 6.75 0 0 0 0 0.806171 0.166032 1 45003
23.875 0 7 0 0 0 0 0.811448 0.166877 1 45003
23.875 0 7.25 0 0 0 0 0.816724 0.167777 1 45503
23.875 0 7.5 0 0 0 0 0.825242 0.168686 1 45503
23.875 0 7.75 0 0 0 0 0.836311 0.169605 1 46003
23.875 0 8 0 0 0 0 0.847381 0.170535 1 46003
23.875 0 8.25 0 0 0 0 0.864951 0.171474 1 46003
23.875 0 8.5 0 0 0 0 0.88356 0.172424 1 46503
23.875 0 8.75 0 0 0 0 0.903993 0.173385 1 46503
23.875 0 9 0 0 0 0 0.930604 0.174455 1 46503
23.875 0 9.25 0 0 0 0 0.957214 0.175558 1 47003
23.875 0 9.5 0 0 0 0 0.987324 0.176674 1 47003
23.875 0 9.75 0 0 0 0 1.01858 0.177805 1 47503
24 0 0 0 0 0 0 0.430638 0.156429 1 40503
24 0 0.25 0 0 0 0 0.467322 0.156354 1 40503
24 0 0.5 0 0 0 0 0.503695 0.156278 1 41003
24 0 0.75 0 0 0 0 0.540068 0.156203 1 41003
24 0 1 0 0 0 0 0.569932 0.156153 1 41003
24 0 1.25 0 0 0 0 0.598324 0.156339 1 41503
24 0 1.5 0 0 0 0 0.626715 0.156526 1 41503
24 0 1.75 0 0 0 0 0.652655 0.156713 1 41503
24 0 2 0 0 0 0 0.678225 0.156901 1 42003
24 0 2.25 0 0 0 0 0.703795 0.15709 1 42003
24 0 2.5 0 0 0 0 0.726694 0.157278 1 42003
24 0 2.75 0 0 0 0 0.749147 0.157467 1 42503
24 0 3 0 0 0 0 0.771599 0.157736 1 42503
24 0 3.25 0 0 0 0 0.791165 0.15821 1 42503
24 0 3.5 0 0 0 0 0.810315 0.158687 1 43003
24 0 3.75 0 0 0 0 0.829465 0.159166 1 43003
24 0 4 0 0 0 0 0.845137 0.159649 1 43003
24 0 4.25 0 0 0 0 0.860379 0.160134 1 43503
24 0 4.5 0 0 0 0 0.875621 0.160622 1 43503
24 0 4.75 0 0 0 0 0.885874 0.161114 1 43503
24 0 5 0 0 0 0 0.895699 0.161706 1 44003
24 0 5.25 0 0 0 0 0.905508 0.162416 1 44003
24 0 5.5 0 0 0 0 0.910763 0.163131 1 44003
24 0 5.75 0 0 0 0 0.916019 0.163853 1 44503
24 0 6 0 0 0 0 0.921029 0.164582 1 44503
24 0 6.25 0 0 0 0 0.924168 0.165317 1 44503
24 0 6.5 0 0 0 0 0.927306 0.166058 1 45003
24 0 6.75 0 0 0 0 0.931083 0.166807 1 45003
24 0 7 0 0 0 0 0.936359 0.167647 1 45003
24 0 7.25 0 0 0 0 0.941636 0.168541 1 45503
24 0 7.5 0 0 0 0 0.950055 0.169444 1 45503
24 0 7.75 0 0 0 0 0.961125 0.170357 1 46003
24 0 8 0 0 0 0 0.972195 0.171281 1 46003
24 0 8.25 0 0 0 0 0.989536 0.172214 1 46003
24 0 8.5 0 0 0 0 1.00815 0.173157 1 46503
24 0 8.75 0 0 0 0 1.02821 0.174111 1 46503
24 0 9 0 0 0 0 1.05482 0.17517 1 46503
24 0 9.25 0 0 0 0 1.08143 0.176261 1 47003
24 0 9.5 0 0 0 0 1.11127 0.177365 1 47003
24 0 9.75 0 0 0 0 1.14253 0.178483 1 47503
24.125 0 0 0 0 0 0 0.554058 0.157301 1 40503
24.125 0 0.25 0 0 0 0 0.590932 0.157226 1 40503
24.125 0 0.5 0 0 0 0 0.627305 0.15715 1 41003
24.125 0 0.75 0 0 0 0 0.663678 0.157075 1 41003
24.125 0 1 0 0 0 0 0.694062 0.157024 1 41003
24.125 0 1.25 0 0 0 0 0.722454 0.157207 1 41503
24.125 0 1.5 0 0 0 0 0.750846 0.157391 1 41503
24.125 0 1.75 0 0 0 0 0.776938 0.157575 1 41503
24.125 0 2 0 0 0 0 0.802508 0.15776 1 42003
24.125 0 2.25 0 0 0 0 0.828078 0.157945 1 42003
24.125 0 2.5 0 0 0 0 0.851127 0.158131 1 42003
24.125 0 2.75 0 0 0 0 0.87358 0.158317 1 42503
24.125 0 3 0 0 0 0 0.896032 0.158583 1 42503
24.125 0 3.25 0 0 0 0 0.915735 0.159052 1 42503
24.125 0 3.5 0 0 0 0 0.934885 0.159524 1 43003
24.125 0 3.75 0 0 0 0 0.954036 0.159999 1 43003
24.125 0 4 0 0 0 0 0.969843 0.160477 1 43003
24.125 0 4.25 0 0 0 0 0.985085 0.160958 1 43503
24.125 0 4.5 0 0 0 0 1.00033 0.161441 1 43503
24.125 0 4.75 0 0 0 0 1.01072 0.161928 1 43503
24.125 0 5 0 0 0 0 1.02054 0.162516 1 44003
24.125 0 5.25 0 0 0 0 1.03042 0.163222 1 44003
24.125 0 5.5 0 0 0 0 1.03568 0.163934 1 44003
24.125 0 5.75 0 0 0 0 1.04093 0.164652 1 44503
24.125 0 6 0 0 0 0 1.04596 0.165377 1 44503
24.125 0 6.25 0 0 0 0 1.0491 0.166107 1 44503
24.125 0 6.5 0 0 0 0 1.05224 0.166845 1 45003
24.125 0 6.75 0 0 0 0 1.05599 0.167589 1 45003
24.125 0 7 0 0 0 0 1.06127 0.168424 1 45003
24.125 0 7.25 0 0 0 0 1.06655 0.169312 1 45503
24.125 0 7.5 0 0 0 0 1.07487 0.170209 1 45503
24.125 0 7.75 0 0 0 0 1.08594 0.171116 1 46003
24.125 0 8 0 0 0 0 1.09701 0.172033 1 46003
24.125 0 8.25 0 0 0 0 1.11412 0.17296 1 46003
24.125 0 8.5 0 0 0 0 1.13273 0.173896 1 46503
24.125 0 8.75 0 0 0 0 1.15243 0.174843 1 46503
24.125 0 9 0 0 0 0 1.17904 0.175891 1 46503
24.125 0 9.25 0 0 0 0 1.20565 0.176969 1 47003
24.125 0 9.5 0 0 0 0 1.23521 0.178061 1 47003
24.125 0 9.75 0 0 0 0 1.26647 0.179165 1 47503
24.25 0 0 0 0 0 0 0.677477 0.158118 1 40503
24.25 0 0.25 0 0 0 0 0.714542 0.158042 1 40503
24.25 0 0.5 0 0 0 0 0.750915 0.157966 1 41003
24.25 0 0.75 0 0 0 0 0.787288 0.15789 1 41003
24.25 0 1 0 0 0 0 0.818193 0.157838 1 41003
24.25 0 1.25 0 0 0 0 0.846584 0.158019 1 41503
24.25 0 1.5 0 0 0 0 0.874976 0.1582 1 41503
24.25 0 1.75 0 0 0 0 0.901221 0.158382 1 41503
24.25 0 2 0 0 0 0 0.926791 0.158564 1 42003
24.25 0 2.25 0 0 0 0 0.952361 0.158747 1 42003
24.25 0 2.5 0 0 0 0 0.97556 0.15893 1 42003
24.25 0 2.75 0 0 0 0 0.998013 0.159113 1 42503
24.25 0 3 0 0 0 0 1.02046 0.159376 1 42503
24.25 0 3.25 0 0 0 0 1.04031 0.159842 1 42503
24.25 0 3.5 0 0 0 0 1.05946 0.16031 1 43003
24.25 0 3.75 0 0 0 0 1.07861 0.160781 1 43003
24.25 0 4 0 0 0 0 1.09455 0.161255 1 43003
24.25 0 4.25 0 0 0 0 1.10979 0.161732 1 43503
24.25 0 4.5 0 0 0 0 1.12503 0.162212 1 43503
24.25 0 4.75 0 0 0 0 1.13556 0.162694 1 43503
24.25 0 5 0 0 0 0 1.14539 0.163279 1 44003
24.25 0 5.25 0 0 0 0 1.15521 0.163982 1 44003
24.25 0 5.5 0 0 0 0 1.16059 0.164691 1 44003
24.25 0 5.75 0 0 0 0 1.16585 0.165406 1 44503
24.25 0 6 0 0 0 0 1.17089 0.166127 1 44503
24.25 0 6.25 0 0 0 0 1.17403 0.166855 1 44503
24.25 0 6.5 0 0 0 0 1.17717 0.167589 1 45003
24.25 0 6.75 0 0 0 0 1.18091 0.16833 1 45003
24.25 0 7 0 0 0 0 1.18618 0.169161 1 45003
24.25 0 7.25 0 0 0 0 1.19146 0.170044 1 45503
24.25 0 7.5 0 0 0 0 1.19968 0.170937 1 45503
24.25 0 7.75 0 0 0 0 1.21075 0.17184 1 46003
24.25 0 8 0 0 0 0 1.22182 0.172752 1 46003
24.25 0 8.25 0 0 0 0 1.23871 0.173674 1 46003
24.25 0 8.5 0 0 0 0 1.25732 0.174605 1 46503
24.25 0 8.75 0 0 0 0 1.27665 0.175547 1 46503
24.25 0 9 0 0 0 0 1.30326 0.176587 1 46503
24.25 0 9.25 0 0 0 0 1.32987 0.177656 1 47003
24.25 0 9.5 0 0 0 0 1.35916 0.178738 1 47003
24.25 0 9.75 0 0 0 0 1.39041 0.179833 1 47503
24.375 0 0 0 0 0 0 0.800897 0.158905 1 40503
24.375 0 0.25 0 0 0 0 0.838151 0.158829 1 40503
24.375 0 0.5 0 0 0 0 0.874524 0.158752 1 41003
24.375 0 0.75 0 0 0 0 0.910897 0.158676 1 41003
24.375 0 1 0 0 0 0 0.942323 0.158624 1 41003
24.375 0 1.25 0 0 0 0 0.970715 0.158802 1 41503
24.375 0 1.5 0 0 0 0 0.999107 0.158981 1 41503
24.375 0 1.75 0 0 0 0 1.0255 0.15916 1 41503
24.375 0 2 0 0 0 0 1.05107 0.15934 1 42003
24.375 0 2.25 0 0 0 0 1.07664 0.15952 1 42003
24.375 0 2.5 0 0 0 0 1.09999 0.159701 1 42003
24.375 0 2.75 0 0 0 0 1.12245 0.159882 1 42503
24.375 0 3 0 0 0 0 1.1449 0.160142 1 42503
24.375 0 3.25 0 0 0 0 1.16488 0.160604 1 42503
24.375 0 3.5 0 0 0 0 1.18403 0.161069 1 43003
24.375 0 3.75 0 0 0 0 1.20318 0.161537 1 43003
24.375 0 4 0 0 0 0 1.21926 0.162007 1 43003
24.375 0 4.25 0 0 0 0 1.2345 0.162481 1 43503
24.375 0 4.5 0 0 0 0 1.24974 0.162957 1 43503
24.375 0 4.75 0 0 0 0 1.26041 0.163436 1 43503
24.375 0 5 0 0 0 0 1.27023 0.164017 1 44003
24.375 0 5.25 0 0 0 0 1.28005 0.164718 1 44003
24.375 0 5.5 0 0 0 0 1.2855 0.165424 1 44003
24.375 0 5.75 0 0 0 0 1.29076 0.166137 1 44503
24.375 0 6 0 0 0 0 1.29582 0.166856 1 44503
24.375 0 6.25 0 0 0 0 1.29896 0.167581 1 44503
24.375 0 6.5 0 0 0 0 1.3021 0.168312 1 45003
24.375 0 6.75 0 0 0 0 1.30582 0.16905 1 45003
24.375 0 7 0 0 0 0 1.31109 0.169878 1 45003
24.375 0 7.25 0 0 0 0 1.31637 0.170758 1 45503
24.375 0 7.5 0 0 0 0 1.3245 0.171647 1 45503
24.375 0 7.75 0 0 0 0 1.33557 0.172546 1 46003
24.375 0 8 0 0 0 0 1.34664 0.173454 1 46003
24.375 0 8.25 0 0 0 0 1.36329 0.174372 1 46003
24.375 0 8.5 0 0 0 0 1.3819 0.175299 1 46503
24.375 0 8.75 0 0 0 0 1.40087 0.176237 1 46503
24.375 0 9 0 0 0 0 1.42748 0.17727 1 46503
24.375 0 9.25 0 0 0 0 1.45409 0.178331 1 47003
24.375 0 9.5 0 0 0 0 1.4831 0.179406 1 47003
24.375 0 9.75 0 0 0 0 1.51436 0.180493 1 47503
24.5 0 0 0 0 0 0 0.924316 0.1597 1 40503
24.5 0 0.25 0 0 0 0 0.961761 0.159623 1 40503
24.5 0 0.5 0 0 0 0 0.998134 0.159547 1 41003
24.5 0 0.75 0 0 0 0 1.03451 0.15947 1 41003
24.5 0 1 0 0 0 0 1.06645 0.159417 1 41003
24.5 0 1.25 0 0 0 0 1.09485 0.159593 1 41503
24.5 0 1.5 0 0 0 0 1.12324 0.15977 1 41503
24.5 0 1.75 0 0 0 0 1.14979 0.159946 1 41503
24.5 0 2 0 0 0 0 1.17536 0.160124 1 42003
24.5 0 2.25 0 0 0 0 1.20093 0.160301 1 42003
24.5 0 2.5 0 0 0 0 1.22443 0.160479 1 42003
24.5 0 2.75 0 0 0 0 1.24688 0.160658 1 42503
24.5 0 3 0 0 0 0 1.26933 0.160915 1 42503
24.5 0 3.25 0 0 0 0 1.28945 0.161374 1 42503
24.5 0 3.5 0 0 0 0 1.3086 0.161835 1 43003
24.5 0 3.75 0 0 0 0 1.32775 0.1623 1 43003
24.5 0 4 0 0 0 0 1.34396 0.162767 1 43003
24.5 0 4.25 0 0 0 0 1.3592 0.163236 1 43503
24.5 0 4.5 0 0 0 0 1.37445 0.163709 1 43503
24.5 0 4.75 0 0 0 0 1.38525 0.164184 1 43503
24.5 0 5 0 0 0 0 1.39507 0.164763 1 44003
24.5 0 5.25 0 0 0 0 1.4049 0.165461 1 44003
24.5 0 5.5 0 0 0 0 1.41042 0.166165 1 44003
24.5 0 5.75 0 0 0 0 1.41567 0.166875 1 44503
24.5 0 6 0 0 0 0 1.42075 0.167591 1 44503
24.5 0 6.25 0 0 0 0 1.42389 0.168313 1 44503
24.5 0 6.5 0 0 0 0 1.42703 0.169041 1 45003
24.5 0 6.75 0 0 0 0 1.43073 0.169776 1 45003
24.5 0 7 0 0 0 0 1.43601 0.170601 1 45003
24.5 0 7.25 0 0 0 0 1.44128 0.171477 1 45503
24.5 0 7.5 0 0 0 0 1.44931 0.172363 1 45503
24.5 0 7.75 0 0 0 0 1.46038 0.173258 1 46003
24.5 0 8 0 0 0 0 1.47145 0.174162 1 46003
24.5 0 8.25 0 0 0 0 1.48788 0.175076 1 46003
24.5 0 8.5 0 0 0 0 1.50649 0.175999 1 46503
24.5 0 8.75 0 0 0 0 1.52508 0.176932 1 46503
24.5 0 9 0 0 0 0 1.55169 0.177958 1 46503
24.5 0 9.25 0 0 0 0 1.5783 0.179012 1 47003
24.5 0 9.5 0 0 0 0 1.60705 0.180079 1 47003
24.5 0 9.75 0 0 0 0 1.6383 0.181158 1 47503
24.625 0 0 0 0 0 0 1.04774 0.160503 1 40503
24.625 0 0.25 0 0 0 0 1.08537 0.160426 1 40503
24.625 0 0.5 0 0 0 0 1.12174 0.160349 1 40503
24.625 0 0.75 0 0 0 0 1.15812 0.160272 1 41003
24.625 0 1 0 0 0 0 1.19058 0.160218 1 41003
24.625 0 1.25 0 0 0 0 1.21898 0.160392 1 41503
24.625 0 1.5 0 0 0 0 1.24737 0.160566 1 41503
24.625 0 1.75 0 0 0 0 1.27407 0.16074 1 41503
24.625 0 2 0 0 0 0 1.29964 0.160915 1 42003
24.625 0 2.25 0 0 0 0 1.32521 0.16109 1 42003
24.625 0 2.5 0 0 0 0 1.34886 0.161265 1 42003
24.625 0 2.75 0 0 0 0 1.37131 0.161441 1 42503
24.625 0 3 0 0 0 0 1.39376 0.161695 1 42503
24.625 0 3.25 0 0 0 0 1.41402 0.162151 1 42503
24.625 0 3.5 0 0 0 0 1.43317 0.162609 1 43003
24.625 0 3.75 0 0 0 0 1.45232 0.16307 1 43003
24.625 0 4 0 0 0 0 1.46867 0.163533 1 43003
24.625 0 4.25 0 0 0 0 1.48391 0.163999 1 43503
24.625 0 4.5 0 0 0 0 1.49915 0.164468 1 43503
24.625 0 4.75 0 0 0 0 1.51009 0.164939 1 43503
24.625 0 5 0 0 0 0 1.51992 0.165515 1 44003
24.625 0 5.25 0 0 0 0 1.52974 0.16621 1 44003
24.625 0 5.5 0 0 0 0 1.53533 0.166912 1 44003
24.625 0 5.75 0 0 0 0 1.54059 0.167619 1 44503
24.625 0 6 0 0 0 0 1.54569 0.168332 1 44503
24.625 0 6.25 0 0 0 0 1.54882 0.169052 1 44503
24.625 0 6.5 0 0 0 0 1.55196 0.169777 1 45003
24.625 0 6.75 0 0 0 0 1.55564 0.170509 1 45003
24.625 0 7 0 0 0 0 1.56092 0.17133 1 45003
24.625 0 7.25 0 0 0 0 1.56619 0.172203 1 45503
24.625 0 7.5 0 0 0 0 1.57412 0.173085 1 45503
24.625 0 7.75 0 0 0 0 1.58519 0.173976 1 46003
24.625 0 8 0 0 0 0 1.59626 0.174876 1 46003
24.625 0 8.25 0 0 0 0 1.61246 0.175785 1 46003
24.625 0 8.5 0 0 0 0 1.63107 0.176704 1 46503
24.625 0 8.75 0 0 0 0 1.6493 0.177633 1 46503
24.625 0 9 0 0 0 0 1.67591 0.178652 1 46503
24.625 0 9.25 0 0 0 0 1.70252 0.179699 1 47003
24.625 0 9.5 0 0 0 0 1.73099 0.180757 1 47003
24.625 0 9.75 0 0 0 0 1.76225 0.181829 1 47503
24.75 0 0 0 0 0 0 1.17116 0.161315 1 40503
24.75 0 0.25 0 0 0 0 1.20898 0.161237 1 40503
24.75 0 0.5 0 0 0 0 1.24535 0.161159 1 40503
24.75 0 0.75 0 0 0 0 1.28173 0.161082 1 41003
24.75 0 1 0 0 0 0 1.31471 0.161028 1 41003
24.75 0 1.25 0 0 0 0 1.34311 0.161199 1 41503
24.75 0 1.5 0 0 0 0 1.3715 0.16137 1 41503
24.75 0 1.75 0 0 0 0 1.39835 0.161542 1 41503
24.75 0 2 0 0 0 0 1.42392 0.161714 1 42003
24.75 0 2.25 0 0 0 0 1.44949 0.161886 1 42003
24.75 0 2.5 0 0 0 0 1.47329 0.162059 1 42003
24.75 0 2.75 0 0 0 0 1.49574 0.162232 1 42503
24.75 0 3 0 0 0 0 1.5182 0.162483 1 42503
24.75 0 3.25 0 0 0 0 1.53859 0.162936 1 42503
24.75 0 3.5 0 0 0 0 1.55774 0.16339 1 43003
24.75 0 3.75 0 0 0 0 1.57689 0.163847 1 43003
24.75 0 4 0 0 0 0 1.59337 0.164307 1 43003
24.75 0 4.25 0 0 0 0 1.60862 0.164769 1 43503
24.75 0 4.5 0 0 0 0 1.62386 0.165234 1 43503
24.75 0 4.75 0 0 0 0 1.63494 0.165702 1 43503
24.75 0 5 0 0 0 0 1.64476 0.166274 1 44003
24.75 0 5.25 0 0 0 0 1.65458 0.166967 1 44003
24.75 0 5.5 0 0 0 0 1.66024 0.167665 1 44003
24.75 0 5.75 0 0 0 0 1.6655 0.16837 1 44503
24.75 0 6 0 0 0 0 1.67062 0.16908 1 44503
24.75 0 6.25 0 0 0 0 1.67376 0.169797 1 44503
24.75 0 6.5 0 0 0 0 1.67689 0.170519 1 45003
24.75 0 6.75 0 0 0 0 1.68055 0.171248 1 45003
24.75 0 7 0 0 0 0 1.68583 0.172065 1 45003
24.75 0 7.25 0 0 0 0 1.69111 0.172935 1 45503
24.75 0 7.5 0 0 0 0 1.69894 0.173812 1 45503
24.75 0 7.75 0 0 0 0 1.71001 0.174699 1 46003
24.75 0 8 0 0 0 0 1.72108 0.175595 1 46003
24.75 0 8.25 0 0 0 0 1.73705 0.176501 1 46003
24.75 0 8.5 0 0 0 0 1.75566 0.177415 1 46503
24.75 0 8.75 0 0 0 0 1.77427 0.178339 1 46503
24.75 0 9 0 0 0 0 1.80013 0.179352 1 46503
24.75 0 9.25 0 0 0 0 1.82674 0.18039 1 47003
24.75 0 9.5 0 0 0 0 1.85494 0.181441 1 47003
24.75 0 9.75 0 0 0 0 1.88619 0.182504 1 47503
24.875 0 0 0 0 0 0 1.29457 0.162134 1 40503
24.875 0 0.25 0 0 0 0 1.33259 0.162056 1 40503
24.875 0 0.5 0 0 0 0 1.36896 0.161978 1 40503
24.875 0 0.75 0 0 0 0 1.40534 0.1619 1 41003
24.875 0 1 0 0 0 0 1.43884 0.161846 1 41003
24.875 0 1.25 0 0 0 0 1.46724 0.162014 1 41003
24.875 0 1.5 0 0 0 0 1.49563 0.162182 1 41503
24.875 0 1.75 0 0 0 0 1.52264 0.162351 1 41503
24.875 0 2 0 0 0 0 1.54821 0.162521 1 42003
24.875 0 2.25 0 0 0 0 1.57378 0.162691 1 42003
24.875 0 2.5 0 0 0 0 1.59773 0.162861 1 42003
24.875 0 2.75 0 0 0 0 1.62018 0.163031 1 42503
24.875 0 3 0 0 0 0 1.64263 0.163279 1 42503
24.875 0 3.25 0 0 0 0 1.66316 0.163728 1 42503
24.875 0 3.5 0 0 0 0 1.68231 0.164179 1 43003
24.875 0 3.75 0 0 0 0 1.70146 0.164632 1 43003
24.875 0 4 0 0 0 0 1.71808 0.165088 1 43003
24.875 0 4.25 0 0 0 0 1.73332 0.165546 1 43503
24.875 0 4.5 0 0 0 0 1.74856 0.166007 1 43503
24.875 0 4.75 0 0 0 0 1.75978 0.166471 1 43503
24.875 0 5 0 0 0 0 1.7696 0.16704 1 44003
24.875 0 5.25 0 0 0 0 1.77943 0.16773 1 44003
24.875 0 5.5 0 0 0 0 1.78516 0.168426 1 44003
24.875 0 5.75 0 0 0 0 1.79041 0.169127 1 44503
24.875 0 6 0 0 0 0 1.79555 0.169835 1 44503
24.875 0 6.25 0 0 0 0 1.79869 0.170548 1 44503
24.875 0 6.5 0 0 0 0 1.80183 0.171268 1 45003
24.875 0 6.75 0 0 0 0 1.80546 0.171993 1 45003
24.875 0 7 0 0 0 0 1.81074 0.172807 1 45003
24.875 0 7.25 0 0 0 0 1.81602 0.173672 1 45503
24.875 0 7.5 0 0 0 0 1.82375 0.174546 1 45503
24.875 0 7.75 0 0 0 0 1.83482 0.175429 1 46003
24.875 0 8 0 0 0 0 1.84589 0.176321 1 46003
24.875 0 8.25 0 0 0 0 1.86164 0.177222 1 46003
24.875 0 8.5 0 0 0 0 1.88024 0.178132 1 46503
24.875 0 8.75 0 0 0 0 1.89885 0.179051 1 46503
24.875 0 9 0 0 0 0 1.92435 0.180056 1 46503
24.875 0 9.25 0 0 0 0 1.95096 0.181087 1 47003
24.875 0 9.5 0 0 0 0 1.97888 0.18213 1 47003
24.875 0 9.75 0 0 0 0 2.01014 0.183184 1 47503
25 0 0 0 0 0 0 1.41799 0.162962 1 40503
25 0 0.25 0 0 0 0 1.4562 0.162884 1 40503
25 0 0.5 0 0 0 0 1.49257 0.162805 1 40503
25 0 0.75 0 0 0 0 1.52895 0.162727 1 41003
25 0 1 0 0 0 0 1.56298 0.162672 1 41003
25 0 1.25 0 0 0 0 1.59137 0.162837 1 41003
25 0 1.5 0 0 0 0 1.61976 0.163003 1 41503
25 0 1.75 0 0 0 0 1.64692 0.163169 1 41503
25 0 2 0 0 0 0 1.67249 0.163336 1 41503
25 0 2.25 0 0 0 0 1.69806 0.163503 1 42003
25 0 2.5 0 0 0 0 1.72216 0.16367 1 42003
25 0 2.75 0 0 0 0 1.74461 0.163838 1 42503
25 0 3 0 0 0 0 1.76706 0.164083 1 42503
25 0 3.25 0 0 0 0 1.78773 0.164528 1 42503
25 0 3.5 0 0 0 0 1.80688 0.164975 1 43003
25 0 3.75 0 0 0 0 1.82603 0.165425 1 43003
25 0 4 0 0 0 0 1.84279 0.165877 1 43003
25 0 4.25 0 0 0 0 1.85803 0.166331 1 43503
25 0 4.5 0 0 0 0 1.87327 0.166788 1 43503
25 0 4.75 0 0 0 0 1.88462 0.167248 1 43503
25 0 5 0 0 0 0 1.89445 0.167813 1 44003
25 0 5.25 0 0 0 0 1.90427 0.1685 1 44003
25 0 5.5 0 0 0 0 1.91007 0.169193 1 44003
25 0 5.75 0 0 0 0 1.91533 0.169892 1 44503
25 0 6 0 0 0 0 1.92048 0.170596 1 44503
25 0 6.25 0 0 0 0 1.92362 0.171307 1 44503
25 0 6.5 0 0 0 0 1.92676 0.172023 1 45003
25 0 6.75 0 0 0 0 1.93038 0.172745 1 45003
25 0 7 0 0 0 0 1.93565 0.173556 1 45003
25 0 7.25 0 0 0 0 1.94093 0.174417 1 45503
25 0 7.5 0 0 0 0 1.94856 0.175287 1 45503
25 0 7.75 0 0 0 0 1.95963 0.176165 1 46003
25 0 8 0 0 0 0 1.9707 0.177052 1 46003
25 0 8.25 0 0 0 0 1.98622 0.177949 1 46003
25 0 8.5 0 0 0 0 2.00483 0.178854 1 46503
25 0 8.75 0 0 0 0 2.02344 0.179769 1 46503
25 0 9 0 0 0 0 2.04857 0.180767 1 46503
25 0 9.25 0 0 0 0 2.07518 0.181789 1 47003
25 0 9.5 0 0 0 0 2.10282 0.182823 1 47003
25 0 9.75 0 0 0 0 2.13408 0.183869 1 47503
25.125 0 0 0 0 0 0 1.54141 0.163798 1 40503
25.125 0 0.25 0 0 0 0 1.57981 0.16372 1 40503
25.125 0 0.5 0 0 0 0 1.61618 0.163641 1 40503
25.125 0 0.75 0 0 0 0 1.65256 0.163562 1 41003
25.125 0 1 0 0 0 0 1.68711 0.163506 1 41003
25.125 0 1.25 0 0 0 0 1.7155 0.163669 1 41003
25.125 0 1.5 0 0 0 0 1.74389 0.163832 1 41503
25.125 0 1.75 0 0 0 0 1.7712 0.163996 1 41503
25.125 0 2 0 0 0 0 1.79677 0.164159 1 41503
25.125 0 2.25 0 0 0 0 1.82234 0.164323 1 42003
25.125 0 2.5 0 0 0 0 1.84659 0.164488 1 42003
25.125 0 2.75 0 0 0 0 1.86904 0.164653 1 42003
25.125 0 3 0 0 0 0 1.8915 0.164895 1 42503
25.125 0 3.25 0 0 0 0 1.9123 0.165336 1 42503
25.125 0 3.5 0 0 0 0 1.93145 0.165779 1 43003
25.125 0 3.75 0 0 0 0 1.9506 0.166225 1 43003
25.125 0 4 0 0 0 0 1.96749 0.166673 1 43003
25.125 0 4.25 0 0 0 0 1.98273 0.167123 1 43503
25.125 0 4.5 0 0 0 0 1.99798 0.167576 1 43503
25.125 0 4.75 0 0 0 0 2.00947 0.168031 1 43503
25.125 0 5 0 0 0 0 2.01929 0.168593 1 44003
25.125 0 5.25 0 0 0 0 2.02912 0.169278 1 44003
25.125 0 5.5 0 0 0 0 2.03498 0.169968 1 44003
25.125 0 5.75 0 0 0 0 2.04024 0.170663 1 44503
25.125 0 6 0 0 0 0 2.04541 0.171365 1 44503
25.125 0 6.25 0 0 0 0 2.04855 0.172072 1 44503
25.125 0 6.5 0 0 0 0 2.05169 0.172785 1 45003
25.125 0 6.75 0 0 0 0 2.05529 0.173504 1 45003
25.125 0 7 0 0 0 0 2.06056 0.17431 1 45003
25.125 0 7.25 0 0 0 0 2.06584 0.175167 1 45503
25.125 0 7.5 0 0 0 0 2.07338 0.176033 1 45503
25.125 0 7.75 0 0 0 0 2.08445 0.176907 1 45503
25.125 0 8 0 0 0 0 2.09552 0.17779 1 46003
25.125 0 8.25 0 0 0 0 2.11081 0.178682 1 46003
25.125 0 8.5 0 0 0 0 2.12942 0.179583 1 46503
25.125 0 8.75 0 0 0 0 2.14803 0.180493 1 46503
25.125 0 9 0 0 0 0 2.17278 0.181483 1 46503
25.125 0 9.25 0 0 0 0 2.19939 0.182497 1 47003
25.125 0 9.5 0 0 0 0 2.22677 0.183523 1 47003
25.125 0 9.75 0 0 0 0 2.25803 0.18456 1 47003
25.25 0 0 0 0 0 0 1.66483 0.164643 1 40503
25.25 0 0.25 0 0 0 0 1.70342 0.164564 1 40503
25.25 0 0.5 0 0 0 0 1.73979 0.164485 1 40503
25.25 0 0.75 0 0 0 0 1.77616 0.164406 1 41003
25.25 0 1 0 0 0 0 1.79296 0.164349 1 13003
25.25 0 1.25 0 0 0 0 1.80397 0.164509 1 13003
25.25 0 1.5 0 0 0 0 1.81507 0.164669 1 12503
25.25 0 1.75 0 0 0 0 1.82609 0.16483 1 12503
25.25 0 2 0 0 0 0 1.8387 0.164991 1 12503
25.25 0 2.25 0 0 0 0 1.85167 0.165152 1 12003
25.25 0 2.5 0 0 0 0 1.86451 0.165314 1 12003
25.25 0 2.75 0 0 0 0 1.87805 0.165476 1 12003
25.25 0 3 0 0 0 0 1.89384 0.165715 1 12003
25.25 0 3.25 0 0 0 0 1.90971 0.166152 1 11503
25.25 0 3.5 0 0 0 0 1.9255 0.166591 1 11503
25.25 0 3.75 0 0 0 0 1.94285 0.167032 1 11503
25.25 0 4 0 0 0 0 1.96136 0.167476 1 11503
25.25 0 4.25 0 0 0 0 1.97999 0.167923 1 11003
25.25 0 4.5 0 0 0 0 1.99851 0.168371 1 11003
25.25 0 4.75 0 0 0 0 2.01949 0.168823 1 11003
25.25 0 5 0 0 0 0 2.04094 0.169381 1 11003
25.25 0 5.25 0 0 0 0 2.06254 0.170062 1 10503
25.25 0 5.5 0 0 0 0 2.08399 0.170749 1 10503
25.25 0 5.75 0 0 0 0 2.11071 0.171442 1 10503
25.25 0 6 0 0 0 0 2.17034 0.17214 1 44503
25.25 0 6.25 0 0 0 0 2.16433 0.172844 1 10003
25.25 0 6.5 0 0 0 0 2.17662 0.173554 1 45003
25.25 0 6.75 0 0 0 0 2.1802 0.174269 1 45003
25.25 0 7 0 0 0 0 2.18548 0.175072 1 45003
25.25 0 7.25 0 0 0 0 2.19075 0.175925 1 45503
25.25 0 7.5 0 0 0 0 2.19819 0.176786 1 45503
25.25 0 7.75 0 0 0 0 2.20926 0.177656 1 45503
25.25 0 8 0 0 0 0 2.22033 0.178534 1 46003
25.25 0 8.25 0 0 0 0 2.23539 0.179421 1 46003
25.25 0 8.5 0 0 0 0 2.254 0.180317 1 46503
25.25 0 8.75 0 0 0 0 2.27261 0.181222 1 46503
25.25 0 9 0 0 0 0 2.297 0.182204 1 46503
25.25 0 9.25 0 0 0 0 2.32361 0.18321 1 47003
25.25 0 9.5 0 0 0 0 2.35071 0.184227 1 47003
25.25 0 9.75 0 0 0 0 2.38197 0.185256 1 47003
25.375 0 0 0 0 0 0 1.65522 0.165497 1 13503
25.375 0 0.25 0 0 0 0 1.65739 0.165418 1 13503
25.375 0 0.5 0 0 0 0 1.65964 0.165338 1 13003
25.375 0 0.75 0 0 0 0 1.66181 0.165258 1 13003
25.375 0 1 0 0 0 0 1.66833 0.165201 1 13003
25.375 0 1.25 0 0 0 0 1.67935 0.165358 1 13003
25.375 0 1.5 0 0 0 0 1.69044 0.165515 1 12503
25.375 0 1.75 0 0 0 0 1.70146 0.165673 1 12503
25.375 0 2 0 0 0 0 1.71412 0.165831 1 12503
25.375 0 2.25 0 0 0 0 1.72707 0.165989 1 12003
25.375 0 2.5 0 0 0 0 1.73992 0.166148 1 12003
25.375 0 2.75 0 0 0 0 1.75354 0.166307 1 12003
25.375 0 3 0 0 0 0 1.76933 0.166543 1 12003
25.375 0 3.25 0 0 0 0 1.7852 0.166976 1 11503
25.375 0 3.5 0 0 0 0 1.80098 0.167411 1 11503
25.375 0 3.75 0 0 0 0 1.81843 0.167848 1 11503
25.375 0 4 0 0 0 0 1.83694 0.168288 1 11503
25.375 0 4.25 0 0 0 0 1.85556 0.16873 1 11003
25.375 0 4.5 0 0 0 0 1.87408 0.169174 1 11003
25.375 0 4.75 0 0 0 0 1.89518 0.169621 1 11003
25.375 0 5 0 0 0 0 1.91663 0.170176 1 11003
25.375 0 5.25 0 0 0 0 1.93823 0.170854 1 10503
25.375 0 5.5 0 0 0 0 1.95992 0.171538 1 10503
25.375 0 5.75 0 0 0 0 1.98664 0.172227 1 10503
25.375 0 6 0 0 0 0 2.01354 0.172922 1 10003
25.375 0 6.25 0 0 0 0 2.04026 0.173623 1 10003
25.375 0 6.5 0 0 0 0 2.06776 0.174329 1 10003
25.375 0 6.75 0 0 0 0 2.09839 0.175041 1 10003
25.375 0 7 0 0 0 0 2.12921 0.17584 1 9503
25.375 0 7.25 0 0 0 0 2.15983 0.176688 1 9503
25.375 0 7.5 0 0 0 0 2.1916 0.177545 1 9503
25.375 0 7.75 0 0 0 0 2.22529 0.17841 1 9503
25.375 0 8 0 0 0 0 2.25917 0.179284 1 9003
25.375 0 8.25 0 0 0 0 2.29286 0.180166 1 9003
25.375 0 8.5 0 0 0 0 2.32629 0.181057 1 9003
25.375 0 8.75 0 0 0 0 2.3972 0.181957 1 46503
25.375 0 9 0 0 0 0 2.39311 0.182932 1 8503
25.375 0 9.25 0 0 0 0 2.42522 0.183929 1 8503
25.375 0 9.5 0 0 0 0 2.47466 0.184937 1 47003
25.375 0 9.75 0 0 0 0 2.48462 0.185957 1 8003
25.5 0 0 0 0 0 0 1.53048 0.16636 1 13503
25.5 0 0.25 0 0 0 0 1.53265 0.16628 1 13503
25.5 0 0.5 0 0 0 0 1.5349 0.1662 1 13003
25.5 0 0.75 0 0 0 0 1.53707 0.16612 1 13003
25.5 0 1 0 0 0 0 1.54371 0.166062 1 13003
25.5 0 1.25 0 0 0 0 1.55473 0.166216 1 13003
25.5 0 1.5 0 0 0 0 1.56581 0.16637 1 12503
25.5 0 1.75 0 0 0 0 1.57683 0.166525 1 12503
25.5 0 2 0 0 0 0 1.58953 0.16668 1 12503
25.5 0 2.25 0 0 0 0 1.60248 0.166835 1 12003
25.5 0 2.5 0 0 0 0 1.61533 0.166991 1 12003
25.5 0 2.75 0 0 0 0 1.62903 0.167147 1 12003
25.5 0 3 0 0 0 0 1.64482 0.167379 1 12003
25.5 0 3.25 0 0 0 0 1.66068 0.167808 1 11503
25.5 0 3.5 0 0 0 0 1.67647 0.168239 1 11503
25.5 0 3.75 0 0 0 0 1.694 0.168672 1 11503
25.5 0 4 0 0 0 0 1.71252 0.169107 1 11503
25.5 0 4.25 0 0 0 0 1.73114 0.169545 1 11003
25.5 0 4.5 0 0 0 0 1.74965 0.169985 1 11003
25.5 0 4.75 0 0 0 0 1.77087 0.170427 1 11003
25.5 0 5 0 0 0 0 1.79246 0.170978 1 10503
25.5 0 5.25 0 0 0 0 1.81391 0.171653 1 10503
25.5 0 5.5 0 0 0 0 1.83586 0.172334 1 10503
25.5 0 5.75 0 0 0 0 1.86258 0.17302 1 10503
25.5 0 6 0 0 0 0 1.88946 0.173712 1 10003
25.5 0 6.25 0 0 0 0 1.91619 0.174409 1 10003
25.5 0 6.5 0 0 0 0 1.94391 0.175112 1 10003
25.5 0 6.75 0 0 0 0 1.97454 0.17582 1 10003
25.5 0 7 0 0 0 0 2.00535 0.176614 1 9503
25.5 0 7.25 0 0 0 0 2.03597 0.177459 1 9503
25.5 0 7.5 0 0 0 0 2.06794 0.178311 1 9503
25.5 0 7.75 0 0 0 0 2.10163 0.179172 1 9503
25.5 0 8 0 0 0 0 2.1355 0.180041 1 9003
25.5 0 8.25 0 0 0 0 2.16919 0.180918 1 9003
25.5 0 8.5 0 0 0 0 2.20259 0.181804 1 9003
25.5 0 8.75 0 0 0 0 2.23607 0.182699 1 8503
25.5 0 9 0 0 0 0 2.2694 0.183665 1 8503
25.5 0 9.25 0 0 0 0 2.30129 0.184654 1 8503
25.5 0 9.5 0 0 0 0 2.33093 0.185653 1 8503
25.5 0 9.75 0 0 0 0 2.36067 0.186663 1 8003
25.625 0 0 0 0 0 0 1.40575 0.167232 1 13503
25.625 0 0.25 0 0 0 0 1.40792 0.167151 1 13503
25.625 0 0.5 0 0 0 0 1.41016 0.167071 1 13003
25.625 0 0.75 0 0 0 0 1.41233 0.16699 1 13003
25.625 0 1 0 0 0 0 1.41909 0.166931 1 13003
25.625 0 1.25 0 0 0 0 1.4301 0.167083 1 13003
25.625 0 1.5 0 0 0 0 1.44119 0.167234 1 12503
25.625 0 1.75 0 0 0 0 1.4522 0.167385 1 12503
25.625 0 2 0 0 0 0 1.46495 0.167537 1 12503
25.625 0 2.25 0 0 0 0 1.47789 0.16769 1 12003
25.625 0 2.5 0 0 0 0 1.49073 0.167842 1 12003
25.625 0 2.75 0 0 0 0 1.50452 0.167995 1 12003
25.625 0 3 0 0 0 0 1.52031 0.168224 1 12003
25.625 0 3.25 0 0 0 0 1.53617 0.168648 1 11503
25.625 0 3.5 0 0 0 0 1.55196 0.169075 1 11503
25.625 0 3.75 0 0 0 0 1.56958 0.169504 1 11503
25.625 0 4 0 0 0 0 1.5881 0.169935 1 11503
25.625 0 4.25 0 0 0 0 1.60671 0.170368 1 11003
25.625 0 4.5 0 0 0 0 1.62522 0.170804 1 11003
25.625 0 4.75 0 0 0 0 1.64656 0.171241 1 11003
25.625 0 5 0 0 0 0 1.66814 0.171788 1 10503
25.625 0 5.25 0 0 0 0 1.68959 0.17246 1 10503
25.625 0 5.5 0 0 0 0 1.71179 0.173138 1 10503
25.625 0 5.75 0 0 0 0 1.73851 0.17382 1 10503
25.625 0 6 0 0 0 0 1.76539 0.174508 1 10003
25.625 0 6.25 0 0 0 0 1.79211 0.175202 1 10003
25.625 0 6.5 0 0 0 0 1.82006 0.175901 1 10003
25.625 0 6.75 0 0 0 0 1.85069 0.176606 1 10003
25.625 0 7 0 0 0 0 1.88149 0.177396 1 9503
25.625 0 7.25 0 0 0 0 1.91211 0.178236 1 9503
25.625 0 7.5 0 0 0 0 1.94427 0.179084 1 9503
25.625 0 7.75 0 0 0 0 1.97796 0.179939 1 9503
25.625 0 8 0 0 0 0 2.01183 0.180803 1 9003
25.625 0 8.25 0 0 0 0 2.04552 0.181676 1 9003
25.625 0 8.5 0 0 0 0 2.07889 0.182557 1 9003
25.625 0 8.75 0 0 0 0 2.11236 0.183446 1 8503
25.625 0 9 0 0 0 0 2.14569 0.184404 1 8503
25.625 0 9.25 0 0 0 0 2.17735 0.185384 1 8503
25.625 0 9.5 0 0 0 0 2.20699 0.186374 1 8503
25.625 0 9.75 0 0 0 0 2.23673 0.187375 1 8003
25.75 0 0 0 0 0 0 1.28101 0.168022 1 13503
25.75 0 0.25 0 0 0 0 1.28318 0.167941 1 13503
25.75 0 0.5 0 0 0 0 1.28542 0.16786 1 13003
25.75 0 0.75 0 0 0 0 1.28759 0.167779 1 13003
25.75 0 1 0 0 0 0 1.29446 0.16772 1 13003
25.75 0 1.25 0 0 0 0 1.30548 0.167869 1 13003
25.75 0 1.5 0 0 0 0 1.31656 0.168018 1 12503
25.75 0 1.75 0 0 0 0 1.32757 0.168167 1 12503
25.75 0 2 0 0 0 0 1.34036 0.168317 1 12503
25.75 0 2.25 0 0 0 0 1.3533 0.168467 1 12003
25.75 0 2.5 0 0 0 0 1.36614 0.168617 1 12003
25.75 0 2.75 0 0 0 0 1.38002 0.168768 1 12003
25.75 0 3 0 0 0 0 1.3958 0.168994 1 12003
25.75 0 3.25 0 0 0 0 1.41166 0.169416 1 11503
25.75 0 3.5 0 0 0 0 1.42744 0.16984 1 11503
25.75 0 3.75 0 0 0 0 1.44516 0.170266 1 11503
25.75 0 4 0 0 0 0 1.46368 0.170694 1 11503
25.75 0 4.25 0 0 0 0 1.48228 0.171124 1 11003
25.75 0 4.5 0 0 0 0 1.5008 0.171556 1 11003
25.75 0 4.75 0 0 0 0 1.52225 0.171991 1 11003
25.75 0 5 0 0 0 0 1.54382 0.172534 1 10503
25.75 0 5.25 0 0 0 0 1.56527 0.173204 1 10503
25.75 0 5.5 0 0 0 0 1.58773 0.173879 1 10503
25.75 0 5.75 0 0 0 0 1.61445 0.174559 1 10503
25.75 0 6 0 0 0 0 1.64131 0.175245 1 10003
25.75 0 6.25 0 0 0 0 1.66804 0.175935 1 10003
25.75 0 6.5 0 0 0 0 1.69621 0.176632 1 10003
25.75 0 6.75 0 0 0 0 1.72684 0.177334 1 10003
25.75 0 7 0 0 0 0 1.75763 0.178121 1 9503
25.75 0 7.25 0 0 0 0 1.78825 0.178958 1 9503
25.75 0 7.5 0 0 0 0 1.82061 0.179803 1 9503
25.75 0 7.75 0 0 0 0 1.8543 0.180656 1 9503
25.75 0 8 0 0 0 0 1.88815 0.181517 1 9003
25.75 0 8.25 0 0 0 0 1.92184 0.182386 1 9003
25.75 0 8.5 0 0 0 0 1.9552 0.183263 1 9003
25.75 0 8.75 0 0 0 0 1.98866 0.18415 1 8503
25.75 0 9 0 0 0 0 2.02199 0.185103 1 8503
25.75 0 9.25 0 0 0 0 2.05341 0.186077 1 8503
25.75 0 9.5 0 0 0 0 2.08305 0.187061 1 8503
25.75 0 9.75 0 0 0 0 2.11279 0.188056 1 8003
25.875 0 0 0 0 0 0 1.15628 0.168813 1 13503
25.875 0 0.25 0 0 0 0 1.15845 0.168731 1 13503
25.875 0 0.5 0 0 0 0 1.16068 0.16865 1 13003
25.875 0 0.75 0 0 0 0 1.16285 0.168568 1 13003
25.875 0 1 0 0 0 0 1.16984 0.168508 1 13003
25.875 0 1.25 0 0 0 0 1.18085 0.168655 1 13003
25.875 0 1.5 0 0 0 0 1.19193 0.168802 1 12503
25.875 0 1.75 0 0 0 0 1.20294 0.168949 1 12503
25.875 0 2 0 0 0 0 1.21577 0.169097 1 12503
25.875 0 2.25 0 0 0 0 1.2287 0.169245 1 12003
25.875 0 2.5 0 0 0 0 1.24155 0.169393 1 12003
25.875 0 2.75 0 0 0 0 1.25551 0.169541 1 12003
25.875 0 3 0 0 0 0 1.27129 0.169765 1 12003
25.875 0 3.25 0 0 0 0 1.28714 0.170184 1 11503
25.875 0 3.5 0 0 0 0 1.30293 0.170604 1 11503
25.875 0 3.75 0 0 0 0 1.32074 0.171027 1 11503
25.875 0 4 0 0 0 0 1.33926 0.171452 1 11503
25.875 0 4.25 0 0 0 0 1.35786 0.171879 1 11003
25.875 0 4.5 0 0 0 0 1.37649 0.172309 1 11003
25.875 0 4.75 0 0 0 0 1.39794 0.17274 1 11003
25.875 0 5 0 0 0 0 1.4195 0.173281 1 10503
25.875 0 5.25 0 0 0 0 1.44095 0.173948 1 10503
25.875 0 5.5 0 0 0 0 1.46366 0.174621 1 10503
25.875 0 5.75 0 0 0 0 1.49039 0.175298 1 10503
25.875 0 6 0 0 0 0 1.51724 0.175981 1 10003
25.875 0 6.25 0 0 0 0 1.54396 0.176669 1 10003
25.875 0 6.5 0 0 0 0 1.57236 0.177363 1 10003
25.875 0 6.75 0 0 0 0 1.60299 0.178062 1 10003
25.875 0 7 0 0 0 0 1.63377 0.178847 1 9503
25.875 0 7.25 0 0 0 0 1.66439 0.179681 1 9503
25.875 0 7.5 0 0 0 0 1.69695 0.180523 1 9503
25.875 0 7.75 0 0 0 0 1.73064 0.181373 1 9503
25.875 0 8 0 0 0 0 1.76448 0.182231 1 9003
25.875 0 8.25 0 0 0 0 1.79817 0.183097 1 9003
25.875 0 8.5 0 0 0 0 1.8315 0.183971 1 9003
25.875 0 8.75 0 0 0 0 1.86495 0.184854 1 8503
25.875 0 9 0 0 0 0 1.89828 0.185802 1 8503
25.875 0 9.25 0 0 0 0 1.92947 0.186771 1 8503
25.875 0 9.5 0 0 0 0 1.95911 0.187749 1 8503
25.875 0 9.75 0 0 0 0 1.98884 0.188738 1 8003
